01/01/2016,Dia do Município,MUNICIPAL,"Dia do Municipio de Lindóia do Sul, segundo decreto 55/1990",SC,4209854
02/01/2016,Dia de Bom Jesus dos Navegantes,MUNICIPAL,"Feriado municipal instituído pelo Artigo 284 da Lei Orgânica do Município de Touros. A data celebra o padroeiro local, Bom Jesus dos Navegantes, e marca o encerramento da maior festividade religiosa da cidade, reconhecida como Patrimônio Cultural e Imaterial do Rio Grande do Norte pela Lei Estadual nº 11.706/2024.",RN,2414407
02/01/2016,Dia dos Pescadores e Marisqueiras,MUNICIPAL,"Feriado municipal dedicado aos pescadores e marisqueiras de Salinas da Margarida, reconhecendo a importância vital desta atividade para a economia e cultura local. A celebração integra o calendário oficial de feriados do município, conforme legislação local que institui as datas comemorativas da cidade.",BA,2927309
02/01/2016,Emancipação Política de Bacuri,MUNICIPAL,"Feriado municipal em comemoração ao aniversário de emancipação política e instalação do município de Bacuri, ocorrida em 2 de janeiro de 1962. A autonomia administrativa foi conquistada por meio da Lei Estadual nº 2.167, de 26 de dezembro de 1961, desmembrando-se do território de Guimarães.",MA,2101301
02/01/2016,Emancipação Política de Inajá,MUNICIPAL,"Comemoração oficial do aniversário de emancipação política de Inajá, ocorrida em 2 de janeiro de 1949. A data celebra a independência administrativa do município em relação ao território de Moxotó.",PE,2607000
02/01/2016,Emancipação Política de Maravilha,MUNICIPAL,"Feriado municipal em comemoração à emancipação política do município de Maravilha, ocorrida em 2 de janeiro de 1959. A autonomia administrativa foi estabelecida após o desmembramento do território de Santana do Ipanema, conforme os termos da Lei Estadual nº 2.138/1958.",AL,2704609
02/01/2016,Festa do Senhor do Bonfim,MUNICIPAL,"Feriado municipal em honra ao Senhor do Bonfim, uma das festividades religiosas mais antigas e tradicionais do Ceará. O dia 2 de janeiro marca o ápice das celebrações no município de Icó, com missas e procissões que atraem romeiros de diversas regiões.",CE,2305407
02/01/2016,Instalação do Município de Lagoa Nova,MUNICIPAL,"Feriado municipal que celebra a instalação administrativa e posse do primeiro prefeito de Lagoa Nova em 2 de janeiro de 1963. Embora a Lei Estadual nº 2.777 de 1962 tenha criado o município, a tradição local e o Decreto Municipal nº 001/1981 consagram o dia 2 de janeiro como a data oficial de celebração da autonomia política.",RN,2406502
03/01/2016,Aniversário de Ananindeua,MUNICIPAL,"Feriado municipal em comemoração ao aniversário de emancipação política de Ananindeua. A data celebra a elevação do então distrito à categoria de município em 3 de janeiro de 1944, conforme o Decreto-Lei Estadual nº 4.505. O feriado é formalmente instituído pela Lei Municipal nº 584, de 16 de junho de 1975.",PA,1500800
03/01/2016,Dia de Santa Genoveva (Padroeira),MUNICIPAL,"Feriado municipal em honra a Santa Genoveva, padroeira oficial de Irapuru. A cidade é reconhecida por ter um dos primeiros feriados religiosos do calendário anual no Brasil (3 de janeiro), dedicado à liturgia da santa que também é padroeira de Paris. Embora o aniversário da cidade seja em maio, o dia da padroeira é feriado local consolidado.",SP,3521606
03/01/2016,Emancipação Política de Jardim,MUNICIPAL,"Feriado municipal em celebração à emancipação política de Jardim, ocorrida em 3 de janeiro de 1816. A data marca a instalação da Vila após o desmembramento da antiga jurisdição da Vila Real do Crato. As festividades são de caráter cívico e religioso, incluindo tradicionalmente o hasteamento de pavilhões e missa solene em ação de graças na Igreja Matriz de Santo Antônio, padroeiro da cidade (embora a emancipação seja o feriado civil de janeiro).",CE,2307106
04/01/2016,Dia do Municipio,MUNICIPAL,"Dia do Aniversário da Cidade de União do Oeste, conforme lei 344, de 15 de outubro de 1997",SC,4218855
04/01/2016,Feriado Municipal,MUNICIPAL,,GO,5208806
04/01/2016,Feriado Municipal,MUNICIPAL,,PB,2508307
04/01/2016,Feriado Municipal,MUNICIPAL,,RS,4317400
04/01/2016,Feriado Municipal,MUNICIPAL,,RS,4318101
05/01/2016,Aniversário de Sanclerlândia,MUNICIPAL,"Feriado municipal que celebra a emancipação política e administrativa do município de Sanclerlândia. O município foi criado pela Lei Estadual nº 4.897, de 13 de novembro de 1963, e formalmente instalado em 1º de janeiro de 1964. Contudo, a legislação municipal e a tradição cívica local consolidaram o dia 05 de janeiro como a data oficial para as comemorações do aniversário da cidade, sendo feriado instituído para celebrar a autonomia da municipalidade.",GO,5219001
06/01/2016,Aniversário de Alegre,MUNICIPAL,"Feriado municipal comemorativo ao aniversário de fundação do município de Alegre, ocorrido em 06 de janeiro de 1891.",ES,3200201
06/01/2016,Aniversário de Angra dos Reis,MUNICIPAL,"Feriado municipal em celebração ao aniversário da cidade de Angra dos Reis, fundada em 06 de janeiro de 1502. É um dos feriados cívicos mais antigos e importantes da região Costa Verde, regido pela Lei Municipal nº 260/1960.",RJ,3300100
06/01/2016,Aniversário de Morro Agudo,MUNICIPAL,"Feriado municipal que comemora o aniversário de emancipação e fundação do município de Morro Agudo, ocorrida em 06 de janeiro de 1895, conforme estabelecido na Lei Orgânica e legislação municipal correlata.",SP,3531902
06/01/2016,Dia de Reis,MUNICIPAL,"Feriado religioso dedicado aos Santos Reis Magos, marco tradicional no calendário de eventos do município de Cipó.",BA,2907905
06/01/2016,Dia de Reis,MUNICIPAL,"Feriado municipal instituído em virtude das celebrações religiosas e culturais da Epifania (Dia de Reis), de grande relevância para a comunidade local.",BA,2910750
06/01/2016,Dia de Reis,MUNICIPAL,"Feriado municipal que celebra a tradição religiosa da Epifania, marcando o encerramento do ciclo natalino no município de Itapuranga.",GO,5211206
06/01/2016,Dia de Reis,MUNICIPAL,Feriado municipal em Alenquer destinado às comemorações da Epifania do Senhor e tradições dos Reis Magos.,PA,1500404
06/01/2016,Dia de Reis,MUNICIPAL,"Feriado municipal estabelecido pela Lei Municipal nº 113/1973, consagrado à celebração dos Santos Reis Magos e à tradicional festividade religiosa que movimenta a cultura local.",PB,2501500
06/01/2016,Dia de Reis,MUNICIPAL,"Feriado municipal amparado pela Lei Municipal nº 260/1997, celebrando a tradicional Festa de Reis, marco cultural e religioso de extrema importância para a comunidade de Caiçara.",PB,2503605
06/01/2016,Dia de Reis,MUNICIPAL,"Feriado religioso municipal dedicado aos Santos Reis, conforme o calendário oficial de feriados do município de Queimadas.",PB,2512507
06/01/2016,Dia de Reis,MUNICIPAL,"Feriado municipal dedicado às festividades religiosas da Epifania do Senhor, em honra aos Santos Reis, conforme costume consolidado no calendário oficial do município.",PE,2602407
06/01/2016,Dia de Reis,MUNICIPAL,"Feriado municipal em homenagem aos Reis Magos, integrando as festividades tradicionais do calendário religioso e cultural de Carpina.",PE,2604007
06/01/2016,Dia de Reis,MUNICIPAL,"Feriado municipal em celebração aos Santos Reis, integrando o calendário oficial de eventos religiosos de Cupira e celebrando a tradição da Epifania.",PE,2605004
06/01/2016,Dia de Reis,MUNICIPAL,"Feriado municipal amparado pela Lei nº 245/1963, dedicado às comemorações religiosas dos Santos Reis Magos e às manifestações culturais da Epifania.",PE,2609006
06/01/2016,Dia de Reis,MUNICIPAL,"Feriado municipal conforme a Lei nº 477/1985, celebrando a tradição religiosa da Epifania do Senhor e a devoção aos Reis Magos na cidade de Pedra.",PE,2610806
06/01/2016,Dia de Reis,MUNICIPAL,Instituído como feriado municipal em São Bento do Una para a celebração religiosa da Epifania e das tradições vinculadas aos Santos Reis.,PE,2613008
06/01/2016,Dia de Reis,MUNICIPAL,"Feriado religioso municipal em honra aos Santos Reis, preservando a identidade cultural, a fé da população e as tradições ligadas ao ciclo natalino em São Joaquim do Monte.",PE,2613305
06/01/2016,Dia de Reis,MUNICIPAL,"Feriado municipal instituído pela Lei nº 280/1973, em homenagem aos Santos Reis, data de grande relevância espiritual e cultural para a comunidade egipciana.",PE,2613602
06/01/2016,Dia de Reis,MUNICIPAL,"Feriado municipal instituído pela Lei Municipal nº 505/2005, em celebração à data religiosa de Santos Reis e à Epifania do Senhor no município de Saldanha Marinho.",RS,4316436
06/01/2016,Dia de Santos Reis,MUNICIPAL,"Feriado municipal dedicado à celebração da Epifania do Senhor e à figura dos Reis Magos, consolidado na tradição regional de Poço das Trincheiras.",AL,2707206
06/01/2016,Dia de Santos Reis,MUNICIPAL,"Feriado religioso em homenagem aos Santos Reis, co-padroeiros ou figuras de devoção central na cultura religiosa do município de São José da Laje.",AL,2708303
06/01/2016,Dia de Santos Reis,MUNICIPAL,"Celebração do Dia de Reis, feriado municipal que reconhece a tradição da Folia de Reis e a importância religiosa da data para o município de Rio Real.",BA,2927002
06/01/2016,Dia de Santos Reis,MUNICIPAL,"Feriado municipal destinado às celebrações da Epifania do Senhor e à tradição dos Reis Magos, marco de profunda relevância cultural e religiosa para a população de Paraibano.",MA,2107704
06/01/2016,Dia de Santos Reis,MUNICIPAL,"Feriado municipal em Arceburgo dedicado à celebração religiosa dos Santos Reis, mantendo viva a tradição cultural mineira da Folia de Reis.",MG,3104106
06/01/2016,Dia de Santos Reis,MUNICIPAL,"Feriado religioso municipal em Campo Florido, celebrando a tradição dos Reis Magos e as manifestações culturais de Folia de Reis locais.",MG,3111408
06/01/2016,Dia de Santos Reis,MUNICIPAL,"Feriado religioso municipal em Itamogi, reconhecendo a importância da data de Santos Reis para a fé e cultura da população local.",MG,3132909
06/01/2016,Dia de Santos Reis,MUNICIPAL,"Feriado municipal religioso em Monte Santo de Minas, consagrado à visitação dos Reis Magos ao Menino Jesus, feriado tradicional na região.",MG,3143203
06/01/2016,Dia de Santos Reis,MUNICIPAL,"Feriado municipal em São Bento Abade dedicado aos Santos Reis Magos, em harmonia com as tradições católicas do município.",MG,3160801
06/01/2016,Dia de Santos Reis,MUNICIPAL,"Feriado municipal dedicado à celebração religiosa da Epifania, conforme consolidado na tradição do município de São Pedro da União.",MG,3163904
06/01/2016,Dia de Santos Reis,MUNICIPAL,"Feriado municipal instituído pela Lei Municipal nº 046/1987, que consagra o dia 06 de janeiro à celebração dos Santos Reis em Bodoquena.",MS,5002159
06/01/2016,Dia de Santos Reis,MUNICIPAL,"Feriado municipal instituído pela Lei Municipal nº 032/1989, celebrando a data religiosa de Santos Reis, que fundamenta tradicionais festividades e manifestações de fé no município.",PB,2507101
06/01/2016,Dia de Santos Reis,MUNICIPAL,"Feriado municipal religioso em homenagem aos Santos Reis, integrando as festividades tradicionais da região que celebram a Epifania do Senhor.",PB,2516409
06/01/2016,Dia de Santos Reis,MUNICIPAL,"Celebração religiosa oficializada como feriado municipal em honra aos Reis Magos, conforme tradição secular do calendário litúrgico católico integrada à legislação local.",PB,2517001
06/01/2016,Dia de Santos Reis,MUNICIPAL,"Feriado municipal em honra aos Santos Reis, figuras de devoção central em Canguaretama, marcando o encerramento das festividades da Epifania com celebrações litúrgicas e populares.",RN,2402204
06/01/2016,Dia de Santos Reis,MUNICIPAL,"Feriado municipal dedicado à celebração dos Reis Magos, consolidado pela tradição religiosa potiguar e integrado ao calendário oficial de Martins.",RN,2407401
06/01/2016,Dia de Santos Reis,MUNICIPAL,conforme o Decreto n.º 10.599 de 09 de janeiro de 2015,RN,2408102
06/01/2016,Dia de Santos Reis,MUNICIPAL,"Feriado religioso municipal que marca o encerramento do ciclo natalino e a homenagem aos Reis Magos, de grande importância para a fé e cultura local.",RN,2412302
06/01/2016,Dia de Santos Reis,MUNICIPAL,"Feriado municipal em honra aos Santos Reis, celebrando a tradicional Festa de Reis do município, um dos eventos culturais mais significativos de Itabaianinha.",SE,2803005
06/01/2016,Dia de Santos Reis,MUNICIPAL,"Feriado municipal tradicional em honra aos Reis Magos, associado às manifestações culturais folclóricas e religiosas de grande relevância em Japaratuba.",SE,2803302
06/01/2016,Dia de Santos Reis,MUNICIPAL,"Feriado municipal dedicado às festividades da Epifania do Senhor e à devoção aos Reis Magos, integrando o patrimônio imaterial da cidade de Nossa Senhora da Glória.",SE,2804508
06/01/2016,Dia de Santos Reis,MUNICIPAL,"Feriado religioso municipal em honra aos Santos Reis Magos, celebrando a tradição cristã da Epifania do Senhor, conforme costume consolidado na legislação municipal e tradição local.",SP,3510906
06/01/2016,Dia de Santos Reis,MUNICIPAL,"Feriado municipal celebrando a visita dos Reis Magos ao Menino Jesus, preservando as tradições da Folia de Reis e a identidade religiosa de Dolcinópolis.",SP,3514205
06/01/2016,Dia de Santos Reis,MUNICIPAL,"Feriado religioso municipal dedicado aos Reis Magos, marcando as celebrações tradicionais da Folia de Reis e a cultura local de Florínia.",SP,3516101
06/01/2016,Dia de Santos Reis,MUNICIPAL,"Feriado municipal dedicado à celebração da Epifania, consolidado pela legislação e tradições religiosas do Vale do Ribeira no município de Iguape.",SP,3520301
06/01/2016,Dia de Santos Reis,MUNICIPAL,"Feriado municipal celebrando a tradição religiosa de Reis, fundamental para a identidade cultural e manifestações de fé da comunidade de Nhandeara.",SP,3532603
06/01/2016,Dia de Santos Reis,MUNICIPAL,"Feriado municipal em celebração ao Dia de Reis, amparado pela tradição religiosa e legislado para preservar o patrimônio cultural e imaterial das festividades de Folia de Reis na cidade.",SP,3534906
06/01/2016,Dia de Santos Reis,MUNICIPAL,"Feriado municipal em Santo Antônio da Alegria dedicado à celebração litúrgica dos Santos Reis, peça central do calendário cultural e religioso do município.",SP,3547908
06/01/2016,Feriado Municipal,MUNICIPAL,,SP,3516804
06/01/2016,Feriado Municipal,MUNICIPAL,,SP,3532801
06/01/2016,Festa de Reis,MUNICIPAL,"Tradicional feriado municipal dedicado aos Santos Reis, integrando o calendário oficial de eventos religiosos do município de Aporá.",BA,2901908
06/01/2016,Fundação da Cidade e Dia de Santos Reis,MUNICIPAL,"Feriado municipal que comemora simultaneamente a fundação da cidade de Criciúma (06 de janeiro de 1880) e o dia religioso de Santos Reis, conforme Lei Municipal nº 1.933/1983.",SC,4204608
07/01/2016,Aniversário da Cidade (Emancipação de Peçanha),MUNICIPAL,"Feriado municipal que celebra o aniversário de Peçanha, conforme estabelecido no Art. 174 da Lei Orgânica do Município (com redação dada pela Emenda de 13/12/2016). A data comemora a instalação administrativa ocorrida em 7 de janeiro de 1881, marcando a autonomia do município no Vale do Rio Doce.",MG,3148608
07/01/2016,Aniversário de Santa Izabel do Pará,MUNICIPAL,"Feriado municipal em comemoração ao aniversário de fundação e emancipação política do município de Santa Izabel do Pará, ocorrida em 7 de janeiro de 1934, conforme estabelecido pelo Decreto Estadual nº 1.151.",PA,1506500
07/01/2016,Dia da Instalação do Município de Carangola,MUNICIPAL,"Feriado municipal que comemora a instalação político-administrativa de Carangola, ocorrida em 7 de janeiro de 1882. A data celebra a transição da antiga Freguesia de Santa Luzia para a condição de vila autônoma, sendo reconhecida anualmente como feriado civil pela legislação municipal e ratificada pelo calendário oficial do Tribunal de Justiça de Minas Gerais.",MG,3113305
07/01/2016,Dia de São Thomaz de Cantuária,MUNICIPAL,"Feriado municipal em celebração a São Thomaz de Cantuária, Padroeiro de Camaçari. A data é oficialmente reconhecida pela legislação municipal, incluindo a Lei nº 283/1993, que consolida os feriados locais em honra às tradições religiosas e à identidade cultural da cidade, mantendo viva a devoção iniciada no século XVIII.",BA,2905701
07/01/2016,Emancipação Política de Mantenópolis,MUNICIPAL,"Feriado municipal em comemoração à instalação oficial do município de Mantenópolis, ocorrida em 7 de janeiro de 1954. A criação da unidade administrativa foi autorizada pela Lei Estadual nº 779, de 29 de dezembro de 1953, consolidando a autonomia da 'Cidade da Paz' e marcando o fim das disputas territoriais na região do contestado.",ES,3203304
07/01/2016,Festa do Padroeiro Bom Jesus dos Pobres Aflitos,MUNICIPAL,"Feriado municipal instituído pela Lei Municipal nº 1.403, de 1986, que estabelece os dias 6 e 7 de janeiro como feriados dedicados às festividades do Padroeiro, Bom Jesus dos Pobres Aflitos. O dia 7 de janeiro marca o encerramento da tradicional festa religiosa, uma das manifestações de fé mais antigas e expressivas do agreste pernambucano.",PE,2613008
07/01/2016,Independência de Itaparica (Data Magna),MUNICIPAL,"Feriado municipal considerado a 'Data Magna' da cidade, celebrando a histórica Batalha de Itaparica de 7 de janeiro de 1823. A celebração homenageia heróis populares como Maria Felipa e a resistência dos itaparicanos que derrotaram as tropas portuguesas, sendo um pilar fundamental para a consolidação da Independência da Bahia e do Brasil.",BA,2916104
09/01/2016,Aniversário da Emancipação de Embaúba,MUNICIPAL,"Feriado municipal instituído para celebrar a emancipação político-administrativa de Embaúba, ocorrida em 9 de janeiro de 1990 através da Lei Estadual nº 6.645. O feriado foi oficialmente estabelecido pela Lei Municipal nº 163, de 20 de setembro de 1994, comemorando a independência do município em relação a Cajobi.",SP,3514957
09/01/2016,Aniversário da Emancipação de Iaras,MUNICIPAL,"Feriado municipal que celebra a emancipação político-administrativa de Iaras, formalmente instituída pela Lei Estadual nº 6.645, de 9 de janeiro de 1990. A data foi fixada como feriado local pela Lei Municipal nº 08, de 5 de março de 1993, comemorando a autonomia conquistada pelo município em relação a Águas de Santa Bárbara.",SP,3519253
09/01/2016,Aniversário de Emancipação de Centralina,MUNICIPAL,"Feriado municipal em celebração ao aniversário de emancipação político-administrativa de Centralina. Embora o município tenha sido criado pela Lei Estadual nº 1.039 em dezembro de 1953, a data de 9 de janeiro de 1954 marca sua instalação oficial e conquista definitiva de autonomia frente a Canápolis, sendo feriado conforme a legislação local.",MG,3115805
09/01/2016,Dia da Emancipação Política de Itaporanga,MUNICIPAL,"Feriado municipal que comemora a instalação oficial do município em 9 de janeiro de 1865, após seu desmembramento de Piancó conforme a Lei Provincial nº 104 de 1863. A data é a principal celebração cívica da cidade, representando sua autonomia no Vale do Piancó, sendo ratificada pela Lei Municipal nº 925/2016.",PB,2507002
09/01/2016,Dia da Emancipação de Euclides da Cunha Paulista,MUNICIPAL,"Feriado municipal em homenagem à emancipação política de Euclides da Cunha Paulista, ocorrida em 9 de janeiro de 1990 sob a égide da Lei Estadual nº 6.645. O dia foi fixado como feriado local pela Lei Municipal nº 024, de 30 de abril de 1993.",SP,3515350
09/01/2016,Dia da Emancipação de São Miguel do Passa Quatro,MUNICIPAL,"Feriado municipal que celebra a criação do município de São Miguel do Passa Quatro, oficializada pela Lei Estadual nº 10.432, de 9 de janeiro de 1988. A data marca o desmembramento do antigo distrito do território de Silvânia, consolidando sua identidade administrativa e política no estado de Goiás.",GO,5220264
10/01/2016,Aniversário de Aliança do Tocantins,MUNICIPAL,"Feriado municipal que celebra a emancipação política de Aliança do Tocantins, ocorrida em 10 de janeiro de 1988. A data marca a autonomia do antigo distrito, que se desmembrou de Gurupi.",TO,1700350
10/01/2016,Aniversário de Matutina,MUNICIPAL,"Feriado municipal em comemoração ao aniversário de fundação e emancipação de Matutina. A data é oficialmente reconhecida pelo calendário de feriados do município (ex: Decreto Municipal nº 008/2021), celebrando a instalação da cidade.",MG,3141207
10/01/2016,Aniversário de Serra Dourada,MUNICIPAL,"Comemoração da emancipação política do município de Serra Dourada, ocorrida em 10 de janeiro de 1962, data em que a cidade obteve sua autonomia administrativa ao desmembrar-se do município de Santana.",BA,2930303
10/01/2016,Dia de São Gonçalo do Amarante,MUNICIPAL,Celebração do dia do padroeiro do município de Caém. O feriado é dedicado a homenagens religiosas e festividades populares em honra a São Gonçalo do Amarante.,BA,2905107
10/01/2016,Dia de São Gonçalo do Amarante,MUNICIPAL,"Feriado municipal em honra ao padroeiro São Gonçalo do Amarante. A festividade é pilar da identidade religiosa local, atraindo devotos e mantendo viva a tradição que nomeia a cidade.",BA,2929305
10/01/2016,Dia de São Gonçalo do Amarante,MUNICIPAL,"Feriado religioso em comemoração ao padroeiro São Gonçalo do Amarante. A devoção remonta ao antigo nome do povoado, São Gonçalo do Brejo das Almas, consolidando a importância histórica da data para a comunidade.",MG,3126703
10/01/2016,Dia de São Gonçalo do Amarante,MUNICIPAL,"Feriado municipal dedicado ao padroeiro da cidade, São Gonçalo do Amarante. A data é celebrada anualmente com ritos religiosos e festejos que mobilizam a população local.",MG,3161809
10/01/2016,Dia de São Gonçalo do Amarante,MUNICIPAL,"Feriado religioso em honra a São Gonçalo do Amarante, santo padroeiro de São Gonçalo do Sapucaí. A celebração é uma das mais tradicionais da região, fundamentada na devoção católica que deu origem ao nome do município.",MG,3162005
10/01/2016,Dia de São Gonçalo do Amarante,MUNICIPAL,"Celebração litúrgica em honra a São Gonçalo do Amarante, padroeiro de Virgolândia. O feriado está consolidado no calendário municipal como dia de guarda e tradição religiosa.",MG,3171907
10/01/2016,Dia de São Gonçalo do Amarante,MUNICIPAL,"Feriado municipal dedicado ao padroeiro São Gonçalo do Amarante. A festividade é o ápice do Ciclo de São Gonçalo em Itapissuma, incluindo a tradicional 'Levada do Santo', tradição iniciada em 1861 e reconhecida como patrimônio cultural local.",PE,2607752
10/01/2016,Dia de São Gonçalo do Amarante,MUNICIPAL,Feriado municipal em homenagem ao padroeiro São Gonçalo do Amarante. A data é celebrada com festividades religiosas que fazem parte da herança cultural de Regeneração.,PI,2208809
10/01/2016,Dia de São Gonçalo do Amarante,MUNICIPAL,"Feriado municipal em honra ao padroeiro da cidade, São Gonçalo do Amarante, conforme estabelecido pela Lei Municipal nº 434, de 20 de março de 2012.",RJ,3304904
10/01/2016,Emancipação Política de Jaguaribara,MUNICIPAL,"Feriado municipal em celebração à emancipação política de Jaguaribara, oficializada pela Lei Estadual nº 3.553, de 10 de janeiro de 1957.",CE,2306801
12/01/2016,Aniversário de Belém (Ponto Facultativo),MUNICIPAL,"Celebração solene da fundação da cidade de Belém, ocorrida em 12 de janeiro de 1616 pelo capitão-mor Francisco Caldeira Castelo Branco com a fundação do Forte do Presépio. Embora seja a data magna da capital paraense, a Lei Municipal nº 6.306, de 01 de março de 1967, não a instituiu originalmente como feriado civil, sendo tradicionalmente decretada pela Prefeitura como ponto facultativo para os órgãos da administração pública. Projetos de lei recentes (como o PL 1867/2021) buscaram oficializá-la como feriado, mas a data permanece predominantemente como um dia de celebração histórica com regime de ponto facultativo.",PA,1501402
12/01/2016,Aniversário de Iporanga,MUNICIPAL,"Comemoração do aniversário de fundação e emancipação político-administrativa do município de Iporanga, ocorrida historicamente em 12 de janeiro. A data celebra a autonomia do município e sua relevância histórica no Vale do Ribeira, sendo oficialmente reconhecida como feriado municipal em conformidade com a Lei Orgânica e decretos anuais (como o Decreto Municipal nº 1.411/2025).",SP,3521200
13/01/2016,Aniversário de Emancipação Política de Tejuçuoca,MUNICIPAL,"Feriado municipal em comemoração ao aniversário de emancipação política de Tejuçuoca. O município foi criado pela Lei Estadual nº 11.411, de 1º de julho de 1987 (com nova redação dada pela Lei nº 11.414, de 28 de dezembro de 1987), desmembrando-se do território de Itapajé. A data de 13 de janeiro é o marco oficial das festividades de aniversário e autonomia administrativa, sendo reiterada anualmente por decretos municipais, como o Decreto nº 01/2026, que oficializa o feriado. A celebração valoriza a história da 'Capital do Bode' e sua trajetória de desenvolvimento no norte cearense.",CE,2313351
14/01/2016,Aniversário de Bom Retiro,MUNICIPAL,"Feriado municipal que celebra a instalação oficial do município de Bom Retiro, ocorrida em 14 de janeiro de 1923. A data é formalmente estabelecida pela Lei Municipal nº 477, de 17 de janeiro de 1977, sendo tradicionalmente comemorada com eventos cívicos e culturais.",SC,4202602
14/01/2016,Aniversário de Miguelópolis,MUNICIPAL,"Feriado municipal dedicado às celebrações do aniversário da cidade de Miguelópolis. A data é reconhecida pelo calendário administrativo local, conforme ratificado pelo Decreto Municipal nº 7.501/2026, comemorando a trajetória histórica e o desenvolvimento do município paulista.",SP,3529708
14/01/2016,Aniversário de Paço do Lumiar,MUNICIPAL,"Feriado municipal em comemoração ao aniversário de emancipação política e administrativa do município de Paço do Lumiar. A data celebra a autonomia conquistada em 14 de janeiro de 1959, sendo um marco histórico para a identidade e o desenvolvimento da cidade no estado do Maranhão.",MA,2107506
14/01/2016,Dia da Emancipação Política de Cruz,MUNICIPAL,"Feriado municipal em comemoração à emancipação política de Cruz, ocorrida em 14 de janeiro de 1985 através da Lei Estadual nº 11.004. A data é oficialmente protegida pela Lei Municipal nº 020/1987, celebrando o marco histórico em que a localidade obteve sua autonomia administrativa ao desmembrar-se do município de Acaraú.",CE,2304251
14/01/2016,Dia do Imigrante (Aniversário de Mucajaí),MUNICIPAL,Feriado municipal que celebra o Dia do Imigrante e o aniversário de fundação do município de Mucajaí. A data presta homenagem aos pioneiros e colonos que estabeleceram o Núcleo Agrícola de Mucajaí a partir de 1951. O feriado é confirmado anualmente pelo calendário oficial do Tribunal de Justiça do Estado de Roraima (TJRR) e por decretos municipais de gestão administrativa.,RR,1400308
14/01/2016,Festa do Padroeiro Bom Jesus dos Aflitos,MUNICIPAL,"Feriado religioso municipal em honra ao Senhor Bom Jesus dos Aflitos, padroeiro da cidade de Exu. A celebração é reconhecida pela Lei Municipal nº 1.226/2014 e representa o encerramento da tradicional festa religiosa que mobiliza a comunidade local em atos de fé e tradição cultural, sendo o principal evento do calendário litúrgico do município.",PE,2605301
15/01/2016,Aniversário de Palmeiras,MUNICIPAL,"Feriado municipal comemorativo da emancipação política de Palmeiras, ocorrida em 15 de janeiro de 1891. A celebração destaca a importância histórica do município no contexto da Chapada Diamantina e sua autonomia administrativa, conforme previsto na Lei Orgânica Municipal.",BA,2923506
15/01/2016,Aniversário de Unaí,MUNICIPAL,"Comemoração do aniversário de emancipação política e administrativa do município de Unaí, ocorrida em 15 de janeiro de 1944. O feriado é ratificado pela Lei Municipal nº 2.760/2011.",MG,3170404
15/01/2016,Aniversário do Município,MUNICIPAL,"Feriado municipal que comemora a conquista da autonomia política de Lima Campos em 15 de janeiro de 1962. A data, estabelecida pela Lei nº 225/1984, celebra a história de desmembramento do território e o desenvolvimento da soberania local, sendo a principal efeméride civil do calendário municipal.",MA,2106003
15/01/2016,Dia de Santo Amaro,MUNICIPAL,"Feriado municipal de natureza religiosa em homenagem a Santo Amaro, padroeiro de Maribondo. Estabelecido em conformidade com a Lei Orgânica Municipal e os preceitos da Lei Federal nº 9.093/1995, o dia é marcado por tradicionais procissões e eventos que compõem o calendário oficial da prefeitura.",AL,2704807
15/01/2016,Dia de Santo Amaro,MUNICIPAL,"Feriado municipal instituído pela Lei Municipal nº 1.247/2015 em homenagem a Santo Amaro, padroeiro de Jaboatão dos Guararapes. A legislação municipal reconhece a data como feriado religioso oficial, respeitando o limite máximo de quatro feriados anuais facultados aos municípios pela Lei Federal nº 9.093/1995.",PE,2607901
15/01/2016,Dia de Santo Amaro,MUNICIPAL,"Feriado municipal dedicado a Santo Amaro, padroeiro de Sirinhaém. A celebração é amparada pela Lei Federal nº 9.093/1995 como feriado religioso de tradição local, representando uma das manifestações de fé mais antigas do litoral sul pernambucano, integrando o patrimônio imaterial da cidade.",PE,2614204
15/01/2016,Dia de Santo Amaro,MUNICIPAL,"Feriado municipal em honra ao padroeiro Santo Amaro. A data marca o encerramento da secular 'Festa de Janeiro', tradição cultural e religiosa de Taquaritinga do Norte, sendo reconhecida legalmente como feriado de tradição local nos termos da legislação federal vigente.",PE,2615003
15/01/2016,Dia de Santo Amaro,MUNICIPAL,"Feriado municipal em homenagem a Santo Amaro, padroeiro da Baixada Campista, conforme a Lei Municipal nº 8.441 de 15/05/2013.",RJ,3301009
15/01/2016,Dia de Santo Amaro,MUNICIPAL,"Feriado religioso municipal em celebração a Santo Amaro, padroeiro de Paraíba do Sul, instituído pela Lei Municipal nº 447 de 1967. A festividade é protegida pela legislação federal (Lei nº 9.093/95) como um dos feriados religiosos de tradição local, sendo um marco central do calendário litúrgico e cultural da cidade.",RJ,3303708
15/01/2016,Dia de Santo Amaro,MUNICIPAL,"Feriado municipal instituído pela Lei nº 1.797 de 11 de novembro de 2013, em homenagem a Santo Amaro, padroeiro da comunidade local em General Câmara.",RS,4308805
15/01/2016,Dia de Santo Amaro,MUNICIPAL,"Feriado municipal dedicado ao padroeiro da cidade, Santo Amaro da Imperatriz. Estabelecido pela Lei Municipal nº 124/1971 e em conformidade com o Art. 2º da Lei Federal nº 9.093/1995, o feriado é o marco das festividades religiosas que reúnem a comunidade local em torno de sua história e fé.",SC,4215703
15/01/2016,Dia de Santo Amaro,MUNICIPAL,"Feriado municipal em honra a Santo Amaro, padroeiro da cidade do Guarujá, conforme estabelecido pela Lei Municipal nº 315 de 1967. A data é reconhecida como feriado religioso de acordo com o Artigo 2º da Lei Federal nº 9.093/1995, celebrando a tradição histórica e a devoção religiosa que fundamentam a identidade local.",SP,3518701
15/01/2016,Dia de Santo Amaro de Ipitanga,MUNICIPAL,"Celebração do padroeiro de Lauro de Freitas, Santo Amaro de Ipitanga. A data também celebra o aniversário da Igreja Matriz, marco histórico local, conforme o calendário oficial de feriados do município.",BA,2919207
15/01/2016,Dia do Padroeiro Santo Amaro,MUNICIPAL,"Feriado religioso municipal em honra a Santo Amaro, padroeiro que empresta o nome ao município. A data é o ápice das festividades culturais e religiosas locais, fundamentada legalmente pelo Artigo 2º da Lei Federal nº 9.093/1995, que permite aos municípios a instituição de feriados religiosos segundo o costume local.",BA,2928604
15/01/2016,Festa de Santo Amaro (Padroeiro),MUNICIPAL,"Feriado municipal em celebração ao padroeiro Santo Amaro das Brotas. Além da lei municipal de feriados, a festividade possui reconhecimento especial como Bem de Interesse Cultural do Estado de Sergipe (Lei Estadual nº 9.401/2024), evidenciando sua relevância histórica e patrimonial para o estado.",SE,2806602
16/01/2016,Aniversário de Castelândia,MUNICIPAL,"Feriado municipal em comemoração ao aniversário de emancipação política e administrativa de Castelândia, no estado de Goiás. O município foi oficialmente criado pela Lei Estadual nº 11.400, de 16 de janeiro de 1991, data em que se celebra a sua autonomia territorial após o desmembramento das cidades de Rio Verde e Quirinópolis.",GO,5205059
17/01/2016,Aniversário de Emancipação Política de Arame,MUNICIPAL,"Feriado municipal em comemoração à criação do município de Arame. Embora a Lei Estadual nº 4.867 tenha sido assinada em 12 de janeiro de 1988, a festividade oficial e o feriado de emancipação são celebrados em 17 de janeiro, data que consolidou a instalação administrativa e o reconhecimento da vontade popular expressa em plebiscito. É o dia de maior relevância para a história política do município no Maranhão.",MA,2100956
17/01/2016,Aniversário de Emancipação Política de Itiúba,MUNICIPAL,"Feriado municipal que celebra a autonomia administrativa do município de Itiúba. A data de 17 de janeiro faz referência ao Decreto Estadual nº 9.322, de 17 de janeiro de 1935, que elevou a localidade à categoria de município, desmembrando-o do território de Queimadas. Trata-se da data cívica mais importante do município, feriado instituído por lei municipal em respeito à memória da emancipação política local.",BA,2917003
17/01/2016,Dia de Santo Antão Abade (Padroeiro),MUNICIPAL,"Feriado municipal em celebração a Santo Antão Abade, padroeiro histórico de Vitória de Santo Antão. A festividade é uma das tradições religiosas mais antigas de Pernambuco, fundamentada na ocupação da região no século XVII. O feriado é estabelecido em conformidade com a Lei Federal nº 9.093/1995 e ratificado pela Lei Orgânica Municipal, sendo a data principal do calendário litúrgico e civil da cidade, marcada por celebrações na Matriz de Santo Antão.",PE,2616407
17/01/2016,Festa do Padroeiro Senhor do Bonfim,MUNICIPAL,"Feriado municipal dedicado ao Senhor do Bonfim, padroeiro que dá nome à cidade. Diferente da celebração móvel em Salvador, o feriado em Senhor do Bonfim é fixado em 17 de janeiro pela Lei Municipal nº 1.411/2017. A data celebra a tradição iniciada no século XVIII com a fundação da capela que deu origem ao núcleo urbano, sendo um marco de identidade cultural e religiosa para a população bonfinense.",BA,2930105
18/01/2016,Aniversário de Herval,MUNICIPAL,"Feriado municipal que celebra a emancipação político-administrativa do município de Herval, ocorrida historicamente em 18 de janeiro de 1881. A data comemora a autonomia da cidade e é estabelecida como feriado oficial através da Lei Municipal nº 131, que consolida os feriados locais e o calendário comemorativo municipal.",RS,4307104
18/01/2016,Dia de Nossa Senhora dos Impossíveis,MUNICIPAL,"Feriado municipal religioso em honra à Padroeira de Pombos, Nossa Senhora dos Impossíveis. A festividade é tradicional no município e está oficialmente prevista no Art. 100 da Lei Orgânica Municipal, sendo ratificada anualmente por decretos municipais que regulamentam o fechamento do comércio e repartições públicas.",PE,2611309
18/01/2016,Emancipação de São Francisco de Itabapoana,MUNICIPAL,"Feriado municipal que celebra a emancipação político-administrativa de São Francisco de Itabapoana. A autonomia do município foi conquistada em 18 de janeiro de 1995, por meio da Lei Estadual nº 2.379/1995. O feriado municipal foi instituído e ratificado pela Lei Municipal nº 06, de 10 de março de 1997, sendo a principal data cívica do calendário local.",RJ,3304755
19/01/2016,Aniversário da Cidade de Tiradentes,MUNICIPAL,"Feriado municipal em celebração ao aniversário de fundação da cidade. A data comemora a elevação do antigo Arraial de Santo Antônio do Rio das Mortes à categoria de Vila de São José, ocorrida em 19 de janeiro de 1718 por ato de D. Pedro de Almeida, o Conde de Assumar. O feriado é amparado pela tradição histórica local e por dispositivos da Lei Orgânica Municipal, representando o marco da autonomia política e administrativa do núcleo urbano que viria a ser Tiradentes.",MG,3168804
20/01/2016,Dia de São Sebastião,MUNICIPAL,"Feriado municipal em celebração a São Sebastião, padroeiro de Limoeiro de Anadia, em conformidade com a tradição religiosa local e dispositivos da Lei Orgânica do Município.",AL,2704203
20/01/2016,Dia de São Sebastião,MUNICIPAL,"Feriado em honra ao padroeiro do município, São Sebastião, conforme a Lei Municipal nº 505 de 04 de junho de 1971.",BA,2904605
20/01/2016,Dia de São Sebastião,MUNICIPAL,"Feriado municipal em honra ao padroeiro São Sebastião, mobilizando celebrações religiosas tradicionais na comunidade de Filadélfia.",BA,2910859
20/01/2016,Dia de São Sebastião,MUNICIPAL,"Dia de São Sebastião, padroeiro da Cidade",BA,2913200
20/01/2016,Dia de São Sebastião,MUNICIPAL,"Feriado municipal em honra ao padroeiro São Sebastião, de grande relevância cultural e religiosa para a comunidade de Quijingue.",BA,2925907
20/01/2016,Dia de São Sebastião,MUNICIPAL,"Celebração do dia de São Sebastião, padroeiro do município de Seabra, constituindo feriado municipal conforme estabelecido na legislação municipal vigente.",BA,2929909
20/01/2016,Dia de São Sebastião,MUNICIPAL,"Feriado religioso em honra a São Sebastião, padroeiro de Acaraú, instituído pela Lei Municipal nº 263 de 15 de maio de 1971.",CE,2300200
20/01/2016,Dia de São Sebastião,MUNICIPAL,"Feriado municipal em homenagem a São Sebastião, padroeiro de Maranguape, conforme a Lei Municipal nº 214 de 02 de maio de 1967.",CE,2307700
20/01/2016,Dia de São Sebastião,MUNICIPAL,"Feriado religioso em honra ao padroeiro da cidade, conforme a Lei Municipal nº 593 de 23 de abril de 1970.",ES,3200102
20/01/2016,Dia de São Sebastião,MUNICIPAL,"Feriado municipal dedicado ao padroeiro São Sebastião, conforme estabelecido pela Lei Municipal nº 474 de 05 de maio de 1967.",ES,3201902
20/01/2016,Dia de São Sebastião,MUNICIPAL,"Feriado municipal em honra ao padroeiro São Sebastião, conforme previsto na Lei Municipal nº 862 de 10 de maio de 1984.",GO,5209101
20/01/2016,Dia de São Sebastião,MUNICIPAL,"Feriado municipal em homenagem ao padroeiro São Sebastião, conforme a Lei Municipal nº 228 de 25 de maio de 1971.",GO,5215702
20/01/2016,Dia de São Sebastião,MUNICIPAL,"Feriado religioso municipal em homenagem a São Sebastião, padroeiro local, conforme a Lei Municipal nº 254 de 11 de maio de 2011.",GO,5218789
20/01/2016,Dia de São Sebastião,MUNICIPAL,"Comemoração do dia de São Sebastião, padroeiro de Andradas, instituído como feriado pela Lei Municipal nº 1.245 de 03 de setembro de 1997.",MG,3102605
20/01/2016,Dia de São Sebastião,MUNICIPAL,"Celebração em honra a São Sebastião, padroeiro do município, conforme a Lei Municipal nº 568 de 04 de julho de 1967.",MG,3108602
20/01/2016,Dia de São Sebastião,MUNICIPAL,"Feriado em honra a São Sebastião, padroeiro da cidade, instituído pela Lei Municipal nº 508 de 02 de julho de 1971.",MG,3114303
20/01/2016,Dia de São Sebastião,MUNICIPAL,"Celebração do dia do padroeiro São Sebastião, instituída como feriado pela Lei Municipal nº 539 de 23 de abril de 1985.",MG,3114709
20/01/2016,Dia de São Sebastião,MUNICIPAL,"Feriado religioso municipal em homenagem ao padroeiro local, conforme a Lei Municipal nº 862 de 20 de maio de 1983.",MG,3117702
20/01/2016,Dia de São Sebastião,MUNICIPAL,"Feriado municipal em celebração a São Sebastião, padroeiro de Coronel Fabriciano, conforme a Lei Municipal nº 171 de 20 de agosto de 1954.",MG,3119401
20/01/2016,Dia de São Sebastião,MUNICIPAL,"Feriado em honra a São Sebastião, padroeiro da cidade, de acordo com a Lei Municipal nº 420 de 12 de maio de 1977.",MG,3124005
20/01/2016,Dia de São Sebastião,MUNICIPAL,"Celebração do dia de São Sebastião, padroeiro de Espinosa, conforme a Lei Municipal nº 37 de 19 de maio de 1967.",MG,3124302
20/01/2016,Dia de São Sebastião,MUNICIPAL,"Feriado religioso em honra a São Sebastião, padroeiro do município, conforme a Lei Municipal nº 462 de 10 de maio de 1988.",MG,3128907
20/01/2016,Dia de São Sebastião,MUNICIPAL,"Comemoração do dia de São Sebastião, padroeiro municipal, conforme estabelecido na Lei Municipal nº 483 de 05 de maio de 1983.",MG,3130408
20/01/2016,Dia de São Sebastião,MUNICIPAL,"Feriado religioso municipal em homenagem ao padroeiro São Sebastião, de acordo com a Lei Municipal nº 406 de 02 de maio de 1997.",MG,3133600
20/01/2016,Dia de São Sebastião,MUNICIPAL,"Feriado em honra a São Sebastião, padroeiro de Leopoldina, instituído pela Lei Municipal nº 344 de 11 de julho de 1954.",MG,3138401
20/01/2016,Dia de São Sebastião,MUNICIPAL,"Feriado religioso municipal em honra ao padroeiro São Sebastião, conforme a Lei Municipal nº 026 de 20 de maio de 1991.",MG,3145208
20/01/2016,Dia de São Sebastião,MUNICIPAL,"Feriado municipal em honra a São Sebastião, padroeiro de Papagaios, conforme a Lei Municipal nº 483 de 20 de maio de 1987.",MG,3146909
20/01/2016,Dia de São Sebastião,MUNICIPAL,"Feriado religioso municipal em homenagem a São Sebastião, padroeiro local, conforme a Lei Municipal nº 1.241 de 03 de setembro de 1997.",MG,3147600
20/01/2016,Dia de São Sebastião,MUNICIPAL,"Comemoração do padroeiro municipal, São Sebastião, conforme a Lei Municipal nº 744 de 01 de julho de 1987.",MG,3149101
20/01/2016,Dia de São Sebastião,MUNICIPAL,"Feriado municipal em honra a São Sebastião, padroeiro de Pirapora, conforme a Lei Municipal nº 1.238 de 04 de julho de 1984.",MG,3151206
20/01/2016,Dia de São Sebastião,MUNICIPAL,"Feriado municipal em homenagem a São Sebastião, padroeiro da cidade, instituído pela Lei Municipal nº 1.656 de 20 de agosto de 1984.",MG,3152105
20/01/2016,Dia de São Sebastião,MUNICIPAL,"Feriado municipal em homenagem a São Sebastião, padroeiro da cidade, conforme a Lei Municipal nº 1.060 de 21 de maio de 1984.",MG,3152808
20/01/2016,Dia de São Sebastião,MUNICIPAL,"Celebração do padroeiro municipal, São Sebastião, conforme instituído pela Lei Municipal nº 534 de 28 de maio de 1971.",MG,3156809
20/01/2016,Dia de São Sebastião,MUNICIPAL,"Dia de São Sebastião, padroeiro da cidade",MG,3164704
20/01/2016,Dia de São Sebastião,MUNICIPAL,"Feriado em honra a São Sebastião, padroeiro da cidade, conforme a Lei Municipal nº 252 de 05 de maio de 1967.",MG,3168002
20/01/2016,Dia de São Sebastião,MUNICIPAL,"Feriado municipal em homenagem a São Sebastião, padroeiro da cidade, de acordo com a Lei Municipal nº 401 de 14 de maio de 1982.",MS,5007109
20/01/2016,Dia de São Sebastião,MUNICIPAL,"Feriado municipal em honra ao padroeiro São Sebastião, instituído pela Lei Municipal nº 593 de 04 de julho de 1984.",MT,5105903
20/01/2016,Dia de São Sebastião,MUNICIPAL,"Celebração do padroeiro municipal, São Sebastião, conforme estabelecido na Lei Municipal nº 002 de 09 de janeiro de 1989.",PA,1505536
20/01/2016,Dia de São Sebastião,MUNICIPAL,"Celebração do padroeiro de Surubim, São Sebastião, conforme a Lei Municipal nº 37 de 12 de julho de 1971.",PE,2614501
20/01/2016,Dia de São Sebastião,MUNICIPAL,"Feriado municipal em homenagem a São Sebastião, padroeiro de Jacarezinho, conforme a Lei Municipal nº 79 de 04 de maio de 1961.",PR,4111803
20/01/2016,Dia de São Sebastião,MUNICIPAL,,PR,4114104
20/01/2016,Dia de São Sebastião,MUNICIPAL,"Feriado religioso em honra ao padroeiro de Paranavaí, São Sebastião, conforme a Lei Municipal nº 122 de 10 de maio de 1966.",PR,4118402
20/01/2016,Dia de São Sebastião,MUNICIPAL,"Comemoração do dia de São Sebastião, padroeiro de Quatro Barras, conforme a Lei Municipal nº 02 de 19 de julho de 1961.",PR,4120804
20/01/2016,Dia de São Sebastião,MUNICIPAL,"Feriado municipal em honra ao padroeiro São Sebastião, de acordo com a Lei Municipal nº 372 de 11 de julho de 1983.",RJ,3300209
20/01/2016,Dia de São Sebastião,MUNICIPAL,"Feriado municipal em honra ao padroeiro São Sebastião, instituído pela Lei Municipal nº 44 de 01 de julho de 1967.",RJ,3306008
20/01/2016,Dia de São Sebastião,MUNICIPAL,"De acordo com a Portaria 002/E, de 04 de fevereiro de 2015",RR,1400100
20/01/2016,Dia de São Sebastião,MUNICIPAL,"Dia 20 de Janeiro, dia de São Sebastião, Padroeiro do Município",RS,4311601
20/01/2016,Dia de São Sebastião,MUNICIPAL,"Comemoração religiosa em honra a São Sebastião, padroeiro da cidade, conforme a Lei Municipal nº 370 de 15 de abril de 1983.",SC,4213807
20/01/2016,Dia de São Sebastião,MUNICIPAL,"Feriado municipal em celebração a São Sebastião, padroeiro da cidade, conforme a Lei Municipal nº 2.271 de 20 de maio de 2008.",SP,3517406
20/01/2016,Dia de São Sebastião,MUNICIPAL,"Feriado religioso em honra ao padroeiro municipal, São Sebastião, conforme tradição local e disposições da Lei Orgânica do Município.",SP,3517901
20/01/2016,Dia de São Sebastião,MUNICIPAL,"Celebração do dia de São Sebastião, padroeiro da Estância Hidromineral de Ibirá, estabelecido como feriado por legislação municipal.",SP,3519402
20/01/2016,Dia de São Sebastião,MUNICIPAL,"Feriado municipal em homenagem a São Sebastião, padroeiro da cidade, em conformidade com o disposto na Lei Municipal nº 262/1970.",SP,3538600
20/01/2016,Dia de São Sebastião,MUNICIPAL,"Feriado religioso municipal dedicado a São Sebastião, padroeiro da cidade de Piraju.",SP,3538808
20/01/2016,Dia de São Sebastião,MUNICIPAL,"Feriado em homenagem a São Sebastião, padroeiro da cidade, conforme a Lei Municipal nº 3.450 de 11 de julho de 1991.",SP,3541406
20/01/2016,Dia de São Sebastião,MUNICIPAL,"Celebração solene em honra a São Sebastião, padroeiro do município de Santa Cruz do Rio Pardo, reconhecido por legislação local.",SP,3546405
20/01/2016,Dia de São Sebastião,MUNICIPAL,"Comemoração religiosa dedicada ao padroeiro municipal, São Sebastião, instituída como feriado para a preservação das tradições locais.",SP,3556107
20/01/2016,Dia de São Sebastião,MUNICIPAL,"Feriado municipal em honra a São Sebastião, padroeiro da cidade, conforme estabelecido pela Lei Municipal nº 3.433 de 23 de março de 2000.",SP,3556206
20/01/2016,Dia de São Sebastião (Padroeiro),MUNICIPAL,conforme Lei Municipal nº 2.822 de 16/10/1992,GO,5218805
20/01/2016,Dia de São Sebastião (Padroeiro),MUNICIPAL,"Principal feriado religioso do município em homenagem a São Sebastião, santo padroeiro que dá nome à cidade, conforme calendário oficial.",SP,3550704
20/01/2016,Dia de São Sebastião e Aniversário da Cidade,MUNICIPAL,"Celebração conjunta do dia do padroeiro São Sebastião e do aniversário de fundação do município, conforme a Lei Municipal nº 2.177 de 22 de dezembro de 2006.",SP,3535309
20/01/2016,"Dia de São Sebastião, Padroeiro da cidade",MUNICIPAL,conforme Lei Municipal nº 5146 de 07/01/2010,RJ,3304557
20/01/2016,"Dia de São Sebastião, padroeiro da Cidade",MUNICIPAL,conforme Lei Municipal nº 782 de 25/05/1967,SP,3552502
20/01/2016,"Dia de São Sebastião, padroeiro da cidade",MUNICIPAL,,RJ,3300407
20/01/2016,Dia do padroeiro,MUNICIPAL,"Dia de São Sebastião, padroeiro da cidade.",SP,3527306
20/01/2016,Feriado Municipal,MUNICIPAL,,AL,2702504
20/01/2016,Feriado Municipal,MUNICIPAL,,AL,2707206
20/01/2016,Feriado Municipal,MUNICIPAL,,AL,2707305
20/01/2016,Feriado Municipal,MUNICIPAL,,AL,2708808
20/01/2016,Feriado Municipal,MUNICIPAL,,AM,1300144
20/01/2016,Feriado Municipal,MUNICIPAL,,BA,2905602
20/01/2016,Feriado Municipal,MUNICIPAL,,BA,2906303
20/01/2016,Feriado Municipal,MUNICIPAL,,BA,2908101
20/01/2016,Feriado Municipal,MUNICIPAL,,BA,2912004
20/01/2016,Feriado Municipal,MUNICIPAL,,BA,2923704
20/01/2016,Feriado Municipal,MUNICIPAL,,BA,2929503
20/01/2016,Feriado Municipal,MUNICIPAL,,BA,2932507
20/01/2016,Feriado Municipal,MUNICIPAL,,BA,2932507
20/01/2016,Feriado Municipal,MUNICIPAL,,BA,2933455
20/01/2016,Feriado Municipal,MUNICIPAL,,BA,2933455
20/01/2016,Feriado Municipal,MUNICIPAL,,CE,2301109
20/01/2016,Feriado Municipal,MUNICIPAL,,CE,2301109
20/01/2016,Feriado Municipal,MUNICIPAL,,CE,2305308
20/01/2016,Feriado Municipal,MUNICIPAL,,CE,2305704
20/01/2016,Feriado Municipal,MUNICIPAL,,CE,2306405
20/01/2016,Feriado Municipal,MUNICIPAL,,CE,2308609
20/01/2016,Feriado Municipal,MUNICIPAL,,ES,3203106
20/01/2016,Feriado Municipal,MUNICIPAL,,ES,3203601
20/01/2016,Feriado Municipal,MUNICIPAL,,ES,3203700
20/01/2016,Feriado Municipal,MUNICIPAL,,GO,5204557
20/01/2016,Feriado Municipal,MUNICIPAL,,GO,5214804
20/01/2016,Feriado Municipal,MUNICIPAL,,MA,2100600
20/01/2016,Feriado Municipal,MUNICIPAL,,MA,2100907
20/01/2016,Feriado Municipal,MUNICIPAL,,MA,2102903
20/01/2016,Feriado Municipal,MUNICIPAL,,MA,2103307
20/01/2016,Feriado Municipal,MUNICIPAL,,MA,2103307
20/01/2016,Feriado Municipal,MUNICIPAL,,MA,2104057
20/01/2016,Feriado Municipal,MUNICIPAL,,MA,2104057
20/01/2016,Feriado Municipal,MUNICIPAL,,MA,2104503
20/01/2016,Feriado Municipal,MUNICIPAL,,MA,2105203
20/01/2016,Feriado Municipal,MUNICIPAL,,MA,2105203
20/01/2016,Feriado Municipal,MUNICIPAL,,MA,2106508
20/01/2016,Feriado Municipal,MUNICIPAL,,MA,2106508
20/01/2016,Feriado Municipal,MUNICIPAL,,MA,2106607
20/01/2016,Feriado Municipal,MUNICIPAL,,MA,2106607
20/01/2016,Feriado Municipal,MUNICIPAL,,MA,2107902
20/01/2016,Feriado Municipal,MUNICIPAL,,MA,2107902
20/01/2016,Feriado Municipal,MUNICIPAL,,MA,2108900
20/01/2016,Feriado Municipal,MUNICIPAL,,MA,2108900
20/01/2016,Feriado Municipal,MUNICIPAL,,MA,2109106
20/01/2016,Feriado Municipal,MUNICIPAL,,MA,2109106
20/01/2016,Feriado Municipal,MUNICIPAL,,MA,2112704
20/01/2016,Feriado Municipal,MUNICIPAL,,MA,2112704
20/01/2016,Feriado Municipal,MUNICIPAL,,MG,3100708
20/01/2016,Feriado Municipal,MUNICIPAL,,MG,3100708
20/01/2016,Feriado Municipal,MUNICIPAL,,MG,3101003
20/01/2016,Feriado Municipal,MUNICIPAL,,MG,3101003
20/01/2016,Feriado Municipal,MUNICIPAL,,MG,3101904
20/01/2016,Feriado Municipal,MUNICIPAL,,MG,3101904
20/01/2016,Feriado Municipal,MUNICIPAL,,MG,3103207
20/01/2016,Feriado Municipal,MUNICIPAL,,MG,3103207
20/01/2016,Feriado Municipal,MUNICIPAL,,MG,3103900
20/01/2016,Feriado Municipal,MUNICIPAL,,MG,3103900
20/01/2016,Feriado Municipal,MUNICIPAL,,MG,3104304
20/01/2016,Feriado Municipal,MUNICIPAL,,MG,3104304
20/01/2016,Feriado Municipal,MUNICIPAL,,MG,3106002
20/01/2016,Feriado Municipal,MUNICIPAL,,MG,3106002
20/01/2016,Feriado Municipal,MUNICIPAL,,MG,3106408
20/01/2016,Feriado Municipal,MUNICIPAL,,MG,3106408
20/01/2016,Feriado Municipal,MUNICIPAL,,MG,3107901
20/01/2016,Feriado Municipal,MUNICIPAL,,MG,3107901
20/01/2016,Feriado Municipal,MUNICIPAL,,MG,3109006
20/01/2016,Feriado Municipal,MUNICIPAL,,MG,3110707
20/01/2016,Feriado Municipal,MUNICIPAL,,MG,3120508
20/01/2016,Feriado Municipal,MUNICIPAL,,MG,3120805
20/01/2016,Feriado Municipal,MUNICIPAL,,MG,3121407
20/01/2016,Feriado Municipal,MUNICIPAL,,MG,3121803
20/01/2016,Feriado Municipal,MUNICIPAL,,MG,3130903
20/01/2016,Feriado Municipal,MUNICIPAL,,MG,3131000
20/01/2016,Feriado Municipal,MUNICIPAL,,MG,3133709
20/01/2016,Feriado Municipal,MUNICIPAL,,MG,3135902
20/01/2016,Feriado Municipal,MUNICIPAL,,MG,3136108
20/01/2016,Feriado Municipal,MUNICIPAL,,MG,3136603
20/01/2016,Feriado Municipal,MUNICIPAL,,MG,3136652
20/01/2016,Feriado Municipal,MUNICIPAL,,MG,3136900
20/01/2016,Feriado Municipal,MUNICIPAL,,MG,3137007
20/01/2016,Feriado Municipal,MUNICIPAL,,MG,3138302
20/01/2016,Feriado Municipal,MUNICIPAL,,MG,3138906
20/01/2016,Feriado Municipal,MUNICIPAL,,MG,3142007
20/01/2016,Feriado Municipal,MUNICIPAL,,MG,3147709
20/01/2016,Feriado Municipal,MUNICIPAL,,MG,3149200
20/01/2016,Feriado Municipal,MUNICIPAL,,MG,3151305
20/01/2016,Feriado Municipal,MUNICIPAL,,MG,3153202
20/01/2016,Feriado Municipal,MUNICIPAL,,MG,3154002
20/01/2016,Feriado Municipal,MUNICIPAL,,MG,3154101
20/01/2016,Feriado Municipal,MUNICIPAL,,MG,3156304
20/01/2016,Feriado Municipal,MUNICIPAL,,MG,3157104
20/01/2016,Feriado Municipal,MUNICIPAL,,MG,3161502
20/01/2016,Feriado Municipal,MUNICIPAL,,MG,3164407
20/01/2016,Feriado Municipal,MUNICIPAL,,MG,3164506
20/01/2016,Feriado Municipal,MUNICIPAL,,MG,3165602
20/01/2016,Feriado Municipal,MUNICIPAL,,MG,3165800
20/01/2016,Feriado Municipal,MUNICIPAL,,MG,3165909
20/01/2016,Feriado Municipal,MUNICIPAL,,MG,3166808
20/01/2016,Feriado Municipal,MUNICIPAL,,MG,3168408
20/01/2016,Feriado Municipal,MUNICIPAL,,MG,3171709
20/01/2016,Feriado Municipal,MUNICIPAL,,MG,3172103
20/01/2016,Feriado Municipal,MUNICIPAL,,MS,5006408
20/01/2016,Feriado Municipal,MUNICIPAL,,MS,5007950
20/01/2016,Feriado Municipal,MUNICIPAL,,MS,5007950
20/01/2016,Feriado Municipal,MUNICIPAL,,MT,5100409
20/01/2016,Feriado Municipal,MUNICIPAL,,MT,5100409
20/01/2016,Feriado Municipal,MUNICIPAL,,MT,5101308
20/01/2016,Feriado Municipal,MUNICIPAL,,MT,5101308
20/01/2016,Feriado Municipal,MUNICIPAL,,MT,5103601
20/01/2016,Feriado Municipal,MUNICIPAL,,MT,5104609
20/01/2016,Feriado Municipal,MUNICIPAL,,PA,1500404
20/01/2016,Feriado Municipal,MUNICIPAL,,PA,1500404
20/01/2016,Feriado Municipal,MUNICIPAL,,PA,1500602
20/01/2016,Feriado Municipal,MUNICIPAL,,PA,1500602
20/01/2016,Feriado Municipal,MUNICIPAL,,PA,1501782
20/01/2016,Feriado Municipal,MUNICIPAL,,PA,1503200
20/01/2016,Feriado Municipal,MUNICIPAL,,PA,1503200
20/01/2016,Feriado Municipal,MUNICIPAL,,PA,1503903
20/01/2016,Feriado Municipal,MUNICIPAL,,PA,1503903
20/01/2016,Feriado Municipal,MUNICIPAL,,PA,1507904
20/01/2016,Feriado Municipal,MUNICIPAL,,PA,1507979
20/01/2016,Feriado Municipal,MUNICIPAL,,PA,1508209
20/01/2016,Feriado Municipal,MUNICIPAL,,PB,2501005
20/01/2016,Feriado Municipal,MUNICIPAL,,PB,2501005
20/01/2016,Feriado Municipal,MUNICIPAL,,PB,2503001
20/01/2016,Feriado Municipal,MUNICIPAL,,PB,2503001
20/01/2016,Feriado Municipal,MUNICIPAL,,PB,2506103
20/01/2016,Feriado Municipal,MUNICIPAL,,PB,2506103
20/01/2016,Feriado Municipal,MUNICIPAL,,PB,2508208
20/01/2016,Feriado Municipal,MUNICIPAL,,PB,2511400
20/01/2016,Feriado Municipal,MUNICIPAL,,PB,2513901
20/01/2016,Feriado Municipal,MUNICIPAL,,PB,2513901
20/01/2016,Feriado Municipal,MUNICIPAL,,PB,2514503
20/01/2016,Feriado Municipal,MUNICIPAL,,PB,2514503
20/01/2016,Feriado Municipal,MUNICIPAL,,PB,2516508
20/01/2016,Feriado Municipal,MUNICIPAL,,PB,2516508
20/01/2016,Feriado Municipal,MUNICIPAL,,PE,2601706
20/01/2016,Feriado Municipal,MUNICIPAL,,PE,2606903
20/01/2016,Feriado Municipal,MUNICIPAL,,PE,2608008
20/01/2016,Feriado Municipal,MUNICIPAL,,PE,2608503
20/01/2016,Feriado Municipal,MUNICIPAL,,PE,2609105
20/01/2016,Feriado Municipal,MUNICIPAL,,PE,2609808
20/01/2016,Feriado Municipal,MUNICIPAL,,PE,2609907
20/01/2016,Feriado Municipal,MUNICIPAL,,PE,2611705
20/01/2016,Feriado Municipal,MUNICIPAL,,PI,2203701
20/01/2016,Feriado Municipal,MUNICIPAL,,PI,2203701
20/01/2016,Feriado Municipal,MUNICIPAL,,PI,2211209
20/01/2016,Feriado Municipal,MUNICIPAL,,PI,2211209
20/01/2016,Feriado Municipal,MUNICIPAL,,PR,4100509
20/01/2016,Feriado Municipal,MUNICIPAL,,PR,4100509
20/01/2016,Feriado Municipal,MUNICIPAL,,PR,4101101
20/01/2016,Feriado Municipal,MUNICIPAL,,PR,4107009
20/01/2016,Feriado Municipal,MUNICIPAL,,PR,4107603
20/01/2016,Feriado Municipal,MUNICIPAL,,PR,4107736
20/01/2016,Feriado Municipal,MUNICIPAL,,PR,4109203
20/01/2016,Feriado Municipal,MUNICIPAL,,PR,4109203
20/01/2016,Feriado Municipal,MUNICIPAL,,PR,4109658
20/01/2016,Feriado Municipal,MUNICIPAL,,PR,4109658
20/01/2016,Feriado Municipal,MUNICIPAL,,PR,4112405
20/01/2016,Feriado Municipal,MUNICIPAL,,PR,4112405
20/01/2016,Feriado Municipal,MUNICIPAL,,PR,4112801
20/01/2016,Feriado Municipal,MUNICIPAL,,PR,4112801
20/01/2016,Feriado Municipal,MUNICIPAL,,PR,4116307
20/01/2016,Feriado Municipal,MUNICIPAL,,PR,4117305
20/01/2016,Feriado Municipal,MUNICIPAL,,PR,4126009
20/01/2016,Feriado Municipal,MUNICIPAL,,PR,4126207
20/01/2016,Feriado Municipal,MUNICIPAL,,PR,4126306
20/01/2016,Feriado Municipal,MUNICIPAL,,PR,4128500
20/01/2016,Feriado Municipal,MUNICIPAL,,RJ,3300159
20/01/2016,Feriado Municipal,MUNICIPAL,,RJ,3305307
20/01/2016,Feriado Municipal,MUNICIPAL,,RJ,3306156
20/01/2016,Feriado Municipal,MUNICIPAL,,RJ,3306156
20/01/2016,Feriado Municipal,MUNICIPAL,,RN,2402303
20/01/2016,Feriado Municipal,MUNICIPAL,,RN,2403806
20/01/2016,Feriado Municipal,MUNICIPAL,,RN,2404309
20/01/2016,Feriado Municipal,MUNICIPAL,,RN,2404507
20/01/2016,Feriado Municipal,MUNICIPAL,,RN,2406106
20/01/2016,Feriado Municipal,MUNICIPAL,,RN,2408300
20/01/2016,Feriado Municipal,MUNICIPAL,,RN,2408300
20/01/2016,Feriado Municipal,MUNICIPAL,,RN,2408904
20/01/2016,Feriado Municipal,MUNICIPAL,,RN,2408904
20/01/2016,Feriado Municipal,MUNICIPAL,,RO,1100080
20/01/2016,Feriado Municipal,MUNICIPAL,,RO,1100080
20/01/2016,Feriado Municipal,MUNICIPAL,,RR,1400209
20/01/2016,Feriado Municipal,MUNICIPAL,,RR,1400209
20/01/2016,Feriado Municipal,MUNICIPAL,,RS,4300455
20/01/2016,Feriado Municipal,MUNICIPAL,,RS,4301602
20/01/2016,Feriado Municipal,MUNICIPAL,,RS,4304002
20/01/2016,Feriado Municipal,MUNICIPAL,,RS,4306973
20/01/2016,Feriado Municipal,MUNICIPAL,,RS,4322608
20/01/2016,Feriado Municipal,MUNICIPAL,,SC,4201109
20/01/2016,Feriado Municipal,MUNICIPAL,,SC,4202503
20/01/2016,Feriado Municipal,MUNICIPAL,,SC,4202503
20/01/2016,Feriado Municipal,MUNICIPAL,,SC,4205209
20/01/2016,Feriado Municipal,MUNICIPAL,,SC,4217709
20/01/2016,Feriado Municipal,MUNICIPAL,,SC,4218004
20/01/2016,Feriado Municipal,MUNICIPAL,,SC,4218004
20/01/2016,Feriado Municipal,MUNICIPAL,,SE,2805505
20/01/2016,Feriado Municipal,MUNICIPAL,,SP,3500907
20/01/2016,Feriado Municipal,MUNICIPAL,,SP,3500907
20/01/2016,Feriado Municipal,MUNICIPAL,,SP,3504305
20/01/2016,Feriado Municipal,MUNICIPAL,,SP,3504305
20/01/2016,Feriado Municipal,MUNICIPAL,,SP,3504602
20/01/2016,Feriado Municipal,MUNICIPAL,,SP,3504602
20/01/2016,Feriado Municipal,MUNICIPAL,,SP,3506706
20/01/2016,Feriado Municipal,MUNICIPAL,,SP,3507407
20/01/2016,Feriado Municipal,MUNICIPAL,,SP,3507407
20/01/2016,Feriado Municipal,MUNICIPAL,,SP,3509205
20/01/2016,Feriado Municipal,MUNICIPAL,,SP,3509205
20/01/2016,Feriado Municipal,MUNICIPAL,,SP,3509403
20/01/2016,Feriado Municipal,MUNICIPAL,,SP,3510708
20/01/2016,Feriado Municipal,MUNICIPAL,,SP,3512506
20/01/2016,Feriado Municipal,MUNICIPAL,,SP,3512506
20/01/2016,Feriado Municipal,MUNICIPAL,,SP,3515301
20/01/2016,Feriado Municipal,MUNICIPAL,,SP,3515301
20/01/2016,Feriado Municipal,MUNICIPAL,,SP,3515608
20/01/2016,Feriado Municipal,MUNICIPAL,,SP,3515905
20/01/2016,Feriado Municipal,MUNICIPAL,,SP,3515905
20/01/2016,Feriado Municipal,MUNICIPAL,,SP,3517505
20/01/2016,Feriado Municipal,MUNICIPAL,,SP,3517505
20/01/2016,Feriado Municipal,MUNICIPAL,,SP,3522000
20/01/2016,Feriado Municipal,MUNICIPAL,,SP,3525409
20/01/2016,Feriado Municipal,MUNICIPAL,,SP,3526605
20/01/2016,Feriado Municipal,MUNICIPAL,,SP,3526605
20/01/2016,Feriado Municipal,MUNICIPAL,,SP,3530508
20/01/2016,Feriado Municipal,MUNICIPAL,,SP,3531704
20/01/2016,Feriado Municipal,MUNICIPAL,,SP,3538907
20/01/2016,Feriado Municipal,MUNICIPAL,,SP,3539509
20/01/2016,Feriado Municipal,MUNICIPAL,,SP,3539509
20/01/2016,Feriado Municipal,MUNICIPAL,,SP,3540705
20/01/2016,Feriado Municipal,MUNICIPAL,,SP,3550803
20/01/2016,Feriado Municipal,MUNICIPAL,,SP,3553708
20/01/2016,Feriado Municipal,MUNICIPAL,,SP,3553708
20/01/2016,Feriado Municipal,MUNICIPAL,,SP,3555901
20/01/2016,Feriado Municipal,MUNICIPAL,,TO,1702406
20/01/2016,Padroeiro da Cidade,MUNICIPAL,Dia do Padroeiro da Cidade,MG,3162104
20/01/2016,São Sebastião,MUNICIPAL,Dia de São Sebastião,ES,3202900
20/01/2016,São Sebastião,MUNICIPAL,"Dia de São Sebastião, padroeiro da cidade",MG,3113701
20/01/2016,São Sebastião,MUNICIPAL,"Dia de São Sebastião, padroeiro da cidade, conforme lei 676 de 19 de fevereiro de 2001",MG,3168101
20/01/2016,São Sebastião,MUNICIPAL,Dia de São Sebastião,PB,2508554
20/01/2016,São Sebastião,MUNICIPAL,Dia de São Sebastião,PE,2602100
20/01/2016,São Sebastião,MUNICIPAL,"Comemorativo ao dia de São Sebastião, padroeiro da Paróquia de São Sebastião e Nossa Senhora das Dores, sede matriz do Município",RS,4300661
20/01/2016,São Sebastião,MUNICIPAL,Dia de São Sebastião,SC,4202073
20/01/2016,São Sebastião,MUNICIPAL,Dia de São Sebastião,SC,4209607
20/01/2016,São Sebastião,MUNICIPAL,"Dia de São Sebastião, padroeiro da Cidade. Lei nº 262/80",SP,3524006
20/01/2016,São Sebastião,MUNICIPAL,"Dia de São Sebastião, padroeiro da Cidade, conforme lei Nº 03, de 15 de abril de 1983",SP,3536802
20/01/2016,São Sebastião,MUNICIPAL,"Dia de São Sebastião, padroeiro da cidade, conforme Lei 11919/09 de 10/03/2009",SP,3543402
21/01/2016,Aniversário de Goiatuba,MUNICIPAL,"Feriado municipal em comemoração ao aniversário de emancipação política e administrativa do município de Goiatuba, ocorrida em 21 de janeiro de 1931. A data é oficializada pela Lei Municipal nº 2.106/2003, conforme registros do Tribunal de Justiça de Goiás.",GO,5209101
21/01/2016,Aniversário de Poconé,MUNICIPAL,"Feriado municipal que celebra a fundação da cidade de Poconé, Mato Grosso, ocorrida em 21 de janeiro de 1781. O feriado é instituído por lei municipal para comemorar a história do município, conhecido como a 'Cidade Rosa' e portão de entrada para o Pantanal.",MT,5106505
21/01/2016,Dia da Emancipação de Sulina,MUNICIPAL,"Feriado municipal em celebração à data de criação do município de Sulina, estabelecido pela Lei Municipal nº 135/1995. A emancipação política ocorreu formalmente por meio da Lei Estadual nº 8.445, de 21 de janeiro de 1987.",PR,4126652
21/01/2016,Dia de Santa Inês (Padroeira),MUNICIPAL,"Feriado municipal em celebração à Santa Inês, padroeira da cidade. A data é feriado oficial no município da Bahia, integrando o calendário religioso e cultural local, respeitando o limite de feriados religiosos estabelecidos pela legislação federal.",BA,2927903
21/01/2016,Dia de Santa Inês (Padroeira),MUNICIPAL,"Feriado municipal religioso em honra a Santa Inês, padroeira do município. A celebração é a principal festividade religiosa da cidade, culminando em 21 de janeiro com procissões e missas solenes, sendo ratificada pelas leis municipais que definem os feriados religiosos locais, em conformidade com a Lei Federal nº 9.093/1995.",MA,2109908
21/01/2016,Dia de Santa Inês (Padroeira),MUNICIPAL,"Feriado municipal religioso em homenagem à Santa Inês, padroeira do município de Santa Inês, no Paraná. A data de 21 de janeiro é reservada para as celebrações oficiais e litúrgicas da padroeira, conforme definido por decreto ou lei municipal.",PR,4123600
21/01/2016,Dia do Padroeiro (Senhor dos Passos),MUNICIPAL,"Feriado municipal instituído originalmente pela Lei Municipal nº 08 de 1937 para celebrar o centenário da Paróquia de Maruim. Atualmente, a data é observada como o dia do Padroeiro do município, Senhor dos Passos, conforme ratificado pelo Decreto Municipal nº 090/2023.",SE,2804003
22/01/2016,Aniversário da Emancipação Política,MUNICIPAL,"Comemoração da emancipação política e administrativa do município de Icapuí, que se desmembrou de Aracati em 22 de janeiro de 1984. O feriado é regulamentado pela Lei Municipal nº 864/2021 e encontra amparo histórico na Lei Estadual nº 10.913/1984.",CE,2305357
22/01/2016,Aniversário da Fundação de São Vicente,MUNICIPAL,"Aniversário da Fundação de São Vicente, conforme Lei Municipal 1.332/67",SP,3551009
22/01/2016,Aniversário de Nova Prata do Iguaçu,MUNICIPAL,"Feriado municipal em celebração ao aniversário de emancipação política de Nova Prata do Iguaçu, ocorrida em 22 de janeiro de 1982. A data é feriado oficial conforme a legislação municipal e reconhecida nos calendários judiciários e institucionais do Paraná.",PR,4117255
22/01/2016,Aniversário de Quirinópolis,MUNICIPAL,"Celebração do Aniversário de Quirinópolis, em memória à sua fundação ocorrida em 22 de janeiro de 1944. O feriado municipal é amparado pela Lei Municipal nº 1.196/1983 e reiterado anualmente pelo calendário oficial do Poder Executivo e Judiciário Estadual.",GO,5218508
22/01/2016,Dia da Emancipação Política de Tamboril,MUNICIPAL,"Feriado municipal em comemoração ao Dia da Emancipação Política de Tamboril. A data celebra a autonomia administrativa do município, sendo oficializada por decretos anuais, como o Decreto nº 192/2026, que regulamentam o calendário de feriados locais.",CE,2313203
22/01/2016,Dia de São Anastácio (Padroeiro),MUNICIPAL,"Comemoração do Dia de São Anastácio, padroeiro do município, estabelecido conforme a Lei Municipal nº 878, de 16 de dezembro de 1977. A data celebra o mártir persa escolhido como protetor da paróquia em 1929 e oficialmente da cidade pela lei de 1977.",SP,3547700
22/01/2016,Dia de São Vicente Pallotti (Padroeiro),MUNICIPAL,"Feriado municipal dedicado ao padroeiro de Palotina, São Vicente Pallotti. A data homenageia o sacerdote italiano fundador da Sociedade do Apostolado Católico (Palotinos), cuja influência é central na história e colonização do município.",PR,4117909
23/01/2016,Aniversário da Cidade,MUNICIPAL,"Celebração do aniversário de fundação de Mazagão, ocorrida em 23 de janeiro de 1770, quando colonos vindos da possessão portuguesa no Marrocos se estabeleceram na região. É uma data histórica fundamental para a identidade mazaganense.",AP,1600402
23/01/2016,Aniversário do Município,MUNICIPAL,"Feriado municipal em celebração à fundação de Paragominas, ocorrida em 23 de janeiro de 1965. A data homenageia os pioneiros e marca o desenvolvimento desta importante cidade do sudeste paraense.",PA,1505502
23/01/2016,Aniversário do Município,MUNICIPAL,"Comemoração da emancipação político-administrativa do município de Barão de Cotegipe, ocorrida em 23 de janeiro de 1959. O feriado é regido pela legislação municipal (Lei nº 2.455/2021) e celebra a história e o progresso da cidade.",RS,4301701
23/01/2016,Aniversário do Município,MUNICIPAL,"Feriado municipal em Major Vieira que celebra a criação e emancipação política da cidade, ocorrida em 23 de janeiro de 1961. Data oficializada pela Lei Orgânica e decretos municipais vigentes.",SC,4210308
23/01/2016,Aniversário do Município,MUNICIPAL,"Comemoração da emancipação política de Canhoba, oficializada em 23 de janeiro de 1937. O feriado municipal recorda a história da formação administrativa do município e sua autonomia estadual.",SE,2801108
24/01/2016,Aniversário de Portel,MUNICIPAL,"Celebração do aniversário de fundação e emancipação política de Portel, um dos municípios mais antigos do Pará, fundado em 24 de janeiro de 1758. A data é reconhecida como feriado municipal em decretos anuais da prefeitura.",PA,1505809
24/01/2016,Dia da Adesão do Piauí à Independência,MUNICIPAL,"Celebração histórica da data em que a cidade de Oeiras, então capital da província, proclamou sua adesão formal à Independência do Brasil em 24 de janeiro de 1823, rompendo definitivamente com a Coroa Portuguesa.",PI,2207009
24/01/2016,Dia de Nossa Senhora da Paz (Padroeira),MUNICIPAL,"Feriado religioso municipal em homenagem à Padroeira de Seberi, Nossa Senhora da Paz, conforme estabelecido pela Lei Municipal nº 4.720, de 22 de dezembro de 2020.",RS,4320206
24/01/2016,Dia de Nossa Senhora da Paz (Padroeira),MUNICIPAL,"Feriado religioso em honra a Nossa Senhora da Paz, Padroeira do Município de Balneário Piçarras. A data é observada anualmente conforme o calendário oficial de feriados definido pela administração municipal.",SC,4212809
24/01/2016,Dia de São Francisco de Sales (Padroeiro),MUNICIPAL,"Feriado municipal em celebração ao Santo Padroeiro que dá nome ao município. A festividade religiosa é observada anualmente em 24 de janeiro, data litúrgica de São Francisco de Sales.",MG,3161304
24/01/2016,Dia de São Francisco de Sales (Padroeiro),MUNICIPAL,"Feriado em honra ao Padroeiro de Mariópolis, São Francisco de Sales. A data é marcada por celebrações religiosas e integra-se à tradicional Festa da Uva, principal evento cultural e econômico do município.",PR,4115309
24/01/2016,Dia do Município de Carazinho,MUNICIPAL,"Celebração da emancipação político-administrativa do município de Carazinho, ocorrida em 24 de janeiro de 1931. O feriado é ratificado pelas Leis Municipais nº 3.971/1990 e 4.873/1995.",RS,4304705
24/01/2016,Instalação do Município de Porto Velho,MUNICIPAL,"Comemoração da instalação oficial do município de Porto Velho, ocorrida em 24 de janeiro de 1915. O feriado foi instituído pela Lei Municipal nº 190, de 14 de outubro de 1980, que também consagra a data ao culto de São Francisco de Sales.",RO,1100205
25/01/2016,Aniversário da Cidade de São Paulo,MUNICIPAL,"Feriado municipal que celebra a fundação da cidade de São Paulo em 1554, marcada pela celebração da primeira missa no Colégio dos Jesuítas (Pátio do Colégio). Instituído pela Lei Municipal nº 14.485/2007.",SP,3550308
25/01/2016,Aniversário de Balsa Nova,MUNICIPAL,"Comemoração da emancipação política do município de Balsa Nova, desmembrado de Campo Largo em 25 de janeiro de 1961.",PR,4102307
25/01/2016,Aniversário de Banabuiú,MUNICIPAL,"Feriado municipal em comemoração à emancipação política de Banabuiú, estabelecida pela Lei Estadual nº 11.427 de 25 de janeiro de 1988.",CE,2301851
25/01/2016,Aniversário de Britânia,MUNICIPAL,"Comemoração da emancipação política do município de Britânia, ocorrida em 25 de janeiro de 1964.",GO,5203807
25/01/2016,Aniversário de Buri,MUNICIPAL,"Comemoração da emancipação política do município de Buri, ocorrida em 25 de janeiro de 1922, quando foi elevado à categoria de município.",SP,3508009
25/01/2016,Aniversário de Cuité,MUNICIPAL,"Feriado municipal que marca a emancipação política de Cuité em 25 de janeiro de 1937, tornando-se sede administrativa autônoma no Curimataú paraibano.",PB,2505105
25/01/2016,Aniversário de Estrela d'Oeste,MUNICIPAL,Feriado municipal que celebra a fundação e o aniversário da cidade. A data é tradicionalmente comemorada no dia 25 de janeiro para coincidir com o aniversário da capital paulista.,SP,3515202
25/01/2016,Aniversário de Guaporema,MUNICIPAL,"Celebração do aniversário de emancipação política do município de Guaporema, conforme estabelecido na Lei Orgânica e decretos municipais.",PR,4109104
25/01/2016,Aniversário de Iguatu,MUNICIPAL,"Comemora o aniversário de emancipação política do município de Iguatu, desmembrado de Icó em 25 de janeiro de 1853.",CE,2305506
25/01/2016,Aniversário de Lagoa Vermelha,MUNICIPAL,"Data dedicada à comemoração da fundação do município, estabelecida historicamente em 25 de janeiro de 1845.",RS,4311304
25/01/2016,Aniversário de Paraisópolis,MUNICIPAL,"Comemoração oficial do aniversário de emancipação político-administrativa do município, celebrando a data de sua fundação histórica em 25 de janeiro de 1873.",MG,3147303
25/01/2016,Aniversário de Santa Inês,MUNICIPAL,Feriado em alusão à criação do município de Santa Inês pela Lei Estadual nº 4.338 de 25 de janeiro de 1961.,PR,4123600
25/01/2016,Aniversário de Vera Cruz,MUNICIPAL,"Comemoração da emancipação político-administrativa do município, ocorrida em 25 de janeiro de 1935, conforme o Decreto-Lei Estadual nº 6.855 de 10 de dezembro de 1934.",SP,3556602
25/01/2016,Dia de São Paulo,MUNICIPAL,"Feriado religioso dedicado ao padroeiro do município, São Paulo, conforme a Lei Municipal nº 071 de 11 de abril de 1994.",SC,4204152
25/01/2016,Dia de São Paulo Apóstolo,MUNICIPAL,"Celebração religiosa em honra a São Paulo Apóstolo, padroeiro municipal. Data baseada em tradição religiosa consolidada na legislação local.",BA,2904803
25/01/2016,Dia de São Paulo Apóstolo,MUNICIPAL,"Feriado religioso em honra ao padroeiro municipal, São Paulo Apóstolo. A data celebra a conversão do apóstolo, patrono da cidade.",MS,5004700
25/01/2016,Dia de São Paulo Apóstolo,MUNICIPAL,"Feriado religioso em honra à Conversão de São Paulo, padroeiro da cidade, instituído pela Lei Municipal nº 80 de 27 de agosto de 1976.",RN,2412609
26/01/2016,Aniversário de Fazenda Rio Grande,MUNICIPAL,"Feriado municipal que celebra a emancipação político-administrativa do município, ocorrida em 26 de janeiro de 1990 através da Lei Estadual nº 9.213. A data é confirmada pela Portaria nº 001/2026 da Prefeitura Municipal, marcando os 36 anos de autonomia da cidade.",PR,4107652
26/01/2016,Aniversário de Itacaré,MUNICIPAL,"Celebração do aniversário de emancipação política de Itacaré. A localidade foi elevada à categoria de município em 26 de janeiro de 1732 por ordem da Condessa do Resende, Dona Maria Athaíde e Castro. O feriado é regulamentado pelo Decreto Municipal nº 295/2026.",BA,2914901
26/01/2016,Aniversário de Nova Venécia,MUNICIPAL,"Comemoração da emancipação e instalação do município de Nova Venécia, ocorrida em 26 de janeiro de 1954. O feriado foi instituído originalmente pela Lei Municipal nº 48/1955 e é tradicionalmente celebrado como o Dia do Município.",ES,3203908
26/01/2016,Aniversário de Santos,MUNICIPAL,"Comemoração oficial da fundação da Vila de Santos em 26 de janeiro de 1546 por Brás Cubas. O feriado municipal é ratificado anualmente pelo calendário oficial do município, conforme estabelecido no Decreto Municipal nº 11.111/2025 para o exercício de 2026.",SP,3548500
26/01/2016,Emancipação Política de Santo Antônio do Pinhal,MUNICIPAL,"Feriado municipal instituído pela Lei Ordinária nº 908/2004, em comemoração à emancipação política do município de Santo Antônio do Pinhal, celebrada anualmente no dia 26 de janeiro.",SP,3548203
27/01/2016,Aniversário de Pedro Leopoldo,MUNICIPAL,"Feriado municipal em comemoração ao aniversário de emancipação política e administrativa do município de Pedro Leopoldo. A cidade foi oficialmente instalada em 27 de janeiro de 1924, após o desmembramento do território de Santa Luzia, conforme previsto na Lei Estadual nº 843, de 7 de setembro de 1923. A celebração da data como feriado local é ratificada pela Lei Municipal nº 2.756/2004 e faz parte do calendário oficial da prefeitura, coincidindo tradicionalmente com manifestações culturais como o 'Boi da Manta'.",MG,3149309
28/01/2016,Aniversário de Apucarana,MUNICIPAL,"Feriado municipal em celebração à emancipação político-administrativa de Apucarana, ocorrida em 28 de janeiro de 1944. A data é oficialmente instituída pela Lei Municipal nº 001/1954.",PR,4101408
28/01/2016,Aniversário de Giruá,MUNICIPAL,"Feriado municipal em celebração à emancipação político-administrativa de Giruá, ocorrida em 28 de janeiro de 1955.",RS,4309001
28/01/2016,Aniversário de Pitanga,MUNICIPAL,"Celebração do aniversário do município de Pitanga, em memória à sua instalação oficial ocorrida em 28 de janeiro de 1947.",PR,4119608
28/01/2016,Aniversário de Rolândia,MUNICIPAL,Feriado em comemoração à instalação do município de Rolândia em 28 de janeiro de 1944. A celebração é amparada pela Lei Municipal nº 02/1948.,PR,4122404
28/01/2016,Aniversário de Santo Antônio do Leste,MUNICIPAL,"Comemoração do aniversário do município, criado oficialmente em 28 de janeiro de 1998 através da Lei Estadual nº 6.983.",MT,5107792
28/01/2016,Aniversário de Santo Cristo,MUNICIPAL,"Comemoração da emancipação política do município de Santo Cristo, ocorrida em 28 de janeiro de 1955, conforme a Lei Estadual nº 2.525.",RS,4317905
28/01/2016,Dia de São Gonçalo (Padroeiro),MUNICIPAL,"Feriado municipal em homenagem a São Gonçalo, padroeiro de São Francisco do Conde. A data é ratificada pela Lei Municipal nº 415, de 14 de março de 1975, refletindo a tradição religiosa local.",BA,2929206
28/01/2016,Dia de São Gonçalo de Canabrava,MUNICIPAL,"Feriado municipal que celebra os festejos de São Gonçalo de Canabrava, uma das tradições religiosas mais importantes da região, fundamentada na Lei Orgânica Municipal e em decretos anuais de feriados.",BA,2919504
28/01/2016,Dia de São Gonçalo do Amarante (Padroeiro),MUNICIPAL,Celebração em honra ao padroeiro municipal. A festa de São Gonçalo em Ibituruna é reconhecida como Patrimônio Cultural Imaterial do município e do estado de Minas Gerais.,MG,3130002
28/01/2016,Dia de São Gonçalo do Amarante (Padroeiro),MUNICIPAL,"Feriado religioso em honra a São Gonçalo do Amarante, padroeiro do município. A celebração é protegida pela Lei Municipal nº 228, de 08 de setembro de 1978.",RN,2412005
28/01/2016,Dia de São Tomás de Aquino (Padroeiro),MUNICIPAL,"Feriado religioso em homenagem ao padroeiro da cidade, cuja festa litúrgica é celebrada em 28 de janeiro pela Igreja Católica.",MG,3165107
28/01/2016,Emancipação Política de Iramaia,MUNICIPAL,"Feriado que celebra o aniversário de emancipação de Iramaia, desmembrada de Barra da Estiva em 28 de janeiro de 1960, conforme estabelecido pela Lei Estadual nº 1.253.",BA,2914307
28/01/2016,Emancipação Política de Mirandiba,MUNICIPAL,"Feriado que comemora a autonomia do município de Mirandiba, ocorrida em 28 de janeiro de 1958, consolidando sua emancipação política.",PE,2609303
28/01/2016,Emancipação Política de Puxinanã,MUNICIPAL,"Feriado municipal alusivo ao aniversário da cidade, emancipada politicamente em 28 de janeiro de 1959 através da Lei Estadual nº 2.052.",PB,2512408
28/01/2016,Emancipação de Castanhal,MUNICIPAL,"Comemoração da elevação de Castanhal à categoria de cidade, ocorrida em 28 de janeiro de 1932, conforme o Decreto Estadual nº 600. Trata-se da data magna municipal que celebra sua autonomia e desenvolvimento.",PA,1502400
29/01/2016,Aniversário de Benjamin Constant,MUNICIPAL,"Feriado municipal dedicado à comemoração do aniversário de Benjamin Constant. A data marca a emancipação política e a elevação da localidade à categoria de cidade em 29 de janeiro de 1898. A celebração é uma das mais importantes do calendário local, sendo oficialmente reconhecida pela prefeitura e pela Associação Amazonense de Municípios como feriado civil.",AM,1300607
29/01/2016,Aniversário de Piraquara,MUNICIPAL,,PR,4119509
30/01/2016,Aniversário de Governador Valadares,MUNICIPAL,"Feriado municipal que celebra o aniversário de emancipação político-administrativa do município de Governador Valadares, ocorrida em 30 de janeiro de 1938. A data comemora o momento em que o antigo distrito de Figueira obteve sua autonomia em relação ao município de Peçanha. O feriado é anualmente ratificado pelo calendário oficial de feriados e pontos facultativos do Poder Executivo Municipal, como visto no Decreto nº 12.176/2025, fundamentado na relevância histórica e política da data para a comunidade local.",MG,3127701
31/01/2016,Aniversário de Barbosa,MUNICIPAL,"Feriado municipal que celebra a fundação da cidade de Barbosa, ocorrida em 31 de janeiro de 1960. A data homenageia a história do município e seus fundadores, Joaquim Barbosa de Carvalho e Dona Ricardina.",SP,3505104
31/01/2016,Aniversário de Campo Bom,MUNICIPAL,"Feriado municipal que celebra a emancipação político-administrativa de Campo Bom, ocorrida em 31 de janeiro de 1959, após o desmembramento do município de São Leopoldo. A data é o principal marco histórico da autonomia da cidade.",RS,4303905
31/01/2016,Aniversário de Nhamundá,MUNICIPAL,"Celebração do aniversário do município de Nhamundá. A data de 31 de janeiro foi incluída no Calendário Oficial de Eventos do Estado do Amazonas por meio da Lei nº 6.958, de 1º de julho de 2024, em reconhecimento à fundação da cidade em 1956.",AM,1303007
31/01/2016,Aniversário de Tarumirim,MUNICIPAL,"Comemoração da emancipação político-administrativa do município de Tarumirim. O feriado é regido pela Lei Municipal nº 390/CMT/2011, que em seu Artigo 1º, inciso II, define o dia 31 de janeiro como o 'Dia do Aniversário da Cidade'.",MG,3168408
31/01/2016,Aniversário de Água Comprida,MUNICIPAL,"Feriado municipal que celebra o aniversário de emancipação da cidade. A data foi estabelecida legalmente pela Lei Municipal nº 306/1989 (que sucedeu a Lei 269/1986), sendo consagrada à comemoração da história e autonomia da localidade.",MG,3100708
31/01/2016,Dia do Senhor do Bonfim,MUNICIPAL,"Feriado municipal religioso dedicado ao Senhor do Bonfim, padroeiro da cidade de Ibititá. A data é oficialmente decretada como feriado pelo Decreto Municipal nº 004, de 25 de janeiro de 2011, em virtude dos festejos religiosos tradicionais.",BA,2913101
31/01/2016,Emancipação Política de Jiquiriçá,MUNICIPAL,"Feriado que comemora a emancipação política de Jiquiriçá. A autonomia do município foi restaurada em 31 de janeiro de 1891, através de ato estadual que restabeleceu sua independência administrativa em relação a São Vicente Férrer d’Areia.",BA,2918209
31/01/2016,Instalação do Município de Tavares,MUNICIPAL,"Feriado municipal em celebração à instalação oficial da administração de Tavares. Embora a data de emancipação seja celebrada em maio, o dia 31 de janeiro é reconhecido como feriado alusivo à instalação dos poderes municipais após o desmembramento de Mostardas.",RS,4321352
01/02/2016,Aniversário de Emancipação de Missal,MUNICIPAL,"Feriado municipal em celebração à emancipação político-administrativa de Missal, no Paraná. O município foi criado pela Lei Estadual nº 7.566/1981 e teve sua instalação oficial em 1º de fevereiro de 1983, data em que tomou posse o primeiro prefeito e a primeira legislatura da Câmara Municipal após o desmembramento de Medianeira.",PR,4116059
01/02/2016,Aniversário de Nova Crixás,MUNICIPAL,"Feriado municipal que celebra o aniversário de emancipação de Nova Crixás, Goiás. A data comemora a instalação oficial do município ocorrida em 1º de fevereiro de 1983, consolidando a autonomia política estabelecida pela Lei Estadual nº 8.847/1980 e ratificada pela Lei Orgânica Municipal.",GO,5214838
01/02/2016,Aniversário de Nova Prata do Iguaçu,MUNICIPAL,"Feriado municipal que celebra o aniversário de emancipação de Nova Prata do Iguaçu, Paraná. O município foi criado pela Lei Estadual nº 7.661/1982 e instalado oficialmente em 1º de fevereiro de 1983, data que marca o desmembramento definitivo do território do município de Salto do Lontra.",PR,4117255
01/02/2016,Aniversário de Tabatinga,MUNICIPAL,"Feriado municipal em celebração ao aniversário de Tabatinga, no Amazonas. A data marca a instalação oficial da estrutura administrativa e a autonomia política do município ocorrida em 1º de fevereiro de 1983, após sua criação pela Lei Estadual nº 1.511/1981. A data consta no Calendário Oficial do Estado conforme a Lei nº 7.989/2025.",AM,1304062
01/02/2016,Dia da Instalação do Município de Costa Marques,MUNICIPAL,"Feriado municipal em comemoração à instalação do município de Costa Marques, em Rondônia, ocorrida solenemente em 1º de fevereiro de 1983. A data foi instituída como feriado oficial pela Lei Municipal nº 26/1985, celebrando a posse definitiva dos poderes Executivo e Legislativo após a criação do ente federado pela Lei Federal nº 6.921/1981.",RO,1100080
01/02/2016,Dia da Instalação do Município de Indiara,MUNICIPAL,"Feriado municipal que celebra a instalação oficial do município de Indiara, Goiás, ocorrida em 1º de fevereiro de 1983. A emancipação política foi estabelecida pela Lei Estadual nº 9.183/1982, desmembrando o território de Edéia, Jandaia e Palmeiras de Goiás para a formação da nova unidade administrativa.",GO,5209952
01/02/2016,Emancipação Política de Atalaia,MUNICIPAL,"Feriado municipal em comemoração à emancipação político-administrativa de Atalaia, Alagoas. A data recorda o dia 1º de fevereiro de 1764, quando a localidade foi elevada à categoria de Vila de Atalaia, tornando-se o quarto núcleo de povoamento do estado e cidade-mãe de diversos municípios da região da Mata Alagoana.",AL,2700409
02/02/2016,Dia da Padroeira e Aniversário de Indaiatuba,MUNICIPAL,"Feriado municipal em celebração à Nossa Senhora da Candelária, padroeira da cidade, e ao aniversário de fundação de Indaiatuba. Data fixada pela Lei Municipal nº 8.241/2024 e tradição histórica local.",SP,3520509
02/02/2016,Dia de Nossa Senhora d'Ajuda,MUNICIPAL,"Feriado municipal em Itaporanga d'Ajuda dedicado à celebração de sua padroeira, Nossa Senhora d'Ajuda.",SE,2803203
02/02/2016,Dia de Nossa Senhora d'Ajuda e Bonsucesso,MUNICIPAL,Feriado municipal em Ilhabela em honra à padroeira da cidade. A data é marcada por procissões e festejos tradicionais no Centro Histórico.,SP,3520400
02/02/2016,Dia de Nossa Senhora da Luz,MUNICIPAL,"Feriado municipal em Luz em honra à padroeira da cidade, conforme a Lei Municipal nº 461/1982.",MG,3138807
02/02/2016,Dia de Nossa Senhora da Purificação,MUNICIPAL,Feriado religioso tradicional em Ibicaraí dedicado à Nossa Senhora da Purificação (Candelária).,BA,2912103
02/02/2016,Dia de Nossa Senhora das Candeias,MUNICIPAL,"Feriado municipal em Jaguaribe dedicado à sua padroeira, Nossa Senhora das Candeias, conforme a Lei Municipal nº 1.352/2016.",CE,2306900
02/02/2016,Dia de Nossa Senhora do Bom Conselho,MUNICIPAL,"Feriado municipal dedicado à padroeira de Arapiraca, Nossa Senhora do Bom Conselho. A data marca o encerramento das festividades religiosas, conforme a Lei Municipal nº 3.085/2015.",AL,2700300
02/02/2016,Dia de Nossa Senhora do Pilar,MUNICIPAL,"Feriado municipal em Pilar dedicado à sua padroeira, Nossa Senhora do Pilar, conforme a Lei Municipal nº 582/2015.",AL,2706901
02/02/2016,Dia de Nossa Senhora dos Navegantes,MUNICIPAL,"Feriado municipal em Porto dos Gaúchos em honra à padroeira Nossa Senhora dos Navegantes, conforme o Decreto Municipal nº 018/2025.",MT,5106802
02/02/2016,Dia de Nossa Senhora dos Navegantes,MUNICIPAL,"Feriado municipal em Guaíra em homenagem à padroeira da cidade, Nossa Senhora dos Navegantes, conforme tradição estabelecida desde 1965.",PR,4108809
02/02/2016,Dia de Nossa Senhora dos Navegantes,MUNICIPAL,"Feriado municipal em Charqueadas em celebração a Nossa Senhora dos Navegantes, padroeira afetiva de diversos municípios gaúchos e protetora dos marinheiros e pescadores.",RS,4305355
02/02/2016,Dia de Nossa Senhora dos Navegantes,MUNICIPAL,"Feriado municipal em Jaguarão dedicado à Nossa Senhora dos Navegantes, celebrada tradicionalmente com procissões e eventos religiosos na região da fronteira.",RS,4311007
02/02/2016,Dia de Nossa Senhora dos Navegantes,MUNICIPAL,"Feriado municipal em Palmares do Sul em honra à padroeira Nossa Senhora dos Navegantes, marco religioso importante para a comunidade local.",RS,4313656
02/02/2016,Dia de Nossa Senhora dos Navegantes,MUNICIPAL,"Feriado municipal em Pelotas dedicado à Nossa Senhora dos Navegantes, padroeira dos marinheiros e pescadores da região.",RS,4314407
02/02/2016,Dia de Nossa Senhora dos Navegantes,MUNICIPAL,"Feriado municipal na cidade portuária de Rio Grande em celebração à sua padroeira, Nossa Senhora dos Navegantes.",RS,4315602
02/02/2016,Dia de Nossa Senhora dos Navegantes,MUNICIPAL,"Feriado municipal em Salto do Jacuí em celebração a Nossa Senhora dos Navegantes, conforme tradição religiosa local.",RS,4316451
02/02/2016,Dia de Nossa Senhora dos Navegantes,MUNICIPAL,Feriado municipal em Santa Vitória do Palmar dedicado à celebração de Nossa Senhora dos Navegantes.,RS,4317301
02/02/2016,Dia de Nossa Senhora dos Navegantes,MUNICIPAL,"Feriado municipal em São José do Norte em honra à padroeira Nossa Senhora dos Navegantes, tradicional protetora dos navegantes da região.",RS,4318507
02/02/2016,Dia de Nossa Senhora dos Navegantes,MUNICIPAL,"Feriado municipal em São Lourenço do Sul dedicado à Nossa Senhora dos Navegantes, padroeira do município.",RS,4318804
02/02/2016,Dia de Nossa Senhora dos Navegantes,MUNICIPAL,"Feriado municipal em Torres em honra à Nossa Senhora dos Navegantes, conforme a Lei Municipal nº 3.737/2003.",RS,4321501
02/02/2016,Dia de Nossa Senhora dos Navegantes,MUNICIPAL,"Feriado municipal em Tramandaí em celebração à padroeira dos navegantes e pescadores, Nossa Senhora dos Navegantes.",RS,4321600
02/02/2016,Dia de Nossa Senhora dos Navegantes,MUNICIPAL,"Feriado municipal em Bombinhas em honra à padroeira Nossa Senhora dos Navegantes, conforme a Lei Municipal nº 35/1993.",SC,4202453
02/02/2016,Dia de Nossa Senhora dos Navegantes,MUNICIPAL,,SC,4212254
02/02/2016,Dia de Nossa Senhora dos Navegantes,MUNICIPAL,"Feriado municipal em Rosana dedicado à sua padroeira, Nossa Senhora dos Navegantes, instituído pela Lei Municipal nº 1.119/2009.",SP,3544251
02/02/2016,Dia de Santa Maria Madalena,MUNICIPAL,"Feriado municipal em União dos Palmares em homenagem à sua padroeira, Santa Maria Madalena. A data marca o encerramento da festividade religiosa centenária.",AL,2709301
02/02/2016,Emancipação Política de Araputanga,MUNICIPAL,"Feriado municipal que celebra a emancipação política de Araputanga, ocorrida em 2 de fevereiro de 1981, conforme Decreto Municipal nº 134/2025.",MT,5101258
02/02/2016,Emancipação Política de Jacaraú,MUNICIPAL,"Feriado municipal que celebra a autonomia administrativa de Jacaraú, conquistada em 2 de fevereiro de 1961. A data é marcada por solenidades cívicas e festejos populares.",PB,2507309
02/02/2016,Emancipação Política de Olivença,MUNICIPAL,"Feriado municipal que celebra a autonomia administrativa de Olivença, conquistada em 2 de fevereiro de 1959. A data é o marco civil mais importante da cidade.",AL,2706000
02/02/2016,Emancipação Política de Xavantina,MUNICIPAL,"Feriado municipal que celebra a emancipação político-administrativa do município de Xavantina, ocorrida em 2 de fevereiro de 1964.",SC,4219606
02/02/2016,Feriado Municipal,MUNICIPAL,,PE,2601409
02/02/2016,Festa da Padroeira Nossa Senhora do Socorro,MUNICIPAL,"Feriado municipal em celebração à padroeira do município, Nossa Senhora do Socorro.",SE,2804805
02/02/2016,Festa de Nossa Senhora da Piedade,MUNICIPAL,"Feriado religioso em honra a Nossa Senhora da Piedade, padroeira do município de Anadia, conforme estabelecido pela Lei Municipal nº 600/2015.",AL,2700201
02/02/2016,Festa de Nossa Senhora da Purificação,MUNICIPAL,"Feriado municipal em honra à padroeira de Prado, Nossa Senhora da Purificação. A data integra o calendário oficial de eventos religiosos da cidade.",BA,2925501
02/02/2016,Festa de Nossa Senhora da Purificação,MUNICIPAL,"Feriado religioso em Capela em honra à Nossa Senhora da Purificação, padroeira do município.",SE,2801306
02/02/2016,Festa de Nossa Senhora do Amparo,MUNICIPAL,"Feriado municipal em celebração à Nossa Senhora do Amparo, padroeira de Sátiro Dias, conforme decreto municipal anual.",BA,2929701
02/02/2016,Festa de Nossa Senhora dos Milagres,MUNICIPAL,Feriado municipal em Milagres dedicado à padroeira Nossa Senhora dos Milagres.,BA,2921302
02/02/2016,Festa de São Sebastião,MUNICIPAL,"Feriado municipal em Canhotinho que marca o encerramento solene da festa do padroeiro São Sebastião, tradição centenária celebrada em 2 de fevereiro.",PE,2603702
02/02/2016,Festa do Senhor Bom Jesus dos Passos,MUNICIPAL,"Feriado municipal em Lençóis dedicado ao Senhor Bom Jesus dos Passos, padroeiro dos garimpeiros. A data marca a chegada da imagem à cidade em 1852 e é Patrimônio Imaterial da Bahia.",BA,2919306
02/02/2016,N. Senhora da Luz,MUNICIPAL,Dia de Nossa Senhora da Luz,PB,2506301
02/02/2016,N. Senhora das Candeias,MUNICIPAL,Nossa Senhora das Candeias,PR,4108601
02/02/2016,N. Sra. de Belém,MUNICIPAL,Padroeira de Guarapuava,PR,4109401
02/02/2016,N. Sra. dos Navegantes,MUNICIPAL,Dia de Nossa Senhora dos Navegantes,SC,4211306
02/02/2016,Navegantes,MUNICIPAL,Dia de Nossa Senhora dos Navegantes e Iemanjá,RS,4306601
02/02/2016,Nossa Senhora da Boa Viagem,MUNICIPAL,Feriado municipal em Paramirim dedicado à celebração da padroeira do distrito de Canabravinha e tradição local.,BA,2923605
02/02/2016,Nossa Senhora da Conceição,MUNICIPAL,"Feriado municipal em São Luís do Quitunde em honra à sua padroeira, Nossa Senhora da Conceição. A data de 2 de fevereiro celebra a chegada da imagem ao município, sendo a tradição religiosa mais antiga local.",AL,2708501
02/02/2016,Nossa Senhora da Guia,MUNICIPAL,"Feriado municipal em Umbaúba em honra à sua padroeira, Nossa Senhora da Guia, conforme previsto na Lei Orgânica Municipal.",SE,2807600
02/02/2016,Nossa Senhora da Luz,MUNICIPAL,Feriado municipal em Portel em honra à padroeira Nossa Senhora da Luz.,PA,1505809
02/02/2016,Nossa Senhora da Luz,MUNICIPAL,"Feriado municipal em Tapira em honra à padroeira do município, Nossa Senhora da Luz.",PR,4126900
02/02/2016,Nossa Senhora da Luz,MUNICIPAL,"Feriado municipal em Pinheiro Machado em honra à sua padroeira, Nossa Senhora da Luz.",RS,4314506
02/02/2016,Nossa Senhora da Purificação,MUNICIPAL,Feriado religioso em Irará em honra à Nossa Senhora da Purificação.,BA,2914505
02/02/2016,Nossa Senhora da Purificação,MUNICIPAL,Feriado municipal em Nazaré dedicado à Nossa Senhora da Purificação.,BA,2922508
02/02/2016,Nossa Senhora da Purificação,MUNICIPAL,Feriado municipal em Santo Amaro em honra à padroeira Nossa Senhora da Purificação.,BA,2928604
02/02/2016,Nossa Senhora da Purificação,MUNICIPAL,"Feriado municipal em Saboeiro dedicado à sua padroeira, Nossa Senhora da Purificação.",CE,2311900
02/02/2016,Nossa Senhora da Purificação,MUNICIPAL,"Feriado religioso em Belém de Maria em homenagem a Nossa Senhora da Purificação, padroeira do município.",PE,2601508
02/02/2016,Nossa Senhora da Purificação,MUNICIPAL,Feriado religioso em São Vicente Ferrer em celebração a Nossa Senhora da Purificação.,PE,2613800
02/02/2016,Nossa Senhora da Saúde,MUNICIPAL,Feriado municipal em Dois Riachos em honra à padroeira Nossa Senhora da Saúde.,AL,2702504
02/02/2016,Nossa Senhora da Saúde,MUNICIPAL,Feriado municipal em Piranhas em homenagem à padroeira Nossa Senhora da Saúde.,AL,2707107
02/02/2016,Nossa Senhora da Saúde,MUNICIPAL,Feriado religioso em Jussiape dedicado à padroeira Nossa Senhora da Saúde.,BA,2918605
02/02/2016,Nossa Senhora da Saúde,MUNICIPAL,Feriado religioso em Tacaratu dedicado à padroeira Nossa Senhora da Saúde.,PE,2614808
02/02/2016,Nossa Senhora das Brotas,MUNICIPAL,Feriado municipal em Atalaia em homenagem à padroeira Nossa Senhora das Brotas.,AL,2700409
02/02/2016,Nossa Senhora das Candeias,MUNICIPAL,"Feriado municipal em Acajutiba em honra à sua padroeira, Nossa Senhora das Candeias, conforme Decreto Municipal nº 005/2026.",BA,2900306
02/02/2016,Nossa Senhora das Candeias,MUNICIPAL,"Feriado municipal em Candeias em honra à sua padroeira homônima, Nossa Senhora das Candeias.",BA,2906501
02/02/2016,Nossa Senhora das Graças,MUNICIPAL,Feriado municipal em Paulo Jacinto dedicado à padroeira Nossa Senhora das Graças.,AL,2706604
02/02/2016,Nossa Senhora do Bom Conselho,MUNICIPAL,"Feriado municipal em Bom Jardim dedicado à celebração de sua padroeira, Nossa Senhora do Bom Conselho.",PE,2602209
02/02/2016,Nossa Senhora do Desterro,MUNICIPAL,"Feriado religioso em Agrestina em honra à Nossa Senhora do Desterro, padroeira do município.",PE,2600302
02/02/2016,Nossa Senhora do Desterro,MUNICIPAL,"Celebração municipal em Itambé em homenagem à sua padroeira, Nossa Senhora do Desterro.",PE,2607653
02/02/2016,Nossa Senhora do Perpétuo Socorro,MUNICIPAL,Feriado religioso em Toritama em celebração à Nossa Senhora do Perpétuo Socorro.,PE,2615409
02/02/2016,Nossa Senhora dos Navegantes,MUNICIPAL,Feriado municipal em Amaral Ferrador dedicado à celebração de Nossa Senhora dos Navegantes.,RS,4300638
02/02/2016,Nossa Senhora dos Navegantes,MUNICIPAL,Feriado municipal em Barra do Ribeiro dedicado à Nossa Senhora dos Navegantes.,RS,4301909
02/02/2016,Nossa Senhora dos Navegantes,MUNICIPAL,Feriado municipal em Cachoeirinha em honra à Nossa Senhora dos Navegantes.,RS,4303103
02/02/2016,Nossa Senhora dos Navegantes,MUNICIPAL,Feriado em Camaquã dedicado à celebração de Nossa Senhora dos Navegantes.,RS,4303509
02/02/2016,Nossa Senhora dos Navegantes,MUNICIPAL,Feriado municipal em Campinas do Sul em honra à Nossa Senhora dos Navegantes.,RS,4303806
02/02/2016,Nossa Senhora dos Navegantes,MUNICIPAL,conforme Lei Municipal nº 1.159 de 31/01/1967,RS,4304606
02/02/2016,Nossa Senhora dos Navegantes,MUNICIPAL,Feriado municipal em Capivari do Sul em honra à padroeira Nossa Senhora dos Navegantes.,RS,4304671
02/02/2016,Nossa Senhora dos Navegantes,MUNICIPAL,Feriado municipal em Dona Francisca em celebração à Nossa Senhora dos Navegantes.,RS,4306700
02/02/2016,Nossa Senhora dos Navegantes,MUNICIPAL,Feriado municipal em Eldorado do Sul em honra à padroeira Nossa Senhora dos Navegantes.,RS,4306767
02/02/2016,Nossa Senhora dos Navegantes,MUNICIPAL,Feriado municipal em Guaíba em honra à padroeira Nossa Senhora dos Navegantes.,RS,4309308
02/02/2016,Nossa Senhora dos Navegantes,MUNICIPAL,Feriado municipal em Manoel Viana dedicado à celebração de Nossa Senhora dos Navegantes.,RS,4311759
02/02/2016,Nossa Senhora dos Navegantes,MUNICIPAL,Feriado municipal em Mormaço em celebração à Nossa Senhora dos Navegantes.,RS,4312427
02/02/2016,Nossa Senhora dos Navegantes,MUNICIPAL,Feriado municipal em Mostardas em honra à padroeira Nossa Senhora dos Navegantes.,RS,4312500
02/02/2016,Nossa Senhora dos Navegantes,MUNICIPAL,Feriado municipal em Muçum dedicado à celebração de Nossa Senhora dos Navegantes.,RS,4312609
02/02/2016,Nossa Senhora dos Navegantes,MUNICIPAL,Feriado municipal em Nova Santa Rita dedicado à Nossa Senhora dos Navegantes.,RS,4313375
02/02/2016,Nossa Senhora dos Navegantes,MUNICIPAL,Feriado municipal em Piratini em honra à padroeira Nossa Senhora dos Navegantes.,RS,4314605
02/02/2016,Nossa Senhora dos Navegantes,MUNICIPAL,"conforme a Lei nº 4453, de 18 de setembro de 1978",RS,4314902
02/02/2016,Nossa Senhora dos Navegantes,MUNICIPAL,Feriado municipal em Porto Lucena dedicado à celebração de Nossa Senhora dos Navegantes.,RS,4315008
02/02/2016,Nossa Senhora dos Navegantes,MUNICIPAL,,RS,4315701
02/02/2016,Nossa Senhora dos Navegantes,MUNICIPAL,Feriado municipal em Rodeio Bonito em honra à padroeira Nossa Senhora dos Navegantes.,RS,4315909
02/02/2016,Nossa Senhora dos Navegantes,MUNICIPAL,Feriado municipal em Ronda Alta em honra à padroeira Nossa Senhora dos Navegantes.,RS,4316105
02/02/2016,Nossa Senhora dos Navegantes,MUNICIPAL,Feriado municipal em Sobradinho dedicado à celebração de Nossa Senhora dos Navegantes.,RS,4320701
02/02/2016,Nossa Senhora dos Navegantes,MUNICIPAL,Feriado municipal em Tapes em celebração à Nossa Senhora dos Navegantes.,RS,4321105
02/02/2016,Nossa Senhora dos Navegantes,MUNICIPAL,Feriado municipal em Triunfo dedicado à celebração de Nossa Senhora dos Navegantes.,RS,4322004
02/02/2016,Nossa Senhora dos Navegantes,MUNICIPAL,Feriado municipal em Vicente Dutra em celebração à Nossa Senhora dos Navegantes.,RS,4323101
02/02/2016,Nossa Senhora dos Navegantes,MUNICIPAL,Feriado municipal em Itapema dedicado à Nossa Senhora dos Navegantes.,SC,4208302
02/02/2016,Nossa Senhora dos Navegantes,MUNICIPAL,Feriado municipal em Mondaí em celebração à Nossa Senhora dos Navegantes.,SC,4211009
02/02/2016,Nossa Senhora dos Navegantes,MUNICIPAL,Feriado municipal em Ouro dedicado à celebração de Nossa Senhora dos Navegantes.,SC,4211801
02/02/2016,Nossa Sra da Candelária,MUNICIPAL,"Consagrado a Nossa Senhora da Candelária, padroeira de Corumbá",MS,5003207
02/02/2016,Nossa Sra. da Candelária e Aniversário de Itu,MUNICIPAL,"Feriado em comemoração ao 416º aniversário de fundação de Itu (1610) e em honra à sua padroeira, Nossa Senhora da Candelária. É a data magna da Estância Turística de Itu.",SP,3523909
02/02/2016,Nossa Sra. dos Navegantes,MUNICIPAL,Dia de Nossa Senhora dos Navegantes,SC,4209409
02/02/2016,Padroeira,MUNICIPAL,"Nossa Senhora da Piedade, padroeira de Campo Largo",PR,4104204
02/02/2016,Senhor do Bom Jesus do Bonfim,MUNICIPAL,Feriado municipal em Viçosa dedicado à celebração do Senhor do Bom Jesus do Bonfim.,AL,2709400
03/02/2016,Aniversário de Guapé,MUNICIPAL,"Feriado municipal em celebração à instalação do município de Guapé, ocorrida em 03 de fevereiro de 1924. A data marca a autonomia administrativa definitiva da cidade.",MG,3128105
03/02/2016,Aniversário de Saboeiro,MUNICIPAL,"Feriado municipal em comemoração à emancipação política de Saboeiro, ocorrida em 03 de fevereiro de 1823. A data celebra a fundação da vila e a história do município no Sertão dos Inhamuns.",CE,2311900
03/02/2016,Dia de São Brás,MUNICIPAL,"Feriado municipal em celebração ao dia de São Brás, data de forte tradição religiosa que antecede as comemorações da emancipação política do município (04 de fevereiro).",BA,2931202
03/02/2016,Dia de São Brás,MUNICIPAL,"Feriado municipal em honra a São Brás, conforme estabelecido pela Lei Municipal nº 636 de 31 de janeiro de 1989. É uma data de grande relevância cultural e religiosa para a comunidade de Ouricuri.",PE,2609907
03/02/2016,Dia de São Brás (Padroeiro),MUNICIPAL,"Feriado municipal dedicado ao padroeiro da cidade, São Brás. A data é oficializada por decreto (ex: Decreto nº 3.632/2026), sendo o principal feriado religioso do município.",MG,3160900
03/02/2016,Dia de São Brás (Padroeiro),MUNICIPAL,"Feriado municipal em celebração a São Brás, padroeiro do município de Paraí. A data é fixada pela Lei Municipal nº 751/1991 e marca as principais festividades da paróquia local.",RS,4314001
03/02/2016,Festa de São Sebastião,MUNICIPAL,"Feriado municipal estabelecido em virtude das celebrações da tradicional Festa de São Sebastião. Em 2026, a prefeitura decretou feriado nos dias 02 e 03 de fevereiro para as comemorações do centenário da festividade.",PE,2602209
04/02/2016,Aniversário de Dois Córregos,MUNICIPAL,"Feriado municipal que comemora a fundação da cidade de Dois Córregos, em São Paulo, ocorrida em 4 de fevereiro de 1856. Reconhecida como a 'Capital Nacional da Macadâmia' e 'Capital Estadual da Poesia', o município celebra a data com eventos cívicos, a Prova Pedestre e a tradicional 'Festa das Nações', que reúne as entidades locais.",SP,3514106
04/02/2016,Aniversário de Macapá,MUNICIPAL,,AP,1600303
04/02/2016,Aniversário de Presidente Castello Branco,MUNICIPAL,"Celebração da emancipação político-administrativa do município de Presidente Castello Branco, Santa Catarina. A data remete à instalação oficial do município, ocorrida em 4 de fevereiro de 1964. O município foi criado pela Lei Estadual nº 931, de 11 de novembro de 1963, com território desmembrado do município de Ouro (que, por sua vez, havia sido desmembrado de Capinzal em 1962). As festividades costumam incluir eventos cívicos e a tradicional Festa da Gruta de Nossa Senhora de Lourdes.",SC,4213906
04/02/2016,Dia de São José de Leonissa,MUNICIPAL,"Feriado municipal em homenagem ao padroeiro de Itaocara, São José de Leonissa. Trata-se da única paróquia no Brasil dedicada a este santo, cuja festa é celebrada anualmente em 4 de fevereiro, data de sua morte em 1612. A celebração é reconhecida como Patrimônio Cultural Imaterial do município pela Lei Ordinária nº 1237/2021.",RJ,3302106
04/02/2016,Emancipação Política de Taperoá,MUNICIPAL,"Feriado municipal em celebração à emancipação político-administrativa do município de Taperoá, na Bahia, ocorrida em 4 de fevereiro de 1890. A data é oficialmente reconhecida pelo calendário do Tribunal de Justiça do Estado da Bahia (TJBA). É importante distinguir esta celebração do aniversário de fundação da cidade, que ocorre em 29 de maio (data que não é feriado municipal). As comemorações de fevereiro tradicionalmente ocorrem após a festa de São Brás (03/02), padroeiro local.",BA,2931202
05/02/2016,Aniversário de Alvinópolis,MUNICIPAL,"Feriado municipal em comemoração ao aniversário de emancipação política de Alvinópolis, ocorrida em 5 de fevereiro de 1891, data em que foi elevada à categoria de vila e desmembrada de Mariana.",MG,3102308
05/02/2016,Aniversário de Amontada,MUNICIPAL,"Feriado municipal em comemoração à emancipação política de Amontada, oficializada pela Lei Estadual nº 11.010 em 5 de fevereiro de 1985, quando o município se desmembrou de Itapipoca.",CE,2300754
05/02/2016,Aniversário de Arenápolis,MUNICIPAL,"Feriado municipal em celebração à instalação oficial do município de Arenápolis, ocorrida em 5 de fevereiro de 1954. O município foi criado pela Lei Estadual nº 704/1953, sendo desmembrado de Barra do Bugres.",MT,5101308
05/02/2016,Aniversário de Colombo,MUNICIPAL,"Aniversário da emancipação e instalação do município, conforme a Lei Orgânica Municipal de Colombo",PR,4105805
05/02/2016,Aniversário de Itarema,MUNICIPAL,"Feriado municipal que celebra a emancipação política de Itarema, ocorrida em 5 de fevereiro de 1985 por meio da Lei Estadual nº 11.008, marcando sua autonomia administrativa em relação ao município de Acaraú.",CE,2306553
05/02/2016,Aniversário de Nortelândia,MUNICIPAL,"Feriado municipal que celebra a instalação do município de Nortelândia em 5 de fevereiro de 1954, data que marca sua autonomia administrativa.",MT,5106000
05/02/2016,Aniversário de Umirim,MUNICIPAL,"Celebração do aniversário de emancipação política do município de Umirim, oficializada pela Lei Estadual nº 11.006 em 5 de fevereiro de 1985.",CE,2313757
05/02/2016,Dia da Emancipação Política de Varjota,MUNICIPAL,"Feriado municipal que celebra a conquista da autonomia política de Varjota em 5 de fevereiro de 1985, através da Lei Estadual nº 11.007, após desmembramento de Reriutaba. A data é ratificada pela Lei Municipal nº 720/2021.",CE,2313955
05/02/2016,Dia de Santa Águeda (Padroeira),MUNICIPAL,"Feriado municipal religioso em honra a Santa Águeda, padroeira de Pesqueira e da Catedral Diocesana. A festividade é protegida pela tradição local e fundamentada legalmente pela Lei Municipal nº 356/1967.",PE,2610905
06/02/2016,Aniversário de Araruama,MUNICIPAL,"Feriado municipal que celebra o aniversário de emancipação político-administrativa de Araruama. A data comemora o dia 6 de fevereiro de 1859, marco da elevação da localidade à categoria de vila e sua consequente autonomia em relação a Cabo Frio. A celebração é ratificada pela legislação municipal e pela Lei Orgânica do Município, sendo uma das datas mais importantes da Região dos Lagos.",RJ,3300209
06/02/2016,Emancipação Política de Umbaúba,MUNICIPAL,"Feriado municipal em celebração à emancipação político-administrativa de Umbaúba, ocorrida em 6 de fevereiro de 1954 por meio da Lei Estadual nº 554. A data marca o desmembramento oficial do território em relação ao município de Arauá, consolidando a autonomia do município no sul sergipano. A comemoração é prevista na Lei Orgânica Municipal e no calendário oficial de feriados da prefeitura.",SE,2807600
06/02/2016,Feriado a Confirmar (Cidade Incorreta),MUNICIPAL,"Esta data (06/02) refere-se ao feriado de emancipação política de Umbaúba, mas não consta como feriado oficial para Japoatã. De acordo com a Lei Municipal nº 273/2005 de Japoatã, as datas magnas do município ocorrem em novembro: o Dia da Emancipação Política (23 de novembro) e o dia da Padroeira, Nossa Senhora do Desterro (25 de novembro).",SE,2803401
07/02/2016,Dia da Batalha do Reduto (Data Comemorativa),MUNICIPAL,"Data de grande relevância histórica que rememora a Batalha do Reduto, ocorrida em 7 de fevereiro de 1832 no contexto da Guerra dos Cabanos (Cabanada). Embora a data seja instituída no Calendário Oficial de Eventos do Estado de Pernambuco pela Lei nº 13.872/2009 e celebrada civicamento no município pela bravura e resistência no Forte de Rio Formoso, ela não é classificada como feriado civil (folga) pela Lei Municipal nº 1.439/2011, tratando-se, portanto, de uma data comemorativa oficial.",PE,2611903
07/02/2016,Emancipação Política de Propriá,MUNICIPAL,"Feriado municipal que celebra a autonomia administrativa de Propriá, conquistada em 7 de fevereiro de 1802. Originalmente um povoado conhecido como Urubu-de-Baixo, a localidade foi elevada à categoria de Vila por meio de um Alvará Régio, desmembrando-se da jurisdição de Vila-Nova do São Francisco (atual Neópolis). A data marca a consolidação da cidade como um dos principais centros comerciais e culturais da região do Baixo São Francisco sergipano, sendo carinhosamente chamada de 'Princesinha do São Francisco'.",SE,2805703
08/02/2016,Aniversário de Água Clara,MUNICIPAL,"Feriado municipal em celebração ao aniversário de emancipação político-administrativa de Água Clara. Embora o município tenha sido criado pela Lei Estadual nº 676, de 11 de dezembro de 1953, sua instalação oficial e efetiva ocorreu em 8 de fevereiro de 1954, data em que se comemora anualmente sua fundação.",MS,5000203
08/02/2016,Segunda de Carnaval,MUNICIPAL,Segunda-Feira de Carnaval,SC,4202909
09/02/2016,Aniversário do Cerco da Lapa,MUNICIPAL,"Feriado municipal fundamentado nas Leis Municipais nº 1.558/2001 e nº 2.530/2010. A data celebra a histórica resistência da ""Cidade Heroica"" durante a Revolução Federalista de 1894, quando forças republicanas (conhecidas como pica-paus), sob o comando do General Gomes Carneiro, detiveram por 26 dias o avanço das tropas federalistas (maragatos). O sacrifício dos lapaenses foi vital para a reorganização das forças legalistas e a consolidação da República no Brasil.",PR,4113205
09/02/2016,Carnaval,MUNICIPAL,"Terça feira de carnaval, feriado municipal instituído pela Lei Municipal nº 6.725/2014",MG,3104007
09/02/2016,Carnaval,MUNICIPAL,Feriado Municipal,MT,5108402
09/02/2016,Carnaval,MUNICIPAL,Terça-Feria de Carnaval,PE,2611101
09/02/2016,Carnaval,MUNICIPAL,"Terça-Feira de Carnaval, feriado Municipal segundo a Lei 1.990 de 20 de abril de 2011",RO,1100288
09/02/2016,Carnaval,MUNICIPAL,Segundo Decreto nº 8.472,SC,4202008
09/02/2016,Carnaval,MUNICIPAL,"Feriado de Carnaval, conforme lei nº 1242, de 26 de junho de 2014",SP,3554409
09/02/2016,Dia dos Mártires de Piancó,MUNICIPAL,"Feriado municipal estabelecido pela Lei nº 963, de 19 de maio de 2003. A data homenageia a memória do Padre Aristides Ferreira da Cruz e de seus companheiros, que em 9 de fevereiro de 1926 resistiram à invasão da Coluna Prestes no município. O episódio, marcado pelo sacrifício dos defensores locais contra as tropas revolucionárias, é um dos eventos históricos mais significativos do sertão paraibano. No ano de 2026, a celebração assume especial relevância ao marcar o centenário do episódio histórico.",PB,2511301
10/02/2016,Aniversário de São Raimundo das Mangabeiras,MUNICIPAL,"Feriado municipal em comemoração à emancipação política e administrativa de São Raimundo das Mangabeiras, no Maranhão. O município foi criado pela Lei Estadual nº 272, de 31 de dezembro de 1948, e oficialmente instalado em 10 de fevereiro de 1949, data em que se desmembrou do território de Loreto. A celebração é um marco da autonomia conquistada pelos pioneiros da região.",MA,2111607
10/02/2016,Aniversário de Tiros,MUNICIPAL,"Feriado municipal que celebra o aniversário de emancipação político-administrativa de Tiros, em Minas Gerais. A cidade foi oficialmente instalada em 10 de fevereiro de 1924, consolidando sua autonomia em relação ao município de São Gotardo. A data é celebrada anualmente com eventos cívicos e culturais que resgatam a história da colonização local.",MG,3168903
10/02/2016,Feriado a Confirmar (Cidade Incorreta),MUNICIPAL,"Esta data (10/02) não consta como feriado oficial para o município de Rurópolis (PA). O aniversário de fundação e feriado municipal de Rurópolis é oficialmente celebrado em 12 de fevereiro, em memória à sua inauguração em 1974 como a primeira cidade planejada às margens da rodovia Transamazônica. A presença desta data em bases genéricas decorre de feriados homônimos em outros municípios, como Tiros (MG) e São Raimundo das Mangabeiras (MA).",PA,1506195
10/02/2016,Quarta-Feira de Cinzas,MUNICIPAL,Quarta-Feira de Cinzas,BA,2913200
10/02/2016,Quarta-Feira de Cinzas,MUNICIPAL,"Quarta-Feira de Cinzas, feriado conforme lei nº 603, de 05 de março de 1996",MG,3134707
10/02/2016,Quarta-feira de cinzas,MUNICIPAL,,PE,2610707
11/02/2016,Aniversário de Aldeias Altas,MUNICIPAL,"Feriado municipal em comemoração ao aniversário de emancipação política de Aldeias Altas, fundada em 11 de fevereiro de 1962.",MA,2100303
11/02/2016,Aniversário de Antônio Prado,MUNICIPAL,"Feriado municipal que celebra o aniversário de emancipação política do município de Antônio Prado, ocorrida em 11 de fevereiro de 1899.",RS,4300802
11/02/2016,Aniversário de Araucária,MUNICIPAL,"Feriado municipal em comemoração ao aniversário de emancipação política de Araucária, ocorrida em 11 de fevereiro de 1890.",PR,4101804
11/02/2016,Aniversário de Paranacity,MUNICIPAL,"Feriado municipal celebrando o aniversário de fundação de Paranacity, ocorrida em 11 de fevereiro de 1954.",PR,4118105
11/02/2016,Aniversário de Rafard,MUNICIPAL,Feriado municipal em comemoração à fundação e autonomia política do município de Rafard.,SP,3542107
11/02/2016,Aniversário de Relvado,MUNICIPAL,"Feriado municipal celebrando o aniversário de emancipação política de Relvado, ocorrida em 11 de fevereiro de 1988.",RS,4315453
11/02/2016,Aniversário de São Gonçalo do Rio Abaixo,MUNICIPAL,"Feriado municipal em comemoração ao aniversário de emancipação política de São Gonçalo do Rio Abaixo, celebrada em 11 de fevereiro. A data marca a autonomia do município, ocorrida oficialmente em 1962.",MG,3161908
11/02/2016,Feriado a Confirmar (Data Incorreta),MUNICIPAL,"A data de 11/02 não consta na lista oficial de feriados municipais de Major Gercino (Lei nº 756/1961), que celebra seu padroeiro em 06/08 e a emancipação em 28/12.",SC,4210209
11/02/2016,Homenagem ao Fundador Francisco de Assis Leite,MUNICIPAL,"Feriado municipal em Cedro conforme o Art. 237 da Lei Orgânica do Município, em homenagem ao fundador Francisco de Assis Leite.",PE,2604304
11/02/2016,Nossa Senhora Rainha do Sertão,MUNICIPAL,"Feriado municipal em Quixadá em celebração à Nossa Senhora Imaculada Rainha do Sertão, padroeira do município, instituído pela Lei Municipal nº 1.960/2000.",CE,2311306
11/02/2016,Nossa Senhora de Lourdes,MUNICIPAL,"Feriado municipal em homenagem à Nossa Senhora de Lourdes, padroeira de Coaraci, conforme o Decreto Municipal nº 8.304/2026.",BA,2908002
11/02/2016,Nossa Senhora de Lourdes,MUNICIPAL,"Feriado municipal em honra à Nossa Senhora de Lourdes, padroeira de Ipecaetá, conforme tradição oficial.",BA,2913804
11/02/2016,Nossa Senhora de Lourdes,MUNICIPAL,Feriado municipal em Afonso Cláudio instituído pela Lei Municipal nº 1.227/1990 em honra à padroeira Nossa Senhora de Lourdes.,ES,3200102
11/02/2016,Nossa Senhora de Lourdes,MUNICIPAL,"Feriado municipal em celebração à Nossa Senhora de Lourdes, padroeira do município de Conquista, conforme tradição religiosa local e registros da Comarca.",MG,3118205
11/02/2016,Nossa Senhora de Lourdes,MUNICIPAL,"Feriado municipal dedicado à Nossa Senhora de Lourdes, padroeira de Maria da Fé, estabelecido pelo Decreto Municipal nº 4.849/2026.",MG,3139904
11/02/2016,Nossa Senhora de Lourdes,MUNICIPAL,"Feriado municipal em Vespasiano em celebração à Nossa Senhora de Lourdes, padroeira do município.",MG,3171204
11/02/2016,Nossa Senhora de Lourdes,MUNICIPAL,"Feriado municipal em Anastácio celebrando o Dia de Nossa Senhora de Lourdes, padroeira da cidade, conforme legislação municipal vigente.",MS,5000708
11/02/2016,Nossa Senhora de Lourdes,MUNICIPAL,"Feriado municipal em Apucarana em honra à sua padroeira, Nossa Senhora de Lourdes, conforme estabelecido pelo calendário oficial do município.",PR,4101408
11/02/2016,Nossa Senhora de Lourdes,MUNICIPAL,"Feriado municipal em honra à Nossa Senhora de Lourdes, padroeira de Planalto (PR), conforme calendário administrativo municipal.",PR,4119806
11/02/2016,Nossa Senhora de Lourdes,MUNICIPAL,"Feriado municipal em celebração à padroeira Nossa Senhora de Lourdes em Tupãssi, conforme o calendário municipal oficial.",PR,4127957
11/02/2016,Nossa Senhora de Lourdes,MUNICIPAL,"Feriado municipal em Ipanguaçu em celebração à padroeira Nossa Senhora de Lourdes, conforme tradição e leis locais.",RN,2404705
11/02/2016,Nossa Senhora de Lourdes,MUNICIPAL,"Feriado municipal em Cacique Doble em honra à padroeira Nossa Senhora de Lourdes, conforme Decreto Municipal nº 1.114/2026.",RS,4303202
11/02/2016,Nossa Senhora de Lourdes,MUNICIPAL,"Feriado municipal em Capão da Canoa em homenagem à sua padroeira, Nossa Senhora de Lourdes.",RS,4304630
11/02/2016,Nossa Senhora de Lourdes,MUNICIPAL,Feriado municipal em Nova Alvorada celebrando a padroeira Nossa Senhora de Lourdes.,RS,4312757
11/02/2016,Nossa Senhora de Lourdes,MUNICIPAL,"Feriado municipal em Veranópolis em honra à padroeira Nossa Senhora de Lourdes. A celebração é marcada pela tradicional romaria à Gruta de Nossa Senhora de Lourdes, um dos principais pontos de devoção religiosa e turística da Serra Gaúcha.",RS,4322806
11/02/2016,Nossa Senhora de Lourdes,MUNICIPAL,"Feriado municipal em Angelina em celebração à sua padroeira, Nossa Senhora de Lourdes. A data é de grande relevância para o município, que abriga o Santuário Nossa Senhora de Angelina e uma famosa gruta dedicada à santa, atraindo peregrinos de todo o estado.",SC,4200903
11/02/2016,Nossa Senhora de Lourdes,MUNICIPAL,"Feriado municipal em Nossa Senhora de Lourdes (SE) em celebração à sua padroeira, conforme o Decreto Municipal nº 05/2026.",SE,2804706
11/02/2016,Nossa Senhora de Lourdes,MUNICIPAL,"Feriado municipal em Pirambu dedicado à padroeira Nossa Senhora de Lourdes, conforme o calendário do Ministério Público de Sergipe.",SE,2805307
11/02/2016,Nossa Senhora de Lourdes,MUNICIPAL,"Feriado municipal em Águas da Prata em celebração à Nossa Senhora de Lourdes, padroeira da cidade, conforme legislação municipal.",SP,3500402
11/02/2016,Nossa Senhora de Lourdes,MUNICIPAL,"Feriado municipal em Ibirarema dedicado à celebração de sua padroeira, Nossa Senhora de Lourdes.",SP,3519501
11/02/2016,Nossa Senhora de Lourdes,MUNICIPAL,"Feriado municipal em Igaraçu do Tietê em honra à sua padroeira, Nossa Senhora de Lourdes.",SP,3520004
12/02/2016,Aniversário de Faxinal do Soturno,MUNICIPAL,"Feriado municipal que celebra a emancipação político-administrativa de Faxinal do Soturno, no Rio Grande do Sul. O município foi oficialmente criado pela Lei Estadual nº 3.711, de 12 de fevereiro de 1959, após o desmembramento de Cachoeira do Sul. A celebração é marcada por eventos na Praça Vicente Pallotti, incluindo feiras de agroindústria, artesanato e apresentações artísticas que valorizam a identidade local e a inserção da cidade no Geoparque Quarta Colônia.",RS,4308003
12/02/2016,Aniversário de Guiricema,MUNICIPAL,"Feriado municipal que celebra o aniversário de emancipação político-administrativa de Guiricema, em Minas Gerais. O município conquistou sua autonomia em 12 de fevereiro de 1939, desmembrando-se de Visconde do Rio Branco. A data é celebrada anualmente com atos cívicos e festividades na região da Zona da Mata mineira, marcando a história de desenvolvimento e a identidade do povo guiricemense.",MG,3129004
12/02/2016,Aniversário de Rurópolis,MUNICIPAL,"Feriado municipal em comemoração à fundação de Rurópolis, no Pará, estabelecido formalmente pela Lei Municipal nº 64/92. Inaugurada em 12 de fevereiro de 1974 durante o projeto de colonização da Amazônia, Rurópolis detém o título histórico de primeira cidade planejada e construída às margens da Rodovia Transamazônica (BR-230). A data é celebrada com o tradicional hasteamento das bandeiras na Praça Cívica e homenagens aos pioneiros.",PA,1506195
12/02/2016,Dia do Município (Aniversário de Taió),MUNICIPAL,"Feriado municipal em celebração à emancipação político-administrativa e instalação do município de Taió, em Santa Catarina. A data comemora a autonomia conquistada em 12 de fevereiro de 1949 e é oficialmente reconhecida no calendário de feriados (ex: Decreto nº 7.683/2022). As festividades incluem sessões solenes na Câmara de Vereadores para outorga de títulos honoríficos e eventos culturais voltados à comunidade taioense.",SC,4217808
12/02/2016,Feriado a Confirmar (Data não corroborada),MUNICIPAL,"Não foram encontradas evidências legais ou históricas que confirmem o dia 12 de fevereiro como feriado municipal em Mulungu (PB). As principais datas comemorativas do município referem-se à sua fundação em 27 de setembro de 1959 e à sua emancipação em 26 de dezembro de 1958. Recomenda-se cautela, pois a presença desta data em bases de dados pode ser fruto de inconsistência ou confusão com outros municípios de nome homônimo.",PB,2509800
13/02/2016,Aniversário de Alto Paraíso,MUNICIPAL,"Celebração do aniversário de emancipação política de Alto Paraíso, criado por meio da Lei Estadual nº 375, de 13 de fevereiro de 1992. O território do município foi desmembrado de Ariquemes.",RO,1100403
13/02/2016,Aniversário de Aquiraz,MUNICIPAL,"Feriado municipal em celebração ao 'Dia do Município' de Aquiraz, instituído em memória de sua fundação como vila em 13 de fevereiro de 1699. Aquiraz detém o título histórico de primeira capital do estado do Ceará.",CE,2301000
13/02/2016,Aniversário de Cacaulândia,MUNICIPAL,"Comemoração oficial do aniversário de criação de Cacaulândia, estabelecido pela Lei Estadual nº 374, de 13 de fevereiro de 1992. O município foi criado a partir de terras desmembradas de Ariquemes.",RO,1100601
13/02/2016,Aniversário de Corumbiara,MUNICIPAL,"Celebração do aniversário de criação de Corumbiara, instituída pela Lei Estadual nº 377, de 13 de fevereiro de 1992. O município teve seu território desmembrado de Colorado do Oeste.",RO,1100072
13/02/2016,Aniversário de Ministro Andreazza,MUNICIPAL,"Feriado municipal que celebra a criação de Ministro Andreazza, oficializada pela Lei Estadual nº 372, de 13 de fevereiro de 1992. O município foi desmembrado do território de Cacoal.",RO,1101203
13/02/2016,Aniversário de Mirante da Serra,MUNICIPAL,"Comemoração oficial do aniversário de criação de Mirante da Serra, estabelecido pela Lei Estadual nº 376, de 13 de fevereiro de 1992. O município foi criado a partir de áreas desmembradas de Ouro Preto do Oeste.",RO,1101302
13/02/2016,Aniversário de Novo Horizonte do Oeste,MUNICIPAL,"Feriado municipal em comemoração à criação de Novo Horizonte do Oeste, instituída pela Lei Estadual nº 365, de 13 de fevereiro de 1992. O novo ente federativo foi desmembrado do município de Rolim de Moura.",RO,1100502
13/02/2016,Aniversário de Seringueiras,MUNICIPAL,"Feriado municipal que celebra a criação do município de Seringueiras, oficializada pela Lei Estadual nº 371, de 13 de fevereiro de 1992. A cidade originou-se do desmembramento do território de São Miguel do Guaporé.",RO,1101500
13/02/2016,Aniversário de Urupá,MUNICIPAL,"Feriado municipal em comemoração ao aniversário de criação de Urupá, estabelecido pela Lei Estadual nº 368, de 13 de fevereiro de 1992. O município foi oficialmente criado a partir do desmembramento de áreas de Alvorada d'Oeste.",RO,1101708
14/02/2016,Aniversário de Caeté,MUNICIPAL,"Feriado municipal em comemoração à fundação da Vila Nova da Rainha em 14 de fevereiro de 1714, núcleo original da atual cidade de Caeté. A data destaca a relevância histórica do município como um dos centros pioneiros do Ciclo do Ouro em Minas Gerais e sede do Santuário de Nossa Senhora da Piedade.",MG,3110004
14/02/2016,Aniversário de Itapiranga,MUNICIPAL,"Celebração do aniversário de instalação oficial do município de Itapiranga, ocorrida em 14 de fevereiro de 1954. A cidade, reconhecida como o 'Berço Nacional da Oktoberfest', teve sua colonização iniciada em 1926 pela Sociedade União Popular (Volksverein), sendo um marco da cultura alemã no extremo oeste catarinense.",SC,4208401
14/02/2016,Aniversário de Ituporanga,MUNICIPAL,"Comemoração da instalação político-administrativa de Ituporanga, ocorrida em 14 de fevereiro de 1949, após sua criação pela Lei Estadual nº 247/1948. Conhecida como a 'Capital Nacional da Cebola', a data é considerada feriado municipal conforme estabelecido pela Lei Municipal nº 2.717/2012.",SC,4208500
14/02/2016,Aniversário de Monte Negro,MUNICIPAL,"Feriado municipal em comemoração à emancipação de Monte Negro. Embora a criação estadual do município (Lei nº 378) tenha ocorrido em 13 de fevereiro de 1992, a data oficial de celebração e o feriado municipal foram fixados no dia 14 de fevereiro pela Lei Municipal nº 63/1995.",RO,1101401
14/02/2016,Dia do Achado da Imagem,MUNICIPAL,"Feriado municipal em Vigia de Nazaré que celebra o 'Dia do Achado'. A data comemora o retorno da imagem original de Nossa Senhora de Nazaré à cidade em 14 de fevereiro de 1977, após ter sido furtada da Igreja Matriz. A celebração, oficializada pela Lei Municipal nº 02/1977, é um dos eventos religiosos e históricos mais importantes do município.",PA,1508209
14/02/2016,Dia do Fundador,MUNICIPAL,"Feriado municipal instituído pela Lei nº 280/1963 em homenagem ao fundador de Canápolis, Bernardo de Oliveira. Esta celebração ocorre anualmente em 14 de fevereiro e é juridicamente distinta do aniversário de emancipação política do município, que é comemorado em 14 de julho.",MG,3111804
14/02/2016,Emancipação Política de Delmiro Gouveia,MUNICIPAL,"Feriado municipal que celebra a emancipação de Delmiro Gouveia, ocorrida em 14 de fevereiro de 1952 via Lei Estadual nº 1.623. O município homenageia o industrial pioneiro que construiu a Usina de Angiquinho, a primeira hidrelétrica do Nordeste, impulsionando o desenvolvimento do sertão alagoano.",AL,2702405
14/02/2016,Feriado a Confirmar (Cidade Incorreta),MUNICIPAL,"Não consta feriado municipal em 14 de fevereiro para Antônio Carlos (MG). O município possui feriados em 14 de março (Lei nº 493/1967) e 27 de dezembro (Aniversário da Cidade), o que gera confusão em bases genéricas devido à proximidade de datas com cidades como Caeté (MG) e Ituporanga (SC).",MG,3102902
15/02/2016,Aniversário de Canarana,MUNICIPAL,"Feriado municipal em comemoração ao aniversário de emancipação político-administrativa de Canarana. A data marca a instalação do município em 15 de fevereiro de 1981, originada pela Lei Estadual nº 4.165/1979. É um momento de celebração da história e do desenvolvimento da cidade no Vale do Araguaia.",MT,5102702
15/02/2016,Aniversário de Cornélio Procópio,MUNICIPAL,"Feriado municipal em celebração ao aniversário de emancipação política de Cornélio Procópio. O município foi oficialmente instalado em 15 de fevereiro de 1938, após ser desmembrado de Bandeirantes. A data é resguardada pela Lei Municipal nº 478/1967.",PR,4106407
15/02/2016,Aniversário de São João do Triunfo,MUNICIPAL,"Feriado municipal que celebra o aniversário de São João do Triunfo. O município obteve sua emancipação política em 15 de fevereiro de 1890, data em que foi oficialmente instalado após o desmembramento da cidade de Palmeira. A celebração é ratificada pela Lei Municipal nº 439/1980.",PR,4125100
16/02/2016,Aniversário da Emancipação de Agudo,MUNICIPAL,"Feriado municipal em comemoração ao aniversário de emancipação político-administrativa de Agudo, ocorrida em 16 de fevereiro de 1959. A data foi oficialmente estabelecida como feriado pela Lei Municipal nº 587, de 22 de setembro de 1986, celebrando a autonomia do município em relação a Cachoeira do Sul.",RS,4300109
16/02/2016,Aniversário de Raposos,MUNICIPAL,"Feriado municipal em comemoração ao aniversário de fundação do município de Raposos. Em 2026, a cidade celebra seu 336º ano de história, remetendo ao arraial fundado em 16 de fevereiro de 1690 por bandeirantes, o que a posiciona como um dos núcleos urbanos mais antigos do estado de Minas Gerais.",MG,3153905
16/02/2016,Dia de Santa Juliana (Padroeira),MUNICIPAL,"Feriado municipal em Salto Veloso dedicado à sua padroeira, Santa Juliana. A data celebra a fé e a tradição da comunidade velosense com atos religiosos na Paróquia Santa Juliana, sendo um feriado oficial que reforça a identidade histórica do município.",SC,4215406
17/02/2016,Aniversário de Barra do Ribeiro,MUNICIPAL,"Feriado municipal em comemoração ao Dia do Município de Barra do Ribeiro, instituído pela Lei Municipal nº 271/1973.",RS,4301909
17/02/2016,Aniversário de Itaguaçu,MUNICIPAL,"Feriado municipal em celebração ao Dia do Município de Itaguaçu, conforme estabelecido pelo Decreto Municipal nº 11.832/2025 e pela Lei Ordinária Estadual nº 11.650/2022, que inclui a data no calendário oficial do Espírito Santo.",ES,3202702
17/02/2016,Aniversário de São João da Mata,MUNICIPAL,"Feriado municipal em comemoração à Emancipação Político-Administrativa do município de São João da Mata, conforme definido pelo Decreto Municipal nº 05/2021.",MG,3162302
17/02/2016,Aniversário de São Valentim,MUNICIPAL,"Feriado municipal em comemoração ao aniversário de fundação e emancipação político-administrativa do município de São Valentim (RS), ocorrida em 17 de fevereiro de 1959. A data é celebrada anualmente como feriado civil em todo o território municipal.",RS,4319703
17/02/2016,Aniversário de Vidal Ramos,MUNICIPAL,"Feriado municipal em comemoração ao aniversário de emancipação político-administrativa de Vidal Ramos, conforme a Lei Municipal nº 1.059/1994.",SC,4219200
17/02/2016,Terça-feira de Carnaval,MUNICIPAL,"Feriado estadual em todo o Rio de Janeiro, incluindo o município de Quissamã, conforme instituído pela Lei Estadual nº 5.243/2008.",RJ,3304151
18/02/2016,Aniversário de Bady Bassitt,MUNICIPAL,"Feriado municipal celebrando o aniversário de emancipação político-administrativa de Bady Bassitt, ocorrida em 18 de fevereiro de 1959 por meio da Lei Estadual nº 5.285.",SP,3504602
18/02/2016,Aniversário de Cajamar,MUNICIPAL,"Feriado municipal celebrando o aniversário de emancipação de Cajamar, ocorrida em 18 de fevereiro de 1959 através da Lei Estadual nº 5.285.",SP,3509205
18/02/2016,Aniversário de Colômbia,MUNICIPAL,"Feriado municipal que celebra o aniversário de fundação de Colômbia, município emancipado em 18 de fevereiro de 1959 conforme a Lei Estadual nº 5.285.",SP,3512100
18/02/2016,Aniversário de Cássia dos Coqueiros,MUNICIPAL,"Feriado municipal que celebra a emancipação política de Cássia dos Coqueiros, ocorrida em 18 de fevereiro de 1959, conforme a Lei Estadual nº 5.285.",SP,3510906
18/02/2016,Aniversário de Cândido Rodrigues,MUNICIPAL,"Feriado municipal em comemoração à emancipação político-administrativa do município de Cândido Rodrigues, estabelecida pela Lei Estadual nº 5.285 de 18 de fevereiro de 1959.",SP,3510104
18/02/2016,Aniversário de Embu das Artes,MUNICIPAL,"Feriado municipal em celebração à emancipação política de Embu das Artes, oficializada em 18 de fevereiro de 1959 pela Lei Estadual nº 5.285, marcando sua autonomia de Itapecerica da Serra.",SP,3515004
18/02/2016,Aniversário de Itapevi,MUNICIPAL,"Feriado municipal em celebração ao aniversário de emancipação político-administrativa de Itapevi, oficializada em 18 de fevereiro de 1959 pela Lei Estadual nº 5.285.",SP,3522505
18/02/2016,Aniversário de Nísia Floresta,MUNICIPAL,"Feriado municipal em comemoração à Emancipação Política do município de Nísia Floresta, ocorrida em 18 de fevereiro de 1852, quando se desligou de São José de Mipibu.",RN,2408201
18/02/2016,Aniversário de Pardinho,MUNICIPAL,"Feriado municipal que celebra a emancipação político-administrativa de Pardinho, ocorrida em 18 de fevereiro de 1959 por meio da Lei Estadual nº 5.285.",SP,3536109
18/02/2016,Aniversário de Peruíbe,MUNICIPAL,"Celebração do aniversário de emancipação político-administrativa da Estância Balneária de Peruíbe, criada pela Lei Estadual nº 5.285 de 18 de fevereiro de 1959.",SP,3537602
18/02/2016,Aniversário de Piratuba,MUNICIPAL,"Feriado municipal em comemoração ao aniversário de emancipação político-administrativa do município de Piratuba, ocorrida em 18 de fevereiro de 1949.",SC,4213104
18/02/2016,Aniversário de Sagres,MUNICIPAL,"Feriado municipal em comemoração à fundação e emancipação política de Sagres, estabelecida pela Lei Estadual nº 5.285, de 18 de fevereiro de 1959.",SP,3544707
18/02/2016,Aniversário de Salto do Lontra,MUNICIPAL,"Comemoração da emancipação político-administrativa do município de Salto do Lontra, estabelecida pela Lei Estadual nº 4.823, de 18 de fevereiro de 1964.",PR,4123006
18/02/2016,Aniversário de Sarutaiá,MUNICIPAL,"Celebração do aniversário de emancipação político-administrativa de Sarutaiá, oficializada pela Lei Estadual nº 5.285 de 18 de fevereiro de 1959.",SP,3551207
18/02/2016,Aniversário de Taguaí,MUNICIPAL,"Feriado municipal em celebração à emancipação de Taguaí, ocorrida em 18 de fevereiro de 1959 por força da Lei Estadual nº 5.285.",SP,3553005
18/02/2016,Aniversário de Três Fronteiras,MUNICIPAL,"Celebração municipal da emancipação de Três Fronteiras, ocorrida em 18 de fevereiro de 1959 pela Lei Estadual nº 5.285.",SP,3554904
18/02/2016,Aniversário de Vista Alegre do Alto,MUNICIPAL,"Feriado municipal em celebração ao aniversário de emancipação político-administrativa de Vista Alegre do Alto, ocorrida em 18 de fevereiro de 1959.",SP,3556909
19/02/2016,Aniversário de Severínia,MUNICIPAL,"Feriado municipal celebrando a fundação do município em 19 de fevereiro de 1914, conforme Lei Municipal nº 1.575/2004. Excepcionalmente em 2026, a folga foi transferida para o dia 20 de fevereiro pelo Decreto nº 6.651/2026.",SP,3551900
19/02/2016,Aniversário de Taboão da Serra,MUNICIPAL,"Feriado municipal em celebração à emancipação político-administrativa de Taboão da Serra. Embora a soberania tenha sido obtida legalmente em 1º de janeiro de 1959, a comemoração oficial foi fixada em 19 de fevereiro pela Lei Municipal nº 300/1967, visando evitar a coincidência com as festividades de ano novo e marcar a instalação efetiva do município.",SP,3552809
19/02/2016,Aniversário de Tangará,MUNICIPAL,"Feriado municipal em comemoração ao aniversário de fundação e emancipação política de Tangará, Santa Catarina. O município foi oficialmente criado pela Lei Estadual nº 182 em 30 de dezembro de 1948, mas a sua administração foi instalada em 19 de fevereiro de 1949, data que se tornou o marco festivo da cidade.",SC,4217907
19/02/2016,Aniversário de Tapiraí,MUNICIPAL,"Feriado municipal celebrando o aniversário de Tapiraí, emancipada em 19 de fevereiro de 1959. O município foi desmembrado de Piedade através da Lei Estadual nº 5.285, de 18 de fevereiro de 1959, sendo a data subsequente adotada para as comemorações de instalação e autonomia administrativa.",SP,3553500
19/02/2016,Dia da Comarca,MUNICIPAL,"Feriado municipal instituído pela Lei Municipal nº 1.552, de 28 de novembro de 1995, que celebra a elevação de Santa Rita de Caldas à categoria de Comarca. A data homenageia a autonomia judiciária e o fortalecimento administrativo do município.",MG,3159209
19/02/2016,Dia de Padre Ibiapina,MUNICIPAL,"Feriado municipal em memória ao aniversário de falecimento do Padre José Antônio Maria Ibiapina (o 'Apóstolo do Nordeste'), ocorrido em 1883 no Santuário de Santa Fé. Instituído pela Lei Municipal nº 003, de 18 de fevereiro de 1997.",PB,2500908
19/02/2016,Dia de Padre Ibiapina,MUNICIPAL,"Feriado municipal em memória ao falecimento do Padre José Antônio Maria Ibiapina, conhecido como o 'Apóstolo do Nordeste', ocorrido em 19 de fevereiro de 1883. Instituído pela Lei Municipal nº 010/2003, o feriado homenageia sua vasta obra missionária e social centrada no Santuário de Santa Fé.",PB,2516003
19/02/2016,Emancipação de Osasco,MUNICIPAL,conforme Lei Municipal nº 1.121 de 16/05/1972,SP,3534401
20/02/2016,Aniversário de Lagoa da Confusão,MUNICIPAL,"Feriado municipal em comemoração ao aniversário de criação do município de Lagoa da Confusão, estabelecido em 20 de fevereiro de 1991, data de sua emancipação política do município de Cristalândia.",TO,1711902
20/02/2016,Aniversário de Xaxim,MUNICIPAL,"Feriado municipal em celebração à emancipação político-administrativa de Xaxim, ocorrida em 20 de fevereiro de 1954. A data é oficializada como feriado local pela Lei Municipal nº 2.604/2003.",SC,4219705
20/02/2016,Dia dos Pastorinhos,MUNICIPAL,"Feriado municipal religioso em homenagem aos santos Francisco e Jacinta Marto, os Pastorinhos de Fátima. A data, instituída pela Lei Municipal nº 2.271/2019, celebra a ligação da cidade com o milagre da cura do menino Lucas, ocorrido em Juranda, que serviu de base para a canonização dos santos pela Igreja Católica.",PR,4112959
21/02/2016,Aniversário de Jaicós (Emancipação Política),MUNICIPAL,"Comemoração da emancipação política do município de Jaicós, no Piauí, ocorrida em 21 de fevereiro de 1834. Conhecida como a 'Terra do Galo', Jaicós é uma das cidades mais antigas e históricas do estado. A data é feriado municipal oficial, marcada por eventos cívicos, religiosos e culturais que celebram a identidade jaicoense.",PI,2205201
21/02/2016,Aniversário de Júlio Mesquita (Emancipação Política),MUNICIPAL,"Feriado municipal em celebração ao aniversário de emancipação política do município de Júlio Mesquita, São Paulo. A cidade conquistou sua autonomia administrativa em 21 de fevereiro de 1949, data em que se desmembrou dos municípios de Cafelândia e Guaimbê. A comemoração é um marco da história e do desenvolvimento da comunidade local.",SP,3525805
21/02/2016,Feriado Municipal (Memorial a Francisco Teixeira dos Santos),MUNICIPAL,"Feriado municipal em Paulo Ramos, Maranhão, instituído pelas leis municipais nº 04/92 e nº 134/2015. A data presta homenagem à memória de Francisco Teixeira dos Santos, figura histórica e pioneira da política local, frequentemente citado como primeiro prefeito ou magistrado da comarca. O feriado é oficialmente reconhecido pelo Tribunal de Justiça do Maranhão para fins de suspensão de expediente forense.",MA,2108108
21/02/2016,Feriado a Confirmar (Data Incorreta),MUNICIPAL,"O dia 21 de fevereiro não é reconhecido como feriado oficial no município de Mulungu, Paraíba. A data de emancipação política da cidade é 26 de dezembro e seu padroeiro é São Sebastião (20 de janeiro). Não constam leis municipais ou resoluções do Tribunal de Justiça da Paraíba (TJPB) que instituam feriado local nesta data, tratando-se provavelmente de uma inconsistência na base de dados original.",PB,2509800
21/02/2016,Feriado a Confirmar (Data Incorreta),MUNICIPAL,"Não há evidências de feriado municipal oficial em Caetés, Pernambuco, no dia 21 de fevereiro. A emancipação política do município é celebrada em 11 de setembro e o padroeiro, São Caetano, em 7 ou 8 de agosto. Conforme o calendário oficial da prefeitura e órgãos estaduais, esta data (21/02) não possui previsão legal para suspensão de expediente, sendo possivelmente um dado incorreto replicado de outros municípios como Jaicós (PI) ou Paulo Ramos (MA).",PE,2603207
21/02/2016,Feriado a Confirmar (Data Incorreta),MUNICIPAL,"Não existe registro de feriado municipal para Pinhão, Sergipe, em 21 de fevereiro. O aniversário de emancipação política do município ocorre em 25 de novembro. Calendários judiciais e municipais não indicam festividades ou homenagens oficiais com status de feriado para esta data específica, sugerindo que a entrada é um erro de replicação de dados de outros municípios brasileiros que celebram aniversários em 21/02.",SE,2805208
22/02/2016,Aniversário de Andradas,MUNICIPAL,"Feriado municipal que celebra a emancipação de Andradas, ocorrida em 22 de fevereiro de 1890, após seu desmembramento de Caldas. A data é respaldada pela Lei Municipal nº 929/1989. Em 2026, o município comemora 136 anos de autonomia política com tradicionais eventos cívicos e culturais.",MG,3102605
22/02/2016,Aniversário de São Desidério,MUNICIPAL,"Feriado municipal em comemoração à emancipação política de São Desidério, ocorrida em 22 de fevereiro de 1962. A data, oficializada pela Lei Municipal nº 008/1997, marca a autonomia do município e em 2026 celebra-se o 64º aniversário com atos cívicos e festividades que exaltam a história e a identidade da população local.",BA,2928901
22/02/2016,Aniversário de São Pedro,MUNICIPAL,"Feriado municipal em comemoração aos 145 anos de emancipação político-administrativa da Estância Turística de São Pedro, ocorrida em 22 de fevereiro de 1881, quando se desmembrou de Piracicaba. A celebração da data é regida pela Lei Municipal nº 2.503/2005 e conta com solenidades, desfiles cívicos e eventos culturais que valorizam a história da cidade.",SP,3550407
22/02/2016,Dia do Martírio do Padre Nazareno Lanciotti,MUNICIPAL,"Feriado municipal instituído pela Lei nº 425/2002 em homenagem póstuma ao Padre Nazareno Lanciotti, missionário italiano que dedicou 29 anos de trabalho social e religioso em Jauru. A data recorda seu falecimento em 22 de fevereiro de 2001 e é um marco de reflexão espiritual e reconhecimento ao seu legado para a comunidade.",MT,5105002
22/02/2016,Feriado a Confirmar (Data Incorreta),MUNICIPAL,"Esta data (22/02) não é o feriado oficial de Capelinha. O aniversário de emancipação do município é celebrado anualmente em 24 de fevereiro, data em que a cidade obteve sua autonomia política em 1913. Não há registros na legislação municipal de feriado fixo para o dia 22 de fevereiro.",MG,3112307
22/02/2016,Feriado a Confirmar (Data Incorreta),MUNICIPAL,"Esta data (22/02) não consta como feriado oficial para o município de Rodeiro. O Aniversário do Município é celebrado em 1º de março, data de sua emancipação política ocorrida em 1963. Não há previsão legal para feriado municipal no dia 22 de fevereiro.",MG,3156304
23/02/2016,Emancipação Política de Bela Cruz,MUNICIPAL,"Feriado municipal em comemoração ao aniversário de emancipação político-administrativa do município de Bela Cruz, ocorrida em 23 de fevereiro de 1957. A data foi oficialmente instituída como feriado pela Lei Municipal nº 932/2022.",CE,2302305
24/02/2016,Aniversário de Banzaê,MUNICIPAL,"Celebração da criação do município de Banzaê, ocorrida em 24 de fevereiro de 1989 através da Lei Estadual nº 4.485, após desmembramento de Ribeira do Pombal. O feriado municipal é formalmente instituído pela Lei Municipal nº 61/1995.",BA,2902658
24/02/2016,Aniversário de Capelinha,MUNICIPAL,"Feriado municipal em comemoração ao aniversário de emancipação político-administrativa de Capelinha, ocorrida em 24 de fevereiro de 1913. A data é oficializada pela Lei Municipal nº 2.091/2018.",MG,3112307
24/02/2016,Aniversário de Iuiú,MUNICIPAL,"Comemoração do aniversário de emancipação política de Iuiú, ocorrida em 24 de fevereiro de 1989 através da Lei Estadual nº 4.833. O feriado é instituído oficialmente pela Lei Municipal nº 019/1991.",BA,2917334
24/02/2016,Aniversário de Ponto Novo,MUNICIPAL,"Feriado municipal em comemoração à emancipação político-administrativa de Ponto Novo, oficializada em 24 de fevereiro de 1989 por meio da Lei Estadual nº 4.837. O município foi criado a partir do desmembramento de terras pertencentes a Caldeirão Grande.",BA,2925253
24/02/2016,Aniversário de Sabinópolis,MUNICIPAL,"Feriado municipal em comemoração ao aniversário de emancipação político-administrativa de Sabinópolis, ocorrida em 24 de fevereiro de 1924. A data marca o desmembramento do antigo distrito em relação ao município do Serro, consolidando a autonomia histórica e administrativa da cidade mineira.",MG,3156809
24/02/2016,Aniversário de Sobradinho,MUNICIPAL,"Feriado municipal que celebra a emancipação política de Sobradinho, ocorrida em 24 de fevereiro de 1989 através da Lei Estadual nº 4.833. A data marca a conquista da autonomia do município, que se originou como acampamento de trabalhadores para a construção da Usina Hidrelétrica, sendo anteriormente distrito de Juazeiro.",BA,2930774
25/02/2016,Aniversário de Canudos,MUNICIPAL,"Feriado municipal que celebra a emancipação política de Canudos, oficializada pela Lei Estadual nº 4.405, de 25 de fevereiro de 1985. O atual município, originado no vilarejo de Cocorobó e desmembrado de Euclides da Cunha, carrega o legado histórico da resistência sertaneja e celebra sua consolidação administrativa e cultural.",BA,2906824
25/02/2016,Aniversário de Dias d'Ávila,MUNICIPAL,"Feriado municipal que celebra a emancipação política de Dias d'Ávila, conhecida como a ""Cidade das Águas"". A autonomia administrativa foi conquistada por meio da Lei Estadual nº 4.404, de 25 de fevereiro de 1985, quando o território se desmembrou de Camaçari. A data é um marco histórico para a Estância Hidromineral, celebrando seu desenvolvimento e identidade local.",BA,2910057
25/02/2016,Aniversário de Wanderley,MUNICIPAL,"Celebração da emancipação política do município de Wanderley, ocorrida em 25 de fevereiro de 1985. A autonomia administrativa foi estabelecida pela Lei Estadual nº 4.403, desmembrando o antigo povoado de Canabrava do território de Cotegipe. O feriado homenageia a trajetória de desenvolvimento e a identidade cultural da população no Extremo Oeste Baiano.",BA,2933455
25/02/2016,Emancipação Política de Várzea Nova,MUNICIPAL,"Comemoração da emancipação política e administrativa de Várzea Nova, ocorrida em 25 de fevereiro de 1985. O município foi desmembrado de Jacobina por meio da Lei Estadual nº 4.406, ato ratificado pelo calendário oficial de eventos (Decreto Municipal nº 04/2008). A data celebra a soberania local e o progresso alcançado pela comunidade varzeanovense.",BA,2933158
27/02/2016,Aniversário de Xanxerê (Feriado Transferido para 06/03),MUNICIPAL,"Embora a emancipação político-administrativa de Xanxerê tenha ocorrido em 27 de fevereiro de 1954, o feriado municipal em 2026 foi oficialmente transferido para o dia 06 de março de 2026. A alteração foi formalizada pelo Decreto Municipal nº 271/2025 (Ofício nº 271/2025) para coincidir com a programação da XXI ExpoFemi. Portanto, o dia 27/02/2026 é considerado dia útil, enquanto as festividades e a folga oficial ocorrem na semana seguinte, com destaque para a entrada gratuita na feira e shows nacionais.",SC,4219507
27/02/2016,Dia do Padre Tiago Cheza,MUNICIPAL,"Feriado municipal em memória ao Padre Tiago Cheza (Giacomo Gheza), líder religioso italiano e benfeitor fundamental para o desenvolvimento de Mirassol d'Oeste, falecido em 27 de fevereiro de 1982. A data homenageia seu legado espiritual e social na Paróquia Nossa Senhora Aparecida. O feriado é oficialmente ratificado pelo calendário administrativo municipal, conforme estabelecido pelo Decreto nº 4.983/2025 e amparado por leis municipais preexistentes (como a Lei nº 1.554/2019).",MT,5105622
28/02/2016,Aniversário da Cidade,MUNICIPAL,"Feriado municipal em comemoração ao aniversário de emancipação de Paraty, oficializada em 28 de fevereiro de 1667 por meio de Carta do Rei Dom Afonso VI.",RJ,3303807
28/02/2016,Aniversário da Cidade,MUNICIPAL,"Feriado municipal em comemoração ao aniversário de emancipação de Restinga, ocorrida em 28 de fevereiro de 1964.",SP,3542701
28/02/2016,Aniversário da Cidade,MUNICIPAL,"Feriado municipal em celebração ao aniversário de emancipação político-administrativa da Estância Turística de Salesópolis, ocorrida em 28 de fevereiro de 1857.",SP,3545001
28/02/2016,Aniversário da Cidade,MUNICIPAL,"Feriado municipal em comemoração ao aniversário de Sebastianópolis do Sul, emancipado conforme a Lei Estadual nº 8.092 de 28 de fevereiro de 1964. Coincide com o dia de São Romano.",SP,3551306
28/02/2016,Aniversário da Cidade,MUNICIPAL,"Feriado municipal em celebração ao aniversário de emancipação político-administrativa de Silveiras, ocorrida originalmente em 28 de fevereiro de 1842.",SP,3552007
28/02/2016,Aniversário do Município,MUNICIPAL,"Feriado municipal em celebração ao aniversário de Crissiumal, marcando sua instalação oficial ocorrida em 28 de fevereiro de 1955, após a emancipação estabelecida pela Lei Estadual nº 2.553/1954.",RS,4306007
28/02/2016,Aniversário do Município,MUNICIPAL,"Feriado municipal em comemoração ao aniversário de emancipação de Esteio, criado pela Lei Estadual nº 2.520, de 15 de dezembro de 1954, e instalado em 28 de fevereiro de 1955.",RS,4307708
28/02/2016,Aniversário do Município,MUNICIPAL,"Celebração oficial do aniversário de Frederico Westphalen, marcando a instalação do município em 28 de fevereiro de 1955, após emancipação pela Lei Estadual nº 2.523, de 15 de dezembro de 1954.",RS,4308508
28/02/2016,Aniversário do Município,MUNICIPAL,"Feriado municipal que celebra a instalação político-administrativa de Horizontina, ocorrida em 28 de fevereiro de 1955. O município foi oficialmente criado pela Lei Estadual nº 2.556, de 18 de dezembro de 1954.",RS,4309605
28/02/2016,Aniversário do Município,MUNICIPAL,"Feriado municipal em celebração ao aniversário de Ibirubá, marcando a instalação oficial do município em 28 de fevereiro de 1955, após sua criação pela Lei Estadual nº 2.528, de 15 de dezembro de 1954.",RS,4310009
28/02/2016,Aniversário do Município,MUNICIPAL,"Feriado municipal em comemoração ao aniversário de Marau, criado pela Lei Estadual nº 2.550, de 18 de dezembro de 1954, e oficialmente instalado em 28 de fevereiro de 1955.",RS,4311809
28/02/2016,Aniversário do Município,MUNICIPAL,"Feriado municipal em comemoração ao aniversário de Panambi, marcando a instalação oficial ocorrida em 28 de fevereiro de 1955, após a criação do município pela Lei Estadual nº 2.522, de 15 de dezembro de 1954.",RS,4313904
28/02/2016,Aniversário do Município,MUNICIPAL,"Feriado municipal celebrando o aniversário de emancipação de Rolante, criado pela Lei Estadual nº 2.527, de 15 de dezembro de 1954, e instalado em 28 de fevereiro de 1955. A comemoração é ratificada pela Lei Municipal nº 497/1999.",RS,4316006
28/02/2016,Aniversário do Município,MUNICIPAL,"Feriado municipal em celebração à instalação oficial do município de Sananduva, ocorrida em 28 de fevereiro de 1955, após sua criação pela Lei Estadual nº 2.521/1954.",RS,4316600
28/02/2016,Aniversário do Município,MUNICIPAL,"Feriado municipal que celebra a emancipação de Sapiranga, ocorrida em 28 de fevereiro de 1955, conforme oficializado pela Lei Municipal nº 5.983/2016.",RS,4319901
28/02/2016,Aniversário do Município,MUNICIPAL,"Feriado municipal em comemoração à emancipação de Tapera, estabelecido em 28 de fevereiro conforme a Lei Municipal nº 2.337/2008.",RS,4321006
28/02/2016,Aniversário do Município,MUNICIPAL,"Feriado municipal que celebra o aniversário de emancipação político-administrativa de Paulínia, ocorrida em 28 de fevereiro de 1964.",SP,3536505
28/02/2016,Dia do Município (Ponto Facultativo),MUNICIPAL,"Ponto facultativo municipal em celebração ao Dia do Município de Casca. A data recorda a instalação oficial da cidade, ocorrida em 28 de fevereiro de 1955 (após criação pela Lei Estadual nº 2.525/1954), porém o feriado municipal foi convertido em ponto facultativo pela Lei Municipal nº 728/1983.",RS,4304903
01/03/2016,Aniversário do Município,MUNICIPAL,"Celebração da emancipação e instalação administrativa de Acaiaca. O município, desmembrado de Ponte Nova, foi instalado oficialmente em 1º de março de 1963.",MG,3100401
01/03/2016,Aniversário do Município,MUNICIPAL,"Celebração do aniversário de emancipação política e instalação administrativa de Águas Vermelhas. O município foi criado pela Lei Estadual nº 2.764, de 30 de dezembro de 1962, e instalado oficialmente em 1º de março de 1963.",MG,3101003
01/03/2016,Aniversário do Município,MUNICIPAL,"Celebração da autonomia política de Araçaí, celebrada em 1º de março em memória à instalação oficial do município no ano de 1963.",MG,3103207
01/03/2016,Aniversário do Município,MUNICIPAL,"Data magna municipal em comemoração à emancipação e instalação do município de Arinos, ocorrida em 1º de março de 1963, após o desmembramento de São Francisco.",MG,3104502
01/03/2016,Aniversário do Município,MUNICIPAL,Feriado municipal alusivo à instalação político-administrativa de Augusto de Lima em 1º de março de 1963.,MG,3104809
01/03/2016,Aniversário do Município,MUNICIPAL,"Feriado municipal alusivo à instalação do município de Belo Oriente, ocorrida em 1º de março de 1963, consolidando sua autonomia administrativa.",MG,3106309
01/03/2016,Aniversário do Município,MUNICIPAL,"Celebração do aniversário de emancipação do município de Berilo, em memória à sua instalação oficial em 1º de março de 1963.",MG,3106507
01/03/2016,Aniversário do Município,MUNICIPAL,"Feriado municipal em celebração à instalação administrativa de Bom Jesus da Penha, ocorrida em 1º de março de 1963.",MG,3107604
01/03/2016,Aniversário do Município,MUNICIPAL,"Feriado municipal em comemoração à instalação do município de Bonfinópolis de Minas, ocorrida em 1º de março de 1963, em conformidade com o calendário oficial de feriados locais.",MG,3108206
01/03/2016,Aniversário do Município,MUNICIPAL,"Data comemorativa do aniversário de emancipação de Buritis, celebrando sua instalação administrativa oficial em 1º de março de 1963.",MG,3109303
01/03/2016,Aniversário do Município,MUNICIPAL,"Feriado municipal celebrando o aniversário de emancipação de Buritizeiro, referente à sua instalação administrativa definitiva em 1º de março de 1963.",MG,3109402
01/03/2016,Aniversário do Município,MUNICIPAL,"Comemoração do aniversário de emancipação político-administrativa de Cachoeira da Prata, celebrando a data de sua instalação oficial em 1º de março de 1963.",MG,3109600
01/03/2016,Aniversário do Município,MUNICIPAL,"Feriado municipal alusivo à instalação político-administrativa de Camacho, ocorrida em 1º de março de 1963.",MG,3110400
01/03/2016,Aniversário do Município,MUNICIPAL,Data magna municipal em comemoração à emancipação e instalação oficial de Central de Minas em 1º de março de 1963.,MG,3115706
01/03/2016,Aniversário do Município,MUNICIPAL,"Data comemorativa do aniversário de emancipação de Chalé, celebrando sua instalação administrativa oficial em 1º de março de 1963.",MG,3116001
01/03/2016,Aniversário do Município,MUNICIPAL,Feriado municipal celebrando a instalação administrativa de Chapada do Norte em 1º de março de 1963.,MG,3116100
01/03/2016,Aniversário do Município,MUNICIPAL,"Celebração da emancipação e instalação política do município de Conceição do Pará, ocorrida em 1º de março de 1963.",MG,3117603
01/03/2016,Aniversário do Município,MUNICIPAL,"Celebração da autonomia e instalação do município de Couto de Magalhães de Minas, ocorrida em 1º de março de 1963.",MG,3120102
01/03/2016,Aniversário do Município,MUNICIPAL,"Data solene de comemoração da instalação do município de Cristiano Otoni, ocorrida em 1º de março de 1963.",MG,3120409
01/03/2016,Aniversário do Município,MUNICIPAL,Data magna municipal em comemoração à emancipação e instalação oficial de Cruzeiro da Fortaleza em 1º de março de 1963.,MG,3120706
01/03/2016,Aniversário do Município,MUNICIPAL,Feriado municipal em celebração à emancipação e instalação de Divinésia em 1º de março de 1963.,MG,3121902
01/03/2016,Aniversário do Município,MUNICIPAL,Feriado municipal alusivo à emancipação e instalação oficial de Divino das Laranjeiras em 1º de março de 1963.,MG,3122108
01/03/2016,Aniversário do Município,MUNICIPAL,"Celebração do aniversário de emancipação político-administrativa de Divinolândia de Minas, instalado em 1º de março de 1963.",MG,3122207
01/03/2016,Aniversário do Município,MUNICIPAL,Feriado municipal referente à instalação do município de Dom Cavati em 1º de março de 1963.,MG,3122504
01/03/2016,Aniversário do Município,MUNICIPAL,"Celebração da autonomia política de Engenheiro Navarro, marcando a data de sua instalação administrativa em 1º de março de 1963.",MG,3123809
01/03/2016,Aniversário do Município,MUNICIPAL,"Comemoração da emancipação e instalação do município de Florestal, oficialmente estabelecida em 1º de março de 1963.",MG,3126000
01/03/2016,Aniversário do Município,MUNICIPAL,Feriado em comemoração à instalação administrativa oficial de Fortaleza de Minas em 1º de março de 1963.,MG,3126307
01/03/2016,Aniversário do Município,MUNICIPAL,"Feriado municipal referente à instalação do município de Fortuna de Minas em 1º de março de 1963, marcando sua independência administrativa de Sete Lagoas.",MG,3126406
01/03/2016,Aniversário do Município,MUNICIPAL,"Data solene de comemoração da emancipação e instalação de Francisco Badaró como município autônomo, ocorrida em 1º de março de 1963.",MG,3126505
01/03/2016,Aniversário do Município,MUNICIPAL,"Celebração do aniversário de emancipação de Gonçalves, comemorando sua instalação oficial como município em 1º de março de 1963.",MG,3127404
01/03/2016,Aniversário do Município,MUNICIPAL,"Celebração do aniversário de emancipação político-administrativa do município de Grupiara, instalado em 1º de março de 1963.",MG,3127909
01/03/2016,Aniversário do Município,MUNICIPAL,Feriado municipal celebrando a instalação administrativa oficial de Guimarânia em 1º de março de 1963.,MG,3128907
01/03/2016,Aniversário do Município,MUNICIPAL,"Celebração da autonomia política de Ibiaí, em memória à sua instalação oficial em 1º de março de 1963.",MG,3129608
01/03/2016,Aniversário do Município,MUNICIPAL,"Data solene de comemoração do aniversário de Ibirité, marcando a instalação oficial do município em 1º de março de 1963, após desmembramento de Betim.",MG,3129806
01/03/2016,Aniversário do Município,MUNICIPAL,Comemoração do aniversário de emancipação e instalação de Igarapé como município autônomo em 1º de março de 1963.,MG,3130101
01/03/2016,Aniversário do Município,MUNICIPAL,Feriado municipal em comemoração à instalação administrativa de Igaratinga em 1º de março de 1963.,MG,3130200
01/03/2016,Aniversário do Município,MUNICIPAL,"Feriado municipal em celebração à instalação administrativa de Ijaci, ocorrida em 1º de março de 1963.",MG,3130408
01/03/2016,Aniversário do Município,MUNICIPAL,Feriado municipal que marca a instalação oficial do município de Itamarati de Minas em 1º de março de 1963.,MG,3132602
01/03/2016,Aniversário do Município,MUNICIPAL,"Celebração solene do aniversário de Itapeva, marcando sua instalação administrativa oficial em 1º de março de 1963.",MG,3133600
01/03/2016,Aniversário do Município,MUNICIPAL,"Feriado municipal em celebração à instalação político-administrativa de Itatiaiuçu, ocorrida em 1º de março de 1963, consolidando sua autonomia municipal.",MG,3133709
01/03/2016,Aniversário do Município,MUNICIPAL,Data magna municipal em comemoração à emancipação e instalação oficial de Lagoa Formosa em 1º de março de 1963.,MG,3137502
01/03/2016,Aniversário do Município,MUNICIPAL,"Comemoração do aniversário de emancipação e instalação do município de Leandro Ferreira, oficialmente iniciada em 1º de março de 1963.",MG,3138302
01/03/2016,Aniversário do Município,MUNICIPAL,"Comemoração do aniversário de instalação de Marmelópolis como município independente, ocorrida em 1º de março de 1963.",MG,3140407
01/03/2016,Aniversário do Município,MUNICIPAL,Feriado municipal referente à instalação do município de Medeiros em 1º de março de 1963.,MG,3141306
01/03/2016,Aniversário do Município,MUNICIPAL,"Celebração do aniversário de emancipação política e administrativa de Olaria, instalado em 1º de março de 1963.",MG,3145406
01/03/2016,Aniversário do Município,MUNICIPAL,Feriado municipal que celebra a autonomia e instalação política de Olímpio Noronha em 1º de março de 1963.,MG,3145505
01/03/2016,Aniversário do Município,MUNICIPAL,Feriado municipal em comemoração à instalação administrativa de Onça de Pitangui em 1º de março de 1963.,MG,3145802
01/03/2016,Aniversário do Município,MUNICIPAL,"Comemoração do aniversário de Pedra do Indaiá, referente à instalação oficial do município em 1º de março de 1963.",MG,3148905
01/03/2016,Aniversário do Município,MUNICIPAL,"Celebração do aniversário de emancipação de Pedrinópolis, instalado oficialmente em 1º de março de 1963.",MG,3149200
01/03/2016,Aniversário do Município,MUNICIPAL,"Celebração da emancipação e instalação político-administrativa de Presidente Juscelino, ocorrida em 1º de março de 1963.",MG,3153202
01/03/2016,Aniversário do Município,MUNICIPAL,Feriado municipal que celebra a instalação administrativa oficial de Prudente de Morais em 1º de março de 1963.,MG,3153608
01/03/2016,Aniversário do Município,MUNICIPAL,Feriado municipal que celebra a instalação administrativa de Rodeiro em 1º de março de 1963.,MG,3156304
01/03/2016,Aniversário do Município,MUNICIPAL,"Celebração da autonomia política de Romaria, em alusão à data de instalação oficial do município em 1º de março de 1963.",MG,3156403
01/03/2016,Aniversário do Município,MUNICIPAL,"Feriado em celebração à instalação do município de Santana da Vargem, ocorrida em 1º de março de 1963.",MG,3158300
01/03/2016,Aniversário do Município,MUNICIPAL,"Feriado em comemoração à instalação oficial do município de São João do Oriente, ocorrida em 1º de março de 1963.",MG,3162609
01/03/2016,Aniversário do Município,MUNICIPAL,Celebração da autonomia e instalação do município de São José da Varginha em 1º de março de 1963.,MG,3163102
01/03/2016,Aniversário do Município,MUNICIPAL,"Comemoração do aniversário de emancipação de São Sebastião da Bela Vista, celebrada na data de sua instalação oficial em 1º de março de 1963.",MG,3164407
01/03/2016,Aniversário do Município,MUNICIPAL,"Celebração solene do aniversário de São Sebastião do Oeste, alusiva à instalação oficial do município em 1º de março de 1963.",MG,3164605
01/03/2016,Aniversário do Município,MUNICIPAL,Feriado municipal alusivo à instalação administrativa oficial de Senador Cortes em 1º de março de 1963.,MG,3165602
01/03/2016,Aniversário do Município,MUNICIPAL,"Comemoração do aniversário de emancipação político-administrativa de Senador José Bento, instalado em 1º de março de 1963.",MG,3165800
01/03/2016,Aniversário do Município,MUNICIPAL,Feriado municipal referente à instalação administrativa de Senador Modestino Gonçalves em 1º de março de 1963.,MG,3165909
01/03/2016,Aniversário do Município,MUNICIPAL,"Aniversário da Cidade de Tapira, conforme lei 676 de 19 de fevereiro de 2001",MG,3168101
01/03/2016,Aniversário do Município,MUNICIPAL,"Comemoração oficial do aniversário de Três Marias. A data celebra a instalação do município em 1º de março de 1963, marco da autonomia administrativa conquistada pela Lei Estadual 2.764/1962.",MG,3169356
01/03/2016,Aniversário do Município,MUNICIPAL,Celebração do aniversário de emancipação e instalação do município de Ubaí em 1º de março de 1963.,MG,3170008
01/03/2016,Aniversário do Município,MUNICIPAL,"Celebração do aniversário de emancipação político-administrativa do município de Mathias Lobato, instalado em 1º de março de 1963.",MG,3171501
01/03/2016,Aniversário do Município,MUNICIPAL,"Feriado municipal em comemoração à emancipação político-administrativa de Sengés, ocorrida em 1º de março de 1934, data em que o município foi oficialmente instalado.",PR,4126306
01/03/2016,Aniversário do Município,MUNICIPAL,"Feriado municipal instituído pela Lei n.º 2.012/2008, em comemoração ao aniversário de emancipação política de Videira, ocorrida em 1º de março de 1944.",SC,4219309
01/03/2016,Feriado Municipal,MUNICIPAL,,PE,2602407
01/03/2016,Feriado Municipal,MUNICIPAL,,PE,2615201
01/03/2016,Feriado Municipal,MUNICIPAL,,RS,4309704
02/03/2016,Aniversário de Itacarambi,MUNICIPAL,"Comemoração do aniversário de emancipação político-administrativa de Itacarambi. Embora a instalação oficial tenha ocorrido historicamente em 1º de março de 1963, a legislação municipal e o calendário administrativo (como o Decreto Municipal de feriados) fixam a celebração e o feriado no dia 2 de março.",MG,3132107
02/03/2016,Aniversário de Olímpia,MUNICIPAL,"Comemoração do aniversário de fundação da Estância Turística de Olímpia, ocorrida em 2 de março de 1903. A data é feriado municipal oficial, celebrando a história e o desenvolvimento da cidade, conhecida como a Capital Nacional do Folclore.",SP,3533908
02/03/2016,Aniversário de Palmitos,MUNICIPAL,"Celebração do aniversário de emancipação político-administrativa do município, ocorrida em 2 de março de 1954. No ano de 2026, a cidade comemora seu septuagésimo segundo aniversário de autonomia e o centenário de sua colonização.",SC,4212106
02/03/2016,Aniversário de São Romão,MUNICIPAL,"Feriado municipal em comemoração ao aniversário de fundação/emancipação de São Romão. A data celebra a história de um dos municípios mais antigos da região, instalado originalmente em março, sendo o feriado observado oficialmente em 2 de março conforme calendário administrativo local.",MG,3164209
02/03/2016,Dia de Uberaba (Aniversário da Cidade),MUNICIPAL,"Feriado municipal instituído pela Lei nº 5.545, de 15 de fevereiro de 1995. Celebra o aniversário de fundação da cidade de Uberaba, ocorrida em 2 de março de 1820 pelo Major Eustáquio, marcando a história do 'Sertão da Farinha Podre' e o desenvolvimento do Triângulo Mineiro.",MG,3170107
02/03/2016,Dia do Evangélico,MUNICIPAL,Feriado municipal instituído para celebrar o Dia do Evangélico em Lajedo do Tabocal. A data é dedicada a eventos culturais e religiosos em reconhecimento à contribuição da comunidade evangélica para o município.,BA,2919058
02/03/2016,Emancipação Política de Ibitiara,MUNICIPAL,"Feriado municipal em comemoração à emancipação política de Ibitiara, restaurada e tornada autônoma através do Decreto Estadual nº 8.830, de 2 de março de 1934.",BA,2913002
02/03/2016,Emancipação Política de Ipubi,MUNICIPAL,"Celebração da emancipação política do município de Ipubi, ocorrida oficialmente em março de 1962 (Lei Estadual nº 3.340/1958). O feriado de 2 de março é a data magna municipal consagrada para os festejos de aniversário da autonomia da cidade.",PE,2607307
02/03/2016,Emancipação Política de Jataúba,MUNICIPAL,"Data magna que celebra a emancipação política do município de Jataúba, ocorrida em 2 de março de 1962, quando se desmembrou do município de Brejo da Madre de Deus.",PE,2608008
03/03/2016,Aniversário de Crucilândia,MUNICIPAL,"Feriado municipal celebrativo do aniversário de Crucilândia, Minas Gerais. O município obteve sua autonomia política por meio da Lei Estadual nº 2.764, de 30 de dezembro de 1962, desmembrando-se de Itaguara. A comemoração no dia 3 de março é o marco tradicional da fundação e desenvolvimento socioeconômico da cidade, sendo um dia de festividades cívicas e religiosas.",MG,3120607
03/03/2016,Aniversário de Lagamar,MUNICIPAL,"Feriado municipal em comemoração ao aniversário de Lagamar, Minas Gerais. A data oficial de sua emancipação política é 3 de março, fundamentada na Lei Estadual nº 2.764 de 1962. A celebração recorda o desmembramento do território que anteriormente pertencia a Presidente Olegário e homenageia os pioneiros que iniciaram o povoamento às margens do córrego Carrapato.",MG,3137106
03/03/2016,Aniversário de Mirabela,MUNICIPAL,"Feriado municipal que celebra o aniversário de emancipação de Mirabela, Minas Gerais. Conhecida como a capital nacional da carne de sol, a cidade comemora sua autonomia política conquistada via Lei Estadual nº 2.764/1962 no dia 3 de março. O feriado é marcado por desfiles cívicos e celebrações que exaltam a cultura do Norte de Minas.",MG,3142007
03/03/2016,Aniversário de Riacho dos Machados,MUNICIPAL,"Feriado municipal instituído para celebrar o Aniversário de Riacho dos Machados, Minas Gerais. Conforme o Decreto Municipal nº 362/2022 e legislações anteriores, o dia 3 de março é a data oficial da cidade, celebrando sua criação pela Lei Estadual nº 2.764 de 30 de dezembro de 1962. A data homenageia a história da Família Machado e a evolução do antigo distrito de Porteirinha em município autônomo.",MG,3154507
03/03/2016,Aniversário de Varzelândia,MUNICIPAL,"Feriado municipal em comemoração ao aniversário de emancipação política e administrativa de Varzelândia. O município foi criado pela Lei Estadual nº 2.764, de 30 de dezembro de 1962, e sua instalação oficial e celebração de aniversário ocorrem tradicionalmente em 3 de março.",MG,3170909
03/03/2016,Emancipação Política de Pão de Açúcar,MUNICIPAL,"Feriado municipal que celebra a Emancipação Política de Pão de Açúcar, Alagoas. A data comemora a elevação do município à categoria de cidade, ocorrida em 3 de março de 1854, sendo um marco fundamental na história e autonomia administrativa da região.",AL,2706406
04/03/2016,Instalação do Município,MUNICIPAL,"Feriado municipal em Bossoroca que celebra a instalação oficial da administração político-administrativa da cidade, ocorrida em 4 de março de 1967. Embora o município tenha sido formalmente criado pela Lei Estadual nº 5.058, de 12 de outubro de 1965 (desmembrado de São Luiz Gonzaga), sua autonomia efetiva e a organização dos primeiros setores públicos iniciaram-se nesta data histórica com a sessão solene de instalação e a posse de João Cândido Dutra como interventor federal. A celebração é ratificada anualmente pelo calendário oficial de feriados do município, conforme previsto em decretos municipais (ex: Decreto nº 6.132/2025).",RS,4302501
05/03/2016,Aniversário de Emancipação de Ribeirão Bonito,MUNICIPAL,"Comemoração oficial do aniversário de emancipação política e administrativa do município de Ribeirão Bonito. A data remete a 5 de março de 1890, quando a localidade foi elevada à categoria de município pelo Decreto Estadual nº 21, desmembrando-se de São Carlos do Pinhal. O feriado é regido pela legislação municipal que estabelece as datas magnas do calendário local.",SP,3542909
05/03/2016,Dia Municipal do Evangélico,MUNICIPAL,"Feriado municipal dedicado à celebração e reflexão da comunidade evangélica no município de Biritinga. A data foi oficialmente integrada ao calendário de feriados locais por meio da legislação municipal, frequentemente referenciada pelo Decreto 061/2009, promovendo o reconhecimento cultural e religioso deste segmento na sociedade biritinguense e assegurando o direito ao culto e à manifestação pública de fé.",BA,2903607
05/03/2016,Dia da Instalação do Município de Bom Jardim da Serra,MUNICIPAL,"Celebração da instalação oficial do município de Bom Jardim da Serra, ocorrida em 5 de março de 1967. Embora a criação da unidade administrativa tenha se dado pela Lei Estadual nº 1.052, de 26 de janeiro de 1967, a data magna municipal comemora o ato de instalação político-administrativa, que consolidou a autonomia da cidade em relação ao município de São Joaquim.",SC,4202503
05/03/2016,Dia de Patativa do Assaré,MUNICIPAL,"Feriado municipal instituído para celebrar o nascimento de Antônio Gonçalves da Silva, o 'Patativa do Assaré' (1909-2002). A data, oficializada pela Lei Municipal nº 444/2007, homenageia o legado do poeta, compositor e repentista, considerado um dos maiores expoentes da cultura popular nordestina e da literatura de cordel.",CE,2301604
05/03/2016,Emancipação Política de Caraúbas,MUNICIPAL,"Celebração da emancipação política do município de Caraúbas, ocorrida em 5 de março de 1868 através da Lei Provincial nº 601. A data marca o desmembramento da localidade em relação à cidade de Mossoró, elevando-a à categoria de vila. É um feriado municipal estabelecido pela Lei Orgânica do Município e constitui a data magna da cidade.",RN,2402303
05/03/2016,Emancipação Político-Administrativa de Bom Jardim,MUNICIPAL,"Comemoração da emancipação político-administrativa do município de Bom Jardim, ocorrida em 5 de março de 1893, quando se desmembrou de Cantagalo. O feriado municipal é fundamentado na tradição histórica e ratificado pela Lei Municipal nº 137/1953, celebrando a autonomia e a identidade do município da região serrana fluminense.",RJ,3300506
06/03/2016,Aniversário de Itaporanga,MUNICIPAL,"Feriado municipal fundamentado na Lei Municipal nº 1.865/2006, que reconhece oficialmente o dia 06 de março de 1871 como a data de emancipação político-administrativa do município. A festividade celebra o momento histórico em que a localidade conquistou sua autonomia, desvinculando-se de Itapeva (antiga Faxina), sob o nome original de São João Batista do Rio Verde.",SP,3522802
06/03/2016,Data Magna de Jijoca de Jericoacoara,MUNICIPAL,"Feriado municipal instituído pela Lei Municipal nº 625/2020. A data celebra a emancipação política de Jijoca de Jericoacoara, ocorrida em 06 de março de 1991 através da Lei Estadual nº 11.796, marcando o desmembramento do território do município de Cruz e a autonomia administrativa da cidade.",CE,2307254
06/03/2016,Dia do Município de Horizonte,MUNICIPAL,"Feriado municipal em comemoração à emancipação política de Horizonte, oficializada em 06 de março de 1987. O processo de autonomia foi resultado de um plebiscito popular e da promulgação de legislação estadual que permitiu o desmembramento de territórios antes pertencentes a Pacajus e Itaitinga, transformando Horizonte em uma unidade administrativa independente.",CE,2305233
06/03/2016,Dia do Município de Maracanaú,MUNICIPAL,"Feriado municipal estabelecido pelo Artigo 276 da Lei Orgânica do Município de Maracanaú. A data celebra a emancipação política ocorrida em 06 de março de 1983, quando a cidade conquistou autonomia em relação a Fortaleza. É uma data de grande relevância civil, marcando o início da trajetória de Maracanaú como um dos principais centros industriais e administrativos do estado do Ceará.",CE,2307650
07/03/2016,Aniversário de Lábrea,MUNICIPAL,"Feriado municipal instituído para celebrar o aniversário de fundação e a elevação de Lábrea à categoria de cidade, ocorrida em 7 de março de 1886. O município, conhecido como a 'Princesinha do Purus', teve sua formação ligada ao esforço colonizador do Coronel Antônio Rodrigues Pereira Labre e ao auge do ciclo econômico da borracha na região amazônica. A data é oficialmente reconhecida pela Lei Orgânica do Município e integra o calendário histórico e cultural do estado do Amazonas.",AM,1302405
07/03/2016,Aniversário de Pirangi,MUNICIPAL,"Feriado municipal em comemoração à emancipação político-administrativa de Pirangi, formalizada em 7 de março de 1935. A celebração marca o desmembramento territorial e administrativo do município em relação à comarca de Jaboticabal, processo que consolidou sua autonomia política sob o respaldo do Decreto Estadual nº 6.983/1935. O feriado é amparado pela legislação municipal e é tradicionalmente observado com atos cívicos e festividades que ressaltam a identidade local.",SP,3539004
08/03/2016,Aniversário de Tietê,MUNICIPAL,"Feriado municipal em comemoração ao aniversário de fundação do município de Tietê, ocorrida em 08 de março de 1842. A data celebra a história e o desenvolvimento da cidade paulista.",SP,3554508
08/03/2016,Dia Internacional da Mulher,MUNICIPAL,"Feriado municipal instituído pela Lei Municipal nº 1.063/2013, em reconhecimento à importância social e às lutas das mulheres no município de Inhambupe.",BA,2913705
08/03/2016,Dia Internacional da Mulher,MUNICIPAL,"Feriado municipal conforme a Lei Municipal nº 156/2011, que oficializa o Dia da Mulher no calendário de feriados de Nordestina.",BA,2922656
08/03/2016,Dia Internacional da Mulher,MUNICIPAL,"Feriado municipal instituído pela Lei Municipal nº 123/2013, dedicado às comemorações do Dia Internacional da Mulher em Queimadas.",BA,2925808
08/03/2016,Dia Internacional da Mulher,MUNICIPAL,"Feriado municipal em Retirolândia, conforme a Lei Municipal nº 212/2011, destinado à valorização das mulheres na sociedade local.",BA,2926103
08/03/2016,Dia Internacional da Mulher,MUNICIPAL,"Feriado municipal instituído pela Lei Municipal nº 337/2011 no município de São Domingos, em homenagem ao Dia Internacional da Mulher.",BA,2928950
08/03/2016,Dia Internacional da Mulher,MUNICIPAL,"Feriado municipal em Sátiro Dias, estabelecido pela Lei Municipal nº 510/2013, dedicado às celebrações e reflexões sobre os direitos das mulheres.",BA,2929701
08/03/2016,Dia Internacional da Mulher,MUNICIPAL,"Feriado municipal instituído pela Lei Municipal nº 455/2011 no município de Serra Preta, em reconhecimento ao Dia Internacional da Mulher.",BA,2930402
08/03/2016,Dia Internacional da Mulher,MUNICIPAL,"Feriado municipal instituído pela Lei Municipal nº 588/2011, que oficializa o dia 8 de março como data de repouso remunerado em homenagem às mulheres de Valente.",BA,2933000
08/03/2016,Dia Internacional da Mulher,MUNICIPAL,"Feriado municipal estabelecido pela Lei Municipal nº 425/2013 em Wanderley, celebrando as conquistas sociais e políticas das mulheres.",BA,2933455
08/03/2016,Dia Internacional da Mulher,MUNICIPAL,"Feriado municipal em Santo Antônio do Descoberto, instituído pela Lei Municipal nº 765/2011, em homenagem ao Dia Internacional da Mulher.",GO,5219753
08/03/2016,Dia Internacional da Mulher,MUNICIPAL,"Feriado municipal em Concórdia do Pará, instituído pela Lei Municipal nº 265/2012, em celebração às conquistas femininas.",PA,1502756
08/03/2016,Dia Internacional da Mulher,MUNICIPAL,"Feriado municipal em Juruti, instituído pela Lei Municipal nº 1.025/2013, em celebração ao Dia Internacional da Mulher.",PA,1503903
08/03/2016,Dia Internacional da Mulher,MUNICIPAL,"Feriado municipal instituído pela Lei Municipal nº 498/2011 em Araçagi, em homenagem ao Dia Internacional da Mulher.",PB,2500809
08/03/2016,Dia Internacional da Mulher,MUNICIPAL,"Feriado municipal instituído pela Lei Municipal nº 386/2011, dedicado à valorização da mulher no município de Duas Estradas.",PB,2505808
08/03/2016,Dia Internacional da Mulher,MUNICIPAL,"Feriado municipal em Cerro Grande, estabelecido pela Lei Municipal nº 775/2010, em comemoração ao Dia Internacional da Mulher.",RS,4305157
08/03/2016,Dia Internacional da Mulher,MUNICIPAL,"Feriado municipal instituído pela Lei Municipal nº 1.190/2011, que oficializa o Dia Internacional da Mulher como data festiva e feriado em Dianópolis.",TO,1707009
08/03/2016,Feriado Municipal,MUNICIPAL,,SP,3529708
09/03/2016,Aniversário de Altinópolis,MUNICIPAL,"Celebração da fundação e emancipação do município de Altinópolis, ocorrida em 9 de março de 1919. O feriado é observado anualmente conforme o calendário oficial de feriados municipais estabelecido pela prefeitura.",SP,3501004
09/03/2016,Aniversário de Cachoeira Paulista,MUNICIPAL,"Feriado municipal em celebração ao aniversário de Cachoeira Paulista. Comemora-se a elevação da antiga Freguesia de Santo Antônio da Cachoeira à condição de Vila em 9 de março de 1880, marco inicial da autonomia municipal.",SP,3508603
09/03/2016,Aniversário de Joinville,MUNICIPAL,"Feriado municipal em celebração à fundação da cidade de Joinville, ocorrida em 9 de março de 1851. A data é oficialmente instituída pela Lei Municipal nº 2.576/1991, que consolidou legislações anteriores, incluindo a Lei nº 733/1965.",SC,4209102
09/03/2016,Aniversário de São José do Barreiro,MUNICIPAL,"Feriado municipal que celebra a criação da Vila de São José do Barreiro, instituída pela Lei Provincial nº 6, de 9 de março de 1859, data que marca a emancipação político-administrativa do município.",SP,3549607
09/03/2016,Aniversário de Virginópolis,MUNICIPAL,"Feriado municipal que celebra a instalação e emancipação político-administrativa de Virginópolis, ocorrida em 9 de março de 1924. A data marca a autonomia do município em relação a Guanhães e Peçanha.",MG,3171808
09/03/2016,Emancipação Política de Espinosa,MUNICIPAL,"Feriado municipal comemorativo à emancipação política do município de Espinosa, ocorrida em 9 de março de 1924. A data é estabelecida pela Lei Municipal nº 991/1995 e ratificada anualmente por decretos do Poder Executivo.",MG,3124302
09/03/2016,Emancipação Política de São José do Egito,MUNICIPAL,"Feriado municipal em comemoração à emancipação de São José do Egito, ocorrida em 9 de março de 1909. A celebração é fundamentada no Artigo 214 da Lei Orgânica Municipal e reconhecida oficialmente pela administração local.",PE,2613602
10/03/2016,Aniversário de Barra do Piraí,MUNICIPAL,"Celebração do aniversário de emancipação político-administrativa de Barra do Piraí. O município foi criado pelo Decreto Estadual nº 30, de 10 de março de 1890, desmembrando-se de terras de Piraí, Vassouras e Valença.",RJ,3300308
10/03/2016,Aniversário de Campos Novos Paulista,MUNICIPAL,"Feriado municipal em celebração ao aniversário da cidade. Campos Novos Paulista conquistou sua emancipação política em 10 de março de 1885, consolidando-se como um importante polo histórico no Vale do Paranapanema.",SP,3509809
10/03/2016,Aniversário de Eldorado,MUNICIPAL,"Comemoração oficial do aniversário da Estância Turística de Eldorado. A cidade celebra sua emancipação político-administrativa ocorrida em 10 de março de 1842, sendo uma das cidades mais antigas e históricas do Vale do Ribeira.",SP,3514809
10/03/2016,Aniversário de Luzilândia,MUNICIPAL,"Feriado municipal que celebra o aniversário de emancipação política de Luzilândia, ocorrida em 10 de março de 1890. A data é um marco cívico para a população local, celebrando a história e o desenvolvimento da região do Baixo Parnaíba.",PI,2205805
10/03/2016,Aniversário de Monte Aprazível,MUNICIPAL,"Feriado municipal em comemoração ao aniversário de emancipação política e administrativa do município de Monte Aprazível, ocorrida em 10 de março de 1925. A data celebra a autonomia da cidade e sua história no interior paulista.",SP,3531407
10/03/2016,Aniversário de Patrocínio Paulista,MUNICIPAL,"Comemoração do aniversário de emancipação política de Patrocínio Paulista, ocorrida em 10 de março de 1885. O feriado exalta a história dos pioneiros e o desenvolvimento do município no nordeste paulista.",SP,3536307
10/03/2016,Aniversário de Santana do Matos,MUNICIPAL,"Feriado municipal em Santana do Matos celebrando a sua elevação à categoria de Vila e sede de município pela Resolução nº 121, de 10 de março de 1845. É uma das datas mais importantes do calendário cívico local.",RN,2411403
10/03/2016,Emancipação Política de Ituverava,MUNICIPAL,"Feriado municipal que celebra a emancipação político-administrativa de Ituverava, formalizada em 10 de março de 1885. A data é marcada por eventos cívicos e festividades que exaltam a história da 'Cidade das Escolas'.",SP,3524105
11/03/2016,Aniversário de Angatuba,MUNICIPAL,"Feriado municipal em celebração ao aniversário de fundação do município de Angatuba, ocorrida em 11 de março de 1872. A data é um marco da identidade local, celebrando a trajetória histórica da cidade desde sua origem como povoado de Ribeirão Grande até sua autonomia administrativa.",SP,3502200
11/03/2016,Aniversário de Guaraqueçaba,MUNICIPAL,"Feriado municipal dedicado às festividades do aniversário de Guaraqueçaba. A data de 11 de março é o marco tradicional para celebrar a história secular do município (com raízes em 1545), englobando sua importância histórica como um dos primeiros assentamentos do Paraná e sua posterior emancipação política em 1880.",PR,4109500
11/03/2016,Emancipação Política de Governador Eugênio Barros,MUNICIPAL,"Feriado municipal que celebra a emancipação política de Governador Eugênio Barros. O município foi criado pela Lei Estadual nº 2.174, de 26 de dezembro de 1961, e oficialmente instalado em 11 de março de 1962, data em que se comemora a conquista de sua autonomia em relação ao município de Caxias.",MA,2104602
11/03/2016,Emancipação Política de Mirandiba,MUNICIPAL,"Comemoração da Emancipação Política de Mirandiba, ocorrida em 11 de março de 1962. Este feriado municipal recorda o desmembramento do município em relação a São José do Belmonte, consolidando sua soberania política e administrativa no estado de Pernambuco.",PE,2609303
12/03/2016,Aniversário de Olinda,MUNICIPAL,"Feriado municipal celebrando a fundação da cidade de Olinda no ano de 1535 por Duarte Coelho. A data, que coincide com o aniversário da cidade do Recife, é reconhecida como feriado municipal em Olinda nos termos da Lei Municipal nº 4.380 de 10 de outubro de 1983.",PE,2609600
12/03/2016,Aniversário de São Lourenço da Serra,MUNICIPAL,"Feriado municipal em celebração à Emancipação Político-Administrativa do município, ocorrida em 12 de março de 1991. A data é oficialmente instituída como feriado pelo Artigo 246, incisos I e II, da Lei Orgânica Municipal e pela Lei Municipal nº 704/2007.",SP,3549953
12/03/2016,Dia da Fundação de Paraíso do Norte,MUNICIPAL,"Feriado municipal que celebra a data da fundação da cidade de Paraíso do Norte. A celebração é legalmente fundamentada no Artigo 142, alínea 'a', da Lei Municipal nº 08/1969 (Código de Posturas), que estabelece o dia 12 de março como feriado oficial.",PR,4118006
12/03/2016,Dia do Município de Paraguaçu Paulista,MUNICIPAL,"Feriado municipal em celebração à fundação do município, ocorrida em 12 de março de 1925. A data é instituída conforme o Artigo 5º das Disposições Gerais Transitórias da Lei Orgânica do Município e reiterada por decretos anuais (como o Decreto nº 7.277/2024).",SP,3535507
12/03/2016,Emancipação Política de Crisópolis,MUNICIPAL,"Feriado municipal comemorativo ao aniversário de emancipação política de Crisópolis, ocorrida em 12 de março de 1962, quando o território foi desmembrado de Itapicuru para tornar-se um município autônomo, conforme registros históricos e legislação local.",BA,2909604
12/03/2016,Emancipação Política de Moita Bonita,MUNICIPAL,"Feriado municipal em comemoração à emancipação política de Moita Bonita, originada pela Lei Estadual nº 1.165 de 12 de março de 1963. A data foi ratificada como feriado municipal por legislação local recente (Lei de 08/03/2023) para celebrar a autonomia administrativa frente a Itabaiana.",SE,2804102
13/03/2016,Aniversário da Cidade de Cachoeira,MUNICIPAL,"Comemoração da elevação da antiga Vila de Nossa Senhora do Rosário do Porto da Cachoeira à categoria de cidade, ocorrida em 13 de março de 1837, mediante a Lei Provincial nº 43. A cidade é reconhecida como 'Cidade Heroica' por sua importância histórica e decisiva na luta pela Independência da Bahia e do Brasil.",BA,2904902
13/03/2016,Aniversário de Santo Antônio do Içá,MUNICIPAL,"Celebração do aniversário de emancipação e fundação do município de Santo Antônio do Içá, conhecido como a 'Cidade-presépio do Alto Solimões'. A data recorda a instalação definitiva do município ocorrida em 1956, após o desmembramento de São Paulo de Olivença por meio da Lei Estadual nº 96.",AM,1303700
13/03/2016,Aniversário de Sarapuí,MUNICIPAL,"Comemoração do aniversário de fundação e emancipação política de Sarapuí. A data de 13 de março é marcada por celebrações cívicas e culturais em honra à história do município, que teve sua emancipação definitiva reconhecida e celebrada anualmente nesta data.",SP,3551108
13/03/2016,Dia da Batalha do Jenipapo,MUNICIPAL,"Feriado municipal em Campo Maior que homenageia os heróis da Batalha do Jenipapo, ocorrida em 13 de março de 1823. O confronto sangrento entre brasileiros e tropas portuguesas foi fundamental para a consolidação da Independência do Brasil no norte do país. O feriado é regulamentado pela Lei Municipal nº 001/2017.",PI,2202208
13/03/2016,Dia da Emancipação de Carapebus,MUNICIPAL,"Feriado municipal que celebra a emancipação político-administrativa de Carapebus, ocorrida em 13 de março de 1995. A data marca a vitória no plebiscito que resultou no desmembramento do território do município de Macaé, sendo feriado instituído no calendário oficial desde 1997.",RJ,3300936
13/03/2016,Dia da Emancipação de Seropédica,MUNICIPAL,"Celebração dedicada à data histórica da emancipação de Seropédica através de plebiscito. Instituído como feriado municipal pela Lei nº 207 de 26 de fevereiro de 2003, recorda o segundo plebiscito realizado em 13 de março de 1994, que consolidou a autonomia política e administrativa do município frente a Itaguaí.",RJ,3305554
14/03/2016,Aniversário de Batatais,MUNICIPAL,"Feriado municipal que comemora a fundação da cidade de Batatais em 14 de março de 1839. Trata-se de uma data magna para a Estância Turística de Batatais, celebrando sua história desde o período colonial e cafeeiro.",SP,3505906
14/03/2016,Aniversário de Bom Jardim,MUNICIPAL,"Comemoração do aniversário de emancipação político-administrativa do município de Bom Jardim, ocorrida em 14 de março de 1967. O feriado é anualmente ratificado pelo calendário oficial de feriados (ex: Decreto Municipal nº 01/2026).",MA,2102002
14/03/2016,Aniversário de Dionísio Cerqueira,MUNICIPAL,"Feriado municipal instituído pela Lei nº 4.082/2010 em comemoração à emancipação política de Dionísio Cerqueira, ocorrida em 14 de março de 1954. A data celebra o desenvolvimento administrativo da cidade na fronteira catarinense.",SC,4205001
14/03/2016,Aniversário de Grandes Rios,MUNICIPAL,"Feriado municipal em celebração ao aniversário de fundação de Grandes Rios, ocorrida em 14 de março de 1964. A data celebra a autonomia do município e é formalizada pela Lei Orgânica e decretos anuais da prefeitura.",PR,4108700
14/03/2016,Aniversário de Rodeio,MUNICIPAL,Celebração do aniversário de emancipação político-administrativa do município de Rodeio. A data de 14 de março marca a criação da cidade e é observada como feriado conforme o calendário oficial da prefeitura de Santa Catarina.,SC,4215109
14/03/2016,Emancipação Política de Governador Mangabeira,MUNICIPAL,"Celebração da emancipação política do município, instituída pela Lei Estadual nº 1.640, de 14 de março de 1962. A data é formalmente reconhecida como feriado municipal pelo Art. 6º, § 4º da Lei Orgânica do Município de Governador Mangabeira.",BA,2911600
14/03/2016,Emancipação Política de Santa Inês,MUNICIPAL,"Feriado municipal em comemoração à emancipação político-administrativa de Santa Inês, ocorrida em 14 de março de 1967, quando o município foi desmembrado de Pindaré-Mirim. A data é o marco fundamental da autonomia da cidade, conhecida como a 'Princesa do Vale do Pindaré'.",MA,2109908
14/03/2016,Nascimento do Poeta Castro Alves,MUNICIPAL,"Feriado em homenagem ao nascimento de Antônio Frederico de Castro Alves (1847-1871), o 'Poeta dos Escravos', nascido na Fazenda Cabaceiras (antiga Vila de Curralinho). A cidade, que hoje leva seu nome, celebra a data como seu principal marco histórico e cultural.",BA,2907301
15/03/2016,Aniversário de Monte Alegre,MUNICIPAL,"Celebração da elevação de Monte Alegre à categoria de cidade, ocorrida em 15 de março de 1880. A data é a principal comemoração cívica municipal e feriado local consolidado.",PA,1504802
15/03/2016,Aniversário de Nova Londrina,MUNICIPAL,"Feriado municipal que celebra o aniversário da cidade, comemorando a data de sua instalação ocorrida em 15 de março de 1956, conforme instituído pela Lei Municipal nº 661/1976.",PR,4117107
15/03/2016,Emancipação Política de Conceição de Macabu,MUNICIPAL,"Celebração da emancipação político-administrativa de Conceição de Macabu, ocorrida em 15 de março de 1952, quando o município conquistou sua autonomia em relação a Macaé após plebiscito popular.",RJ,3301405
15/03/2016,Emancipação Política de Gravatá,MUNICIPAL,"Comemoração da emancipação política e constituição do município de Gravatá, ocorrida em 15 de março de 1893. O feriado é regido pelas Leis Municipais nº 592/1980 e nº 3.815/2019.",PE,2606408
15/03/2016,Emancipação Política de Miranda do Norte,MUNICIPAL,"Feriado municipal que celebra a criação e emancipação do município de Miranda do Norte, ocorrida em 15 de março de 1988, através da Lei Estadual nº 4.866.",MA,2106755
15/03/2016,Emancipação Política de Quijingue,MUNICIPAL,"Comemoração do aniversário de emancipação política do município de Quijingue, ocorrida em 15 de março de 1962, por força da Lei Estadual nº 1.640, quando se desmembrou de Tucano.",BA,2925907
15/03/2016,Feriado Municipal,MUNICIPAL,,RS,4312203
15/03/2016,Feriado Municipal,MUNICIPAL,,SC,4202453
15/03/2016,Instalação Municipal de Chã Grande,MUNICIPAL,"Feriado municipal que comemora a data de instalação oficial do município de Chã Grande, ocorrida em 15 de março de 1964. A data é prevista como feriado pela Lei Municipal nº 558/1979.",PE,2604502
16/03/2016,Aniversário da Cidade de Ouro Fino,MUNICIPAL,"Feriado municipal instituído pela Lei Municipal nº 2/1981 e corroborado pela Lei nº 991/1976, em celebração ao aniversário da cidade de Ouro Fino, comemorado anualmente em 16 de março em memória da instalação do município.",MG,3146008
16/03/2016,Aniversário da Fundação de Petrópolis,MUNICIPAL,"Feriado municipal em Petrópolis estabelecido pela Lei nº 4.753/1990, que celebra a fundação da cidade em 16 de março de 1843, data em que o Imperador Dom Pedro II assinou o decreto criando a Povoação de Petrópolis.",RJ,3303906
16/03/2016,Aniversário de Emancipação Política de Catanduvas,MUNICIPAL,"Feriado municipal celebrando o aniversário de emancipação político-administrativa do município de Catanduvas, ocorrida em 16 de março de 1963. A data é anualmente confirmada nos calendários oficiais da prefeitura.",SC,4204004
16/03/2016,Aniversário de Guareí,MUNICIPAL,"Feriado municipal que celebra a fundação e a emancipação política do município de Guareí, ocorrida em 16 de março, data em que a cidade comemora sua autonomia e história regional.",SP,3518503
16/03/2016,Dia da Emancipação Política de Santa Maria do Suaçuí,MUNICIPAL,"Feriado municipal estabelecido pela Lei Municipal nº 1.006, de 21 de maio de 2015, comemorando a emancipação política de Santa Maria do Suaçuí ocorrida em 16 de março.",MG,3158201
16/03/2016,Dia do Município (Aniversário de Manhumirim),MUNICIPAL,"Celebração do aniversário de emancipação político-administrativa do município de Manhumirim, formalizada em 16 de março de 1924. A data é feriado local conforme legislação municipal.",MG,3139508
16/03/2016,Emancipação Política de Pilar,MUNICIPAL,"Feriado municipal instituído pela Lei nº 583/2015, em comemoração à emancipação política do município de Pilar, ocorrida em 16 de março de 1872, conforme a Lei Provincial nº 626.",AL,2706901
16/03/2016,Emancipação Política de Quebrangulo,MUNICIPAL,"Comemoração oficial da emancipação política do município de Quebrangulo, ocorrida em 16 de março de 1872. Trata-se da data magna da cidade, celebrando sua autonomia administrativa em relação a Palmeira dos Índios.",AL,2707602
16/03/2016,Emancipação Político-Administrativa de São Sebastião,MUNICIPAL,"Feriado municipal que celebra a emancipação político-administrativa de São Sebastião, ocorrida em 16 de março de 1636. A data marca a fundação e a autonomia da cidade, sendo comemorada anualmente com eventos cívicos e culturais.",SP,3550704
17/03/2016,Aniversário de Aracaju,MUNICIPAL,"Comemoração do aniversário da capital de Sergipe, fundada em 17 de março de 1855. A data marca a transferência da sede administrativa da província de São Cristóvão para a nova capital planejada, Aracaju, sob o governo de Inácio Joaquim Barbosa.",SE,2800308
17/03/2016,Aniversário de Indiana,MUNICIPAL,"Feriado municipal em comemoração ao aniversário de fundação do município de Indiana, ocorrida em 17 de março de 1948. A celebração homenageia a história da cidade, conhecida como polo ceramista regional.",SP,3520608
17/03/2016,Aniversário de Rio das Flores,MUNICIPAL,"Celebração do aniversário de emancipação político-administrativa do município, ocorrida em 17 de março de 1890 por força do Decreto Estadual nº 62. A data é ratificada como feriado municipal ('Dia do Município') pela Lei Municipal nº 475/1980.",RJ,3304508
17/03/2016,Dia de São Patrício (Padroeiro),MUNICIPAL,"Feriado religioso em celebração a São Patrício, padroeiro do município de Ceres e de todo o Vale de São Patrício. A festividade é tradicional na cidade desde 1997, refletindo a herança cultural e a fé da comunidade local.",GO,5205406
17/03/2016,Dia de São Patrício (Padroeiro),MUNICIPAL,"Feriado religioso em honra a São Patrício, padroeiro da região do Vale de São Patrício. No município de Rialma, a data é instituída como feriado oficial por meio da Lei Municipal nº 1.010/2005.",GO,5218607
17/03/2016,Dia de São Patrício (Padroeiro),MUNICIPAL,"Feriado municipal dedicado a São Patrício, padroeiro da cidade de Itaqui. A data é oficialmente reconhecida como evento municipal e feriado conforme disposto na Lei Municipal nº 2.195/1996 e alteração pela Lei nº 2.288/1997.",RS,4310603
17/03/2016,Retratação Política de José Manoel da Silva,MUNICIPAL,"Feriado municipal que celebra a 'Retratação Política de José Manoel da Silva', fato histórico relevante para a pacificação e organização política local. A data é formalmente incluída no calendário de feriados de Toritama por decretos anuais e legislação específica.",PE,2615409
18/03/2016,Aniversário de Antônio João,MUNICIPAL,"Comemoração do aniversário de emancipação político-administrativa de Antônio João, MS. O município foi criado pela Lei Estadual nº 2.142, de 18 de março de 1964. A data celebra a autonomia do município e sua fundação oficial.",MS,5000906
18/03/2016,Aniversário de Gaspar,MUNICIPAL,"Feriado municipal em comemoração ao aniversário de emancipação política do município de Gaspar, ocorrida em 18 de março de 1934, quando se desmembrou de Blumenau. A data é oficialmente instituída pela Lei Orgânica Municipal e pelo calendário legislativo local.",SC,4205902
18/03/2016,Aniversário de Jaborandi,MUNICIPAL,"Feriado municipal referente ao aniversário de emancipação de Jaborandi, ocorrida em 18 de março de 1948, através da Lei Estadual nº 233. A celebração marca a conquista da autonomia política e administrativa do município paulista.",SP,3524204
18/03/2016,Aniversário de Pedregulho,MUNICIPAL,"Feriado municipal em comemoração à fundação e emancipação de Pedregulho, ocorrida em 18 de março de 1897. A data é feriado oficial conforme estabelecido na Lei Orgânica do Município e celebra o desenvolvimento da cidade na região da Alta Mogiana.",SP,3537008
18/03/2016,Aniversário de Tibagi,MUNICIPAL,"Feriado municipal em celebração à emancipação política de Tibagi, ocorrida em 18 de março de 1872. A data comemora o momento em que a localidade foi elevada à categoria de município, desmembrando-se de Castro, sendo um dos municípios mais tradicionais do Paraná.",PR,4127502
18/03/2016,Emancipação Política de Mata Grande,MUNICIPAL,"Feriado municipal celebrando a emancipação política de Mata Grande. Embora sua origem date de períodos anteriores, a data de 18 de março é o marco solene adotado pelo município para celebrar sua autonomia e história administrativa perante o estado de Alagoas.",AL,2705002
18/03/2016,Feriado Municipal,MUNICIPAL,,PB,2511400
19/03/2016,Aniversário da Cidade,MUNICIPAL,Aniversário da Cidade de Itajubá,MG,3132404
19/03/2016,Aniversário da Cidade,MUNICIPAL,"Comemorações do aniversário de fundação da cidade, lei Lei nº 9.911",PR,4126272
19/03/2016,Dia de São José,MUNICIPAL,"Dia de São José, Padroeiro da Cidade, conforme Lei Municipal nº 2.052 de 03/07/2007",BA,2914802
19/03/2016,Dia de São José,MUNICIPAL,"Dia de São José, padroeiro do município",BA,2930204
19/03/2016,Dia de São José,MUNICIPAL,"Consagrado a São José, padroeiro da cidade, segundo decreto 1723/1996",MG,3101508
19/03/2016,Dia de São José,MUNICIPAL,"Data em que se comemora o dia do Padroeiro do Município, Santo São José",MG,3117876
19/03/2016,Dia de São José,MUNICIPAL,"Dia de São José, padroeiro da cidade",MG,3134202
19/03/2016,Dia de São José,MUNICIPAL,"Dia do padroeiro da cidade, o glorioso São José",PI,2202174
19/03/2016,Dia de São José,MUNICIPAL,"Dia do Padroeiro, São José",PR,4122404
19/03/2016,Dia de São José,MUNICIPAL,"Dia de São José, padroeiro do município",RS,4310330
19/03/2016,Dia de São José,MUNICIPAL,"Dia de São José, Padroeiro do Município",RS,4310538
19/03/2016,Dia de São José,MUNICIPAL,"Dia de São José, Padroeiro do Município, conforme Lei nº 3780/2010",SC,4216701
19/03/2016,Dia de São José,MUNICIPAL,"Dia de São José, padroeiro da Cidade",SP,3517604
19/03/2016,Dia de São José - Padroeiro de São José dos Campos,MUNICIPAL,conforme Lei Municipal nº 8.821 de 27/11/2012,SP,3549904
19/03/2016,"Dia de São José, Padroeiro da cidade",MUNICIPAL,,MG,3101607
19/03/2016,"Dia de São José, padroeiro da cidade",MUNICIPAL,http://www.altotaquari.mt.gov.br/noticia/197/Prefeito-Municipal-de-Alto-Taquari-divulgou-a-lista-de-feriados-Nacionais-Estaduais-e-Municipais,MT,5100607
19/03/2016,"Dia de São José, padroeiro do estado",MUNICIPAL,,CE,2301257
19/03/2016,Dia do Padroeiro,MUNICIPAL,"Dia de São José, padroeiro da Cidade",PR,4104303
19/03/2016,"Homenagem a São José, Padroeiro do Município",MUNICIPAL,De acordo com a Lei Municipal nº 1210/2001,MA,2112209
19/03/2016,São José,MUNICIPAL,Dia de São José,AL,2701605
19/03/2016,São José,MUNICIPAL,"Dia de São José, padroeiro da Cidade",AL,2704708
19/03/2016,São José,MUNICIPAL,Dia de São José,AL,2705606
19/03/2016,São José,MUNICIPAL,Dia de São José,AL,2708303
19/03/2016,São José,MUNICIPAL,Dia de São José,AL,2708402
19/03/2016,São José,MUNICIPAL,Dia de São José,BA,2900405
19/03/2016,São José,MUNICIPAL,Dia de São José,BA,2901908
19/03/2016,São José,MUNICIPAL,Dia de São José,BA,2906857
19/03/2016,São José,MUNICIPAL,Dia do Padroeiro da Cidade,BA,2907103
19/03/2016,São José,MUNICIPAL,Dia de São José,BA,2911204
19/03/2016,São José,MUNICIPAL,Dia de São José,BA,2912905
19/03/2016,São José,MUNICIPAL,Dia de São José,BA,2916401
19/03/2016,São José,MUNICIPAL,Dia de São José,BA,2918506
19/03/2016,São José,MUNICIPAL,Dia de São José,BA,2921807
19/03/2016,São José,MUNICIPAL,Dia de São José,BA,2922003
19/03/2016,São José,MUNICIPAL,Dia de São José,BA,2932507
19/03/2016,São José,MUNICIPAL,Dia de São José,BA,2933059
19/03/2016,São José,MUNICIPAL,Dia de São José,CE,2301000
19/03/2016,São José,MUNICIPAL,Dia de São José,CE,2301109
19/03/2016,São José,MUNICIPAL,"Feriado estadual que celebra o santo padroeiro do Ceará, conforme Lei Estadual nº 11.010 de 23/12/1985",CE,2303709
19/03/2016,São José,MUNICIPAL,Dia de São José,CE,2303808
19/03/2016,São José,MUNICIPAL,Dia de São José,CE,2304202
19/03/2016,São José,MUNICIPAL,Dia de São José,CE,2304301
19/03/2016,São José,MUNICIPAL,"Dia de São José, padroeiro do estado do Ceará, conforme a Lei nº 8796 de 09 de dezembro de 2003",CE,2304400
19/03/2016,São José,MUNICIPAL,Dia de São José,CE,2304459
19/03/2016,São José,MUNICIPAL,Dia de São José,CE,2305233
19/03/2016,São José,MUNICIPAL,Dia de São José,CE,2305308
19/03/2016,São José,MUNICIPAL,Dia de São José,CE,2305357
19/03/2016,São José,MUNICIPAL,Dia de São José,CE,2305407
19/03/2016,São José,MUNICIPAL,Dia de São José,CE,2305506
19/03/2016,São José,MUNICIPAL,Dia de São José,CE,2307601
19/03/2016,São José,MUNICIPAL,Dia de São José,CE,2307650
19/03/2016,São José,MUNICIPAL,Dia de São José,CE,2308351
19/03/2016,São José,MUNICIPAL,Dia de São José,CE,2308401
19/03/2016,São José,MUNICIPAL,Dia de São José,CE,2311207
19/03/2016,São José,MUNICIPAL,Dia de São José,CE,2311306
19/03/2016,São José,MUNICIPAL,Dia de São José,CE,2311959
19/03/2016,São José,MUNICIPAL,Dia de São José,CE,2312700
19/03/2016,São José,MUNICIPAL,Dia de São José,CE,2313807
19/03/2016,São José,MUNICIPAL,Dia de São José,ES,3200136
19/03/2016,São José,MUNICIPAL,Dia de São José,ES,3200359
19/03/2016,São José,MUNICIPAL,Dia de São José,ES,3202256
19/03/2016,São José,MUNICIPAL,Dia de São José,ES,3203403
19/03/2016,São José,MUNICIPAL,Dia de São José,ES,3204807
19/03/2016,São José,MUNICIPAL,Dia de São José,GO,5209937
19/03/2016,São José,MUNICIPAL,Dia de São José,GO,5210000
19/03/2016,São José,MUNICIPAL,Dia de São José,GO,5213905
19/03/2016,São José,MUNICIPAL,Dia de São José,GO,5214606
19/03/2016,São José,MUNICIPAL,Dia de São José,GO,5217609
19/03/2016,São José,MUNICIPAL,Dia de São José,GO,5222005
19/03/2016,São José,MUNICIPAL,Dia de São José,MA,2103000
19/03/2016,São José,MUNICIPAL,Dia de São José,MA,2103901
19/03/2016,São José,MUNICIPAL,Dia de São José,MA,2105005
19/03/2016,São José,MUNICIPAL,Dia de São José,MA,2105708
19/03/2016,São José,MUNICIPAL,Dia de São José,MA,2111201
19/03/2016,São José,MUNICIPAL,Dia de São José,MG,3102100
19/03/2016,São José,MUNICIPAL,Dia de São José,MG,3105707
19/03/2016,São José,MUNICIPAL,"Dia de São José, padroeiro da cidade",MG,3106903
19/03/2016,São José,MUNICIPAL,Dia de São José,MG,3108404
19/03/2016,São José,MUNICIPAL,Dia de São José,MG,3112406
19/03/2016,São José,MUNICIPAL,Dia de São José,MG,3113008
19/03/2016,São José,MUNICIPAL,Dia de São José,MG,3117900
19/03/2016,São José,MUNICIPAL,Dia de São José,MG,3118403
19/03/2016,São José,MUNICIPAL,Dia de São José,MG,3119807
19/03/2016,São José,MUNICIPAL,Dia de São José,MG,3125200
19/03/2016,São José,MUNICIPAL,Dia de São José,MG,3133006
19/03/2016,São José,MUNICIPAL,Dia de São José,MG,3134103
19/03/2016,São José,MUNICIPAL,Dia de São José,MG,3134301
19/03/2016,São José,MUNICIPAL,Dia de São José,MG,3141306
19/03/2016,São José,MUNICIPAL,Dia de São José,MG,3144102
19/03/2016,São José,MUNICIPAL,Dia de São José,MG,3144706
19/03/2016,São José,MUNICIPAL,Dia de São José,MG,3147303
19/03/2016,São José,MUNICIPAL,Dia de São José,MG,3161106
19/03/2016,São José,MUNICIPAL,Dia de São José,MG,3162948
19/03/2016,São José,MUNICIPAL,"Dia de São José, conforme lei nº 3 de 08 de Fevereiro de 1993",MG,3162955
19/03/2016,São José,MUNICIPAL,Dia de São José,MG,3163102
19/03/2016,São José,MUNICIPAL,Dia de São José,MG,3163300
19/03/2016,São José,MUNICIPAL,Dia de São José,MG,3163409
19/03/2016,São José,MUNICIPAL,Dia de São José,MG,3163508
19/03/2016,São José,MUNICIPAL,Dia de São José,MG,3169000
19/03/2016,São José,MUNICIPAL,Dia de São José,MG,3169505
19/03/2016,São José,MUNICIPAL,"Dia de São José, padroeiro do município",MS,5002902
19/03/2016,São José,MUNICIPAL,Dia de São José,MS,5003306
19/03/2016,São José,MUNICIPAL,Dia de São José,MS,5004106
19/03/2016,São José,MUNICIPAL,Dia de São José,MS,5004502
19/03/2016,São José,MUNICIPAL,Dia do Padroeiro São José,MS,5006606
19/03/2016,São José,MUNICIPAL,Dia de São José,MS,5007109
19/03/2016,São José,MUNICIPAL,Dia de São José,MT,5100508
19/03/2016,São José,MUNICIPAL,"Dia de São José, padroeiro da cidade, Lei Municipal 1.543/2004",MT,5105101
19/03/2016,São José,MUNICIPAL,Dia de São José,MT,5105507
19/03/2016,São José,MUNICIPAL,Dia de São José,MT,5107305
19/03/2016,São José,MUNICIPAL,Dia de São José,PA,1500206
19/03/2016,São José,MUNICIPAL,Dia de São José,PA,1502400
19/03/2016,São José,MUNICIPAL,Dia de São José,PA,1508100
19/03/2016,São José,MUNICIPAL,Dia de São José,PB,2507705
19/03/2016,São José,MUNICIPAL,Dia de São José,PB,2510907
19/03/2016,São José,MUNICIPAL,Dia de São José,PB,2513703
19/03/2016,São José,MUNICIPAL,Dia de São José,PB,2514503
19/03/2016,São José,MUNICIPAL,Dia de São José,PE,2600054
19/03/2016,São José,MUNICIPAL,Dia de São José,PE,2600401
19/03/2016,São José,MUNICIPAL,Dia de São José,PE,2600906
19/03/2016,São José,MUNICIPAL,Dia de São José,PE,2601904
19/03/2016,São José,MUNICIPAL,Dia de São José,PE,2602001
19/03/2016,São José,MUNICIPAL,Dia de São José,PE,2602605
19/03/2016,São José,MUNICIPAL,Dia de São José,PE,2603801
19/03/2016,São José,MUNICIPAL,Dia de São José,PE,2604007
19/03/2016,São José,MUNICIPAL,Dia de São José,PE,2604502
19/03/2016,São José,MUNICIPAL,Dia de São José,PE,2604908
19/03/2016,São José,MUNICIPAL,Dia de São José,PE,2605103
19/03/2016,São José,MUNICIPAL,Dia de São José,PE,2605152
19/03/2016,São José,MUNICIPAL,Dia de São José,PE,2605400
19/03/2016,São José,MUNICIPAL,Dia de São José,PE,2605806
19/03/2016,São José,MUNICIPAL,Dia de São José,PE,2606903
19/03/2016,São José,MUNICIPAL,Dia de São José,PE,2607000
19/03/2016,São José,MUNICIPAL,Dia de São José,PE,2610509
19/03/2016,São José,MUNICIPAL,Dia de São José,PE,2611903
19/03/2016,São José,MUNICIPAL,Dia de São José,PE,2613503
19/03/2016,São José,MUNICIPAL,Dia de São José,PE,2613602
19/03/2016,São José,MUNICIPAL,Dia de São José,PE,2614501
19/03/2016,São José,MUNICIPAL,Dia de São José,PE,2615805
19/03/2016,São José,MUNICIPAL,Dia de São José,PE,2616001
19/03/2016,São José,MUNICIPAL,Dia de São José,PE,2616209
19/03/2016,São José,MUNICIPAL,Dia de São José,PI,2204709
19/03/2016,São José,MUNICIPAL,Dia de São José,PR,4100707
19/03/2016,São José,MUNICIPAL,"Dia do Padroeiro da Cidade, São José",PR,4101309
19/03/2016,São José,MUNICIPAL,Dia de São José,PR,4101903
19/03/2016,São José,MUNICIPAL,Dia de São José,PR,4103800
19/03/2016,São José,MUNICIPAL,Dia de São José,PR,4104907
19/03/2016,São José,MUNICIPAL,Dia de São José,PR,4107108
19/03/2016,São José,MUNICIPAL,Dia de São José,PR,4107405
19/03/2016,São José,MUNICIPAL,Dia de São José,PR,4108700
19/03/2016,São José,MUNICIPAL,Dia de São José,PR,4109104
19/03/2016,São José,MUNICIPAL,Dia de São José,PR,4110078
19/03/2016,São José,MUNICIPAL,Dia de São José,PR,4111902
19/03/2016,São José,MUNICIPAL,Dia de São José,PR,4119954
19/03/2016,São José,MUNICIPAL,Dia de São José,PR,4121356
19/03/2016,São José,MUNICIPAL,Dia de São José,PR,4122156
19/03/2016,São José,MUNICIPAL,Dia de São José,PR,4123105
19/03/2016,São José,MUNICIPAL,Dia de São José,PR,4125407
19/03/2016,São José,MUNICIPAL,Dia de São José,PR,4125456
19/03/2016,São José,MUNICIPAL,Dia do Padroeiro da Cidade de São José dos Pinhais,PR,4125506
19/03/2016,São José,MUNICIPAL,Dia de São José,RJ,3301157
19/03/2016,São José,MUNICIPAL,Dia de São José,RJ,3302205
19/03/2016,São José,MUNICIPAL,Dia de São José - Padroeiro de Itatiaia,RJ,3302254
19/03/2016,São José,MUNICIPAL,Dia de São José,RJ,3305133
19/03/2016,São José,MUNICIPAL,Dia de São José,RJ,3305158
19/03/2016,São José,MUNICIPAL,Dia de São José,RN,2400802
19/03/2016,São José,MUNICIPAL,Dia de São José,RN,2402402
19/03/2016,São José,MUNICIPAL,Dia de São José,RN,2412302
19/03/2016,São José,MUNICIPAL,Dia de São José,RO,1101401
19/03/2016,São José,MUNICIPAL,Dia de São José,RR,1400209
19/03/2016,São José,MUNICIPAL,Dia de São José,RS,4300638
19/03/2016,São José,MUNICIPAL,Dia de São José,RS,4301651
19/03/2016,São José,MUNICIPAL,Dia de São José,RS,4302204
19/03/2016,São José,MUNICIPAL,Dia de São José,RS,4305173
19/03/2016,São José,MUNICIPAL,Dia de São José,RS,4305306
19/03/2016,São José,MUNICIPAL,Dia de São José,RS,4305447
19/03/2016,São José,MUNICIPAL,Dia de São José,RS,4305801
19/03/2016,São José,MUNICIPAL,Dia de São José,RS,4309902
19/03/2016,São José,MUNICIPAL,"Feriado do dia de São José, Lei nº 1.096, de 22 de março de 2016",RS,4312351
19/03/2016,São José,MUNICIPAL,Dia de São José,RS,4313037
19/03/2016,São José,MUNICIPAL,Dia de São José,RS,4313607
19/03/2016,São José,MUNICIPAL,Dia de São José,RS,4314209
19/03/2016,São José,MUNICIPAL,Dia de São José,RS,4314555
19/03/2016,São José,MUNICIPAL,Dia de São José,RS,4318606
19/03/2016,São José,MUNICIPAL,"Dia de São José, padroeiro da Cidade, conforme lei Nº 57 de 14 de Outubro de 1993",RS,4318622
19/03/2016,São José,MUNICIPAL,Dia de São José,RS,4321303
19/03/2016,São José,MUNICIPAL,Dia de São José,RS,4321667
19/03/2016,São José,MUNICIPAL,Dia de São José,SC,4201802
19/03/2016,São José,MUNICIPAL,Dia de São José,SC,4202701
19/03/2016,São José,MUNICIPAL,Dia de São José,SC,4216602
19/03/2016,São José,MUNICIPAL,Dia de São José,SC,4218251
19/03/2016,São José,MUNICIPAL,Dia de São José,SC,4218400
19/03/2016,São José,MUNICIPAL,Dia de São José,SE,2801009
19/03/2016,São José,MUNICIPAL,Dia de São José,SE,2801108
19/03/2016,São José,MUNICIPAL,Dia de São José,SE,2803906
19/03/2016,São José,MUNICIPAL,Dia de São José,SE,2805208
19/03/2016,São José,MUNICIPAL,Dia de São José,SP,3500204
19/03/2016,São José,MUNICIPAL,Dia de São José,SP,3501301
19/03/2016,São José,MUNICIPAL,Dia de São José,SP,3503109
19/03/2016,São José,MUNICIPAL,Dia de São José,SP,3505302
19/03/2016,São José,MUNICIPAL,Dia de São José,SP,3509106
19/03/2016,São José,MUNICIPAL,Dia de São José,SP,3509809
19/03/2016,São José,MUNICIPAL,Dia de São José,SP,3511003
19/03/2016,São José,MUNICIPAL,Dia de São José,SP,3511508
19/03/2016,São José,MUNICIPAL,Dia de São José,SP,3512001
19/03/2016,São José,MUNICIPAL,Dia de São José,SP,3512704
19/03/2016,São José,MUNICIPAL,Dia de São José,SP,3513108
19/03/2016,São José,MUNICIPAL,Dia de São José,SP,3513603
19/03/2016,São José,MUNICIPAL,Dia de São José,SP,3514908
19/03/2016,São José,MUNICIPAL,Dia de São José,SP,3515350
19/03/2016,São José,MUNICIPAL,Dia de São José,SP,3515806
19/03/2016,São José,MUNICIPAL,Dia de São José,SP,3516101
19/03/2016,São José,MUNICIPAL,Dia de São José,SP,3516606
19/03/2016,São José,MUNICIPAL,Dia de São José,SP,3521903
19/03/2016,São José,MUNICIPAL,Dia de São José,SP,3525607
19/03/2016,São José,MUNICIPAL,Dia de São José,SP,3528403
19/03/2016,São José,MUNICIPAL,Dia de São José,SP,3529609
19/03/2016,São José,MUNICIPAL,Dia de São José,SP,3531902
19/03/2016,São José,MUNICIPAL,Dia de São José,SP,3532108
19/03/2016,São José,MUNICIPAL,Dia de São José,SP,3533502
19/03/2016,São José,MUNICIPAL,Dia de São José,SP,3534302
19/03/2016,São José,MUNICIPAL,Dia de São José,SP,3534609
19/03/2016,São José,MUNICIPAL,Dia de São José,SP,3535408
19/03/2016,São José,MUNICIPAL,Dia de São José,SP,3536901
19/03/2016,São José,MUNICIPAL,Dia de São José,SP,3537701
19/03/2016,São José,MUNICIPAL,Dia de São José,SP,3540101
19/03/2016,São José,MUNICIPAL,Dia de São José,SP,3543303
19/03/2016,São José,MUNICIPAL,Dia de São José,SP,3545001
19/03/2016,São José,MUNICIPAL,Dia de São José,SP,3549508
19/03/2016,São José,MUNICIPAL,Dia de São José,SP,3549607
19/03/2016,São José,MUNICIPAL,Dia de São José,SP,3549706
19/03/2016,São José,MUNICIPAL,"Dia de São José (Padroeiro e Aniversário da Cidade), conforme Lei Municipal nº 1.227 de 31/01/1967",SP,3549805
19/03/2016,São José,MUNICIPAL,Dia de São José,SP,3551900
19/03/2016,São José,MUNICIPAL,Dia de São José,SP,3553104
19/03/2016,São José,MUNICIPAL,Dia de São José,SP,3554706
19/03/2016,São José,MUNICIPAL,Dia de São José,SP,3557303
19/03/2016,São José,MUNICIPAL,Dia de São José,TO,1707009
19/03/2016,São José,MUNICIPAL,"Dia de São José, Padroeiro de Palmas, conforme Lei nº 577/96, de 02 de abril de 1996",TO,1721000
20/03/2016,Aniversário de Ametista do Sul,MUNICIPAL,"Feriado municipal em comemoração ao aniversário de emancipação de Ametista do Sul, instituído pela Lei Estadual nº 9.534, de 20 de março de 1992, quando o município se desmembrou de Iraí e Planalto.",RS,4300646
20/03/2016,Aniversário de Anchieta,MUNICIPAL,"Celebração do aniversário de emancipação política de Anchieta, SC, ocorrida em 20 de março de 1963 através da Lei Estadual nº 876.",SC,4200804
20/03/2016,Aniversário de Barão do Triunfo,MUNICIPAL,"Aniversário de emancipação política de Barão do Triunfo, instituído em 20 de março de 1992 pela Lei Estadual nº 9.551. Feriado municipal civil.",RS,4301750
20/03/2016,Aniversário de Centenário,MUNICIPAL,"Feriado que celebra a emancipação de Centenário, RS, ocorrida em 20 de março de 1992 pela Lei Estadual nº 9.539.",RS,4305116
20/03/2016,Aniversário de Congonhinhas,MUNICIPAL,"Feriado em comemoração ao aniversário de fundação e emancipação política de Congonhinhas, ocorrida oficialmente em 20 de março de 1945.",PR,4106001
20/03/2016,Aniversário de Itapuca,MUNICIPAL,"Feriado municipal que marca a emancipação política de Itapuca, em 20 de março de 1992, conforme Lei Estadual nº 9.575.",RS,4310579
20/03/2016,Aniversário de Manoel Viana,MUNICIPAL,"Feriado municipal referente ao aniversário de emancipação política do município de Manoel Viana, criado em 20 de março de 1992 pela Lei Estadual nº 9.549.",RS,4311759
20/03/2016,Aniversário de Maquiné,MUNICIPAL,"Celebração da emancipação de Maquiné, ocorrida em 20 de março de 1992 através da Lei Estadual nº 9.578. É feriado municipal em honra à fundação da cidade.",RS,4311775
20/03/2016,Aniversário de Minas do Leão,MUNICIPAL,"Feriado civil celebrando o aniversário de emancipação de Minas do Leão, ocorrida em 20 de março de 1992 pela Lei Estadual nº 9.583.",RS,4312252
20/03/2016,Aniversário de Monte Belo do Sul,MUNICIPAL,"Comemoração da emancipação política do município, ocorrida em 20 de março de 1992 conforme Lei Estadual nº 9.585. É feriado oficial na cidade.",RS,4312385
20/03/2016,Aniversário de Mormaço,MUNICIPAL,"Feriado civil que celebra o aniversário de emancipação político-administrativa de Mormaço, criado pela Lei Estadual nº 9.616 de 20/03/1992 e consolidado pela Lei Municipal nº 1.391/2019.",RS,4312427
20/03/2016,Aniversário de Pinhais,MUNICIPAL,"Comemoração do aniversário de emancipação política do município de Pinhais, ocorrida em 20 de março de 1992, conforme instituído pela Lei Estadual nº 9.906/1992. É o principal feriado civil da cidade.",PR,4119152
20/03/2016,Aniversário de Pinhal Grande,MUNICIPAL,"Comemoração da emancipação política do município de Pinhal Grande, ocorrida em 20 de março de 1992 pela Lei Estadual nº 9.593.",RS,4314472
20/03/2016,Aniversário de Pinheirinho do Vale,MUNICIPAL,"Celebração do aniversário de emancipação do município, estabelecido pela Lei Estadual nº 9.605 de 20 de março de 1992. A data marca a autonomia política e administrativa da cidade.",RS,4314498
20/03/2016,Aniversário de Piquerobi,MUNICIPAL,"Comemoração do aniversário do município de Piquerobi, que obteve sua emancipação em 20 de março de 1948, conforme instituído pela Lei Estadual (SP) nº 233.",SP,3538303
20/03/2016,Aniversário de Rancho Alegre D'Oeste,MUNICIPAL,"Comemoração do aniversário da cidade, criada pela Lei Estadual nº 9.914 em 20 de março de 1992. Trata-se de feriado municipal fixo.",PR,4121356
20/03/2016,Aniversário de São José dos Ausentes,MUNICIPAL,"Aniversário de emancipação política do município, criado em 20 de março de 1992 pela Lei Estadual nº 9.544 e regulamentado como feriado municipal pela Lei nº 57 de 14 de outubro de 1993.",RS,4318622
20/03/2016,Aniversário de São João do Polêsine,MUNICIPAL,"Feriado municipal em comemoração ao aniversário de fundação da cidade, emancipada em 20 de março de 1992 pela Lei Estadual nº 9.541.",RS,4318432
20/03/2016,Aniversário de Turvo,MUNICIPAL,"Feriado municipal em comemoração ao aniversário de fundação e emancipação de Turvo, SC, ocorrida em 20 de março de 1948 por meio da Lei Estadual nº 192.",SC,4218806
20/03/2016,Aniversário de Vila Nova do Sul,MUNICIPAL,"Feriado municipal em alusão ao aniversário de emancipação da cidade, criada em 20 de março de 1992 pela Lei Estadual nº 9.610.",RS,4323457
20/03/2016,Aniversário e Dia de Santo Ambrósio de Sena,MUNICIPAL,"Feriado municipal que celebra simultaneamente o Dia do Município (emancipação em 20 de março de 1992 pela Lei Estadual nº 9.591) e o dia de Santo Ambrósio de Sena, conforme legislação local.",RS,4314076
20/03/2016,Dia da Emancipação de Vargem Alta,MUNICIPAL,"Feriado municipal que celebra a emancipação política de Vargem Alta, ocorrida em 20 de março de 1988 por força da Lei Estadual nº 4.063/1988, sendo formalizado localmente pela Lei Municipal nº 015/1989.",ES,3205036
20/03/2016,Emancipação Política de Venturosa,MUNICIPAL,"Feriado municipal comemorativo à emancipação política de Venturosa, conforme determinado pela Lei Orgânica do Município e ratificado anualmente por decretos municipais, em alusão à sua criação em 20 de março de 1962.",PE,2616001
20/03/2016,Emancipação de Campestre da Serra,MUNICIPAL,"Celebração da autonomia municipal de Campestre da Serra, ocorrida em 20 de março de 1992 (Lei Estadual nº 9.537). O feriado é fixo conforme Lei Municipal nº 210/1998.",RS,4303673
20/03/2016,Feriado Municipal,MUNICIPAL,,MG,3125705
20/03/2016,Feriado Municipal,MUNICIPAL,,PB,2506905
21/03/2016,Aniversário de Américo Brasiliense,MUNICIPAL,"Feriado municipal em comemoração ao aniversário de emancipação do município de Américo Brasiliense, ocorrida em 21 de março de 1965.",SP,3501707
21/03/2016,Aniversário de Barra do Turvo,MUNICIPAL,Celebração do aniversário de autonomia administrativa e instalação do município de Barra do Turvo.,SP,3505401
21/03/2016,Aniversário de Boquim,MUNICIPAL,"Feriado municipal em celebração ao aniversário da cidade de Boquim, em Sergipe, conforme calendário oficial da prefeitura.",SE,2800670
21/03/2016,Aniversário de Borborema,MUNICIPAL,"Celebração do aniversário de emancipação do município de Borborema, conforme tradição local e leis municipais vigentes.",SP,3507407
21/03/2016,Aniversário de Campo Limpo Paulista,MUNICIPAL,"Comemoração do aniversário de fundação e emancipação política do município, ocorrida em 21 de março de 1965, conforme instituído pela Lei Municipal nº 583/1997.",SP,3509601
21/03/2016,Aniversário de Coronel Macedo,MUNICIPAL,"Feriado que celebra o aniversário de emancipação do município de Coronel Macedo, instalado em 21 de março de 1965.",SP,3512605
21/03/2016,Aniversário de Dumont,MUNICIPAL,"Celebração do aniversário de emancipação do município de Dumont, em conformidade com o calendário oficial de feriados locais.",SP,3514601
21/03/2016,Aniversário de Estrela do Norte,MUNICIPAL,"Comemoração do aniversário do município de Estrela do Norte, marcando sua instalação política em 21 de março de 1965.",SP,3515301
21/03/2016,Aniversário de Francisco Morato,MUNICIPAL,"Feriado em comemoração ao aniversário de emancipação político-administrativa de Francisco Morato, ocorrida em 21 de março de 1965, regulamentado pelo Decreto Municipal nº 173/2025.",SP,3516309
21/03/2016,Aniversário de Iperó,MUNICIPAL,"Comemoração do aniversário de fundação e instalação do município de Iperó, celebrando sua autonomia política conquistada em 1965.",SP,3521002
21/03/2016,Aniversário de Ipeúna,MUNICIPAL,"Comemoração do aniversário de emancipação política de Ipeúna, celebrada anualmente em 21 de março.",SP,3521101
21/03/2016,Aniversário de Itapura,MUNICIPAL,"Feriado municipal em celebração à instalação política e administrativa de Itapura, ocorrida em 21 de março de 1965.",SP,3523008
21/03/2016,Aniversário de Lindóia,MUNICIPAL,"Feriado municipal em celebração à emancipação político-administrativa da Estância de Lindóia, instalada em 21 de março de 1965, conforme a Lei Municipal nº 1.762/2024.",SP,3527009
21/03/2016,Aniversário de Louveira,MUNICIPAL,"Feriado municipal que celebra a emancipação político-administrativa do município de Louveira, instalado oficialmente em 21 de março de 1965.",SP,3527306
21/03/2016,Aniversário de Mira Estrela,MUNICIPAL,Celebração anual da instalação do município de Mira Estrela em 21 de março de 1965.,SP,3530003
21/03/2016,Aniversário de Mombuca,MUNICIPAL,Celebração do aniversário de instalação e autonomia administrativa do município de Mombuca.,SP,3530904
21/03/2016,Aniversário de Narandiba,MUNICIPAL,"Celebração do aniversário de fundação do município de Narandiba, marcando sua instalação política e administrativa em 21 de março.",SP,3532207
21/03/2016,Aniversário de Nova Independência,MUNICIPAL,Feriado municipal que celebra o aniversário de emancipação e fundação de Nova Independência.,SP,3533205
21/03/2016,Aniversário de Orindiúva,MUNICIPAL,"Feriado municipal em celebração ao aniversário da cidade de Orindiúva, instituído pela Lei Municipal nº 290 de 11/12/1978.",SP,3534203
21/03/2016,Aniversário de Pindorama,MUNICIPAL,"Feriado municipal que celebra o aniversário de fundação e emancipação de Pindorama, São Paulo.",SP,3538105
21/03/2016,Aniversário de Potirendaba,MUNICIPAL,"Comemoração anual do aniversário do município de Potirendaba, marcando sua trajetória histórica e política.",SP,3540804
21/03/2016,Aniversário de Ribeirão do Sul,MUNICIPAL,"Celebração do aniversário de emancipação do município de Ribeirão do Sul, marcando sua autonomia em 21 de março.",SP,3543204
21/03/2016,Aniversário de Roseira,MUNICIPAL,"Feriado municipal em comemoração ao aniversário do município de Roseira, instalado oficialmente em 21 de março de 1965.",SP,3544301
21/03/2016,Aniversário de Santa Clara d'Oeste,MUNICIPAL,"Comemoração da fundação e emancipação político-administrativa do município de Santa Clara d'Oeste, instalado em 21 de março de 1965.",SP,3546108
21/03/2016,Aniversário de Santana da Ponte Pensa,MUNICIPAL,Feriado municipal em celebração à instalação administrativa do município de Santana da Ponte Pensa em 21 de março.,SP,3547205
21/03/2016,Aniversário de Tarabai,MUNICIPAL,"Feriado municipal celebrando o aniversário de instalação do município de Tarabai, ocorrida em 21 de março de 1965.",SP,3553906
21/03/2016,Aniversário de Teodoro Sampaio,MUNICIPAL,"Celebração do aniversário de instalação política do município de Teodoro Sampaio, ocorrida em 21 de março de 1965.",SP,3554300
21/03/2016,Aniversário de União Paulista,MUNICIPAL,"Feriado em celebração à instalação política do município de União Paulista, ocorrida em 21 de março de 1965.",SP,3555703
21/03/2016,Aniversário de Várzea Paulista,MUNICIPAL,"Comemoração do aniversário de emancipação do município de Várzea Paulista, instituído pelas Leis Municipais nº 319/1973 e nº 716/1980, celebrando a autonomia conquistada em 1965.",SP,3556503
21/03/2016,Emancipação Política de Indaial,MUNICIPAL,"Comemoração da emancipação política do município de Indaial. De acordo com a Lei Municipal nº 5.534/2018, o feriado é mantido na data original quando cai em finais de semana.",SC,4207502
21/03/2016,Emancipação Política de Monte Santo,MUNICIPAL,"Feriado municipal que celebra a emancipação do município de Monte Santo, conforme estabelecido pela Lei Municipal nº 037/2018.",BA,2921500
21/03/2016,Emancipação Política de Tucano,MUNICIPAL,"Feriado municipal que celebra a emancipação política de Tucano, conforme instituído pela Lei Orgânica e decretos anuais de feriados da prefeitura.",BA,2931905
21/03/2016,Emancipação de Paranapuã,MUNICIPAL,"Feriado municipal celebrando o Dia da Emancipação Política de Paranapuã, instituído pela Lei Municipal nº 98/1977.",SP,3535903
21/03/2016,Instalação do Município de Telêmaco Borba,MUNICIPAL,"Feriado civil instituído pela Lei Municipal nº 2.249/2018, em comemoração à data de instalação oficial do município de Telêmaco Borba em 21 de março.",PR,4127106
21/03/2016,Trânsito de São Bento Abade,MUNICIPAL,"Feriado religioso em honra ao padroeiro da cidade, São Bento Abade, celebrando o dia de sua morte (trânsito ao céu), conforme a tradição católica e municipal.",MG,3160801
22/03/2016,Aniversário de Aparecida d'Oeste,MUNICIPAL,"Feriado municipal em celebração à fundação e emancipação de Aparecida d'Oeste, que ocorreu oficialmente em 22 de março de 1965, data em que o município se tornou autônomo.",SP,3502606
22/03/2016,Aniversário de Balsas,MUNICIPAL,"Feriado municipal em comemoração ao aniversário de emancipação política e fundação da cidade de Balsas, ocorrida em 22 de março de 1918. A data celebra a autonomia administrativa do município, consolidando sua importância econômica e cultural no sul do estado do Maranhão.",MA,2101400
22/03/2016,Aniversário de Botuporã,MUNICIPAL,"Feriado municipal destinado à celebração do aniversário de emancipação político-administrativa do município de Botuporã. A cidade conquistou sua autonomia em 22 de março de 1962, desmembrando-se de Macaúbas, conforme registros históricos da Assembleia Legislativa da Bahia.",BA,2904209
22/03/2016,Aniversário de Nova Granada,MUNICIPAL,"Feriado municipal celebrando a instalação solene do município de Nova Granada, ocorrida em 22 de março de 1926, após sua criação por lei estadual no final de 1925.",SP,3533007
22/03/2016,Aniversário de Onda Verde,MUNICIPAL,"Feriado municipal que celebra o aniversário de instalação do município de Onda Verde, ocorrida em 22 de março de 1965, após o desmembramento do território de Nova Granada.",SP,3534005
22/03/2016,Aniversário de Pratânia,MUNICIPAL,"Feriado municipal celebrando a emancipação política de Pratânia, ocorrida em 22 de março de 1997, quando o município conquistou sua autonomia administrativa.",SP,3541059
22/03/2016,Aniversário de Santa Adélia,MUNICIPAL,"Feriado municipal em comemoração à emancipação político-administrativa de Santa Adélia, ocorrida em 22 de março de 1916. A data marca a autonomia do município frente a Taquaritinga.",SP,3545605
22/03/2016,Aniversário de São Pedro do Sul,MUNICIPAL,"Comemoração da emancipação político-administrativa do município de São Pedro do Sul, ocorrida em 22 de março de 1926. O feriado municipal é amparado pela Lei Ordinária Municipal nº 223/1956.",RS,4319406
22/03/2016,Dia do Padroeiro e Aniversário de Santo Ângelo,MUNICIPAL,"Feriado municipal instituído pela Lei nº 1.075/1988, que celebra simultaneamente o Dia do Padroeiro do município, Santo Ângelo Custódio, e o aniversário de emancipação político-administrativa da cidade, ocorrida em 22 de março de 1873.",RS,4317509
22/03/2016,Emancipação Política de Canas,MUNICIPAL,"Feriado municipal estabelecido pela Lei Municipal nº 548/2017, celebrando a emancipação política de Canas, ocorrida originalmente em 22 de março de 1993 (com instalação em 1997).",SP,3509957
23/03/2016,Aniversário de Florianópolis,MUNICIPAL,"Feriado municipal em celebração ao 'Dia do Município de Florianópolis', conforme estabelecido pela Lei Municipal nº 10.306 de 24/11/2017 e ratificado pela Lei Municipal nº 10.482/2019. A data comemora a fundação e a emancipação política da capital catarinense, sendo um feriado civil consolidado no calendário oficial municipal.",SC,4205407
23/03/2016,Aniversário de Viradouro,MUNICIPAL,"Feriado municipal em comemoração ao aniversário de emancipação e fundação do município de Viradouro. A data de 23 de março celebra a história da cidade, fundada no início do século XX e elevada à categoria de município, sendo feriado civil conforme o calendário oficial da prefeitura e leis municipais vigentes.",SP,3556800
23/03/2016,Emancipação Política de Apodi,MUNICIPAL,"Feriado municipal que celebra a emancipação política de Apodi, ocorrida em 23 de março de 1835, quando a localidade se desmembrou da Vila de Portalegre. A data é feriado oficial no município, conforme estabelecido pela Lei Complementar nº 018/2023 e pela Lei Orgânica Municipal, sendo o marco mais importante da história administrativa local.",RN,2401008
24/03/2016,Aniversário de Arroio Grande,MUNICIPAL,"Feriado municipal comemorativo à emancipação política da cidade, elevada à categoria de vila em 24 de março de 1873. O feriado é regulamentado pelo Decreto Legislativo nº 604, de 26 de outubro de 2015.",RS,4301305
24/03/2016,Aniversário de Barra Funda,MUNICIPAL,"Feriado municipal em celebração à emancipação político-administrativa de Barra Funda, oficializada em decorrência da Lei Estadual nº 9.584, de 20 de março de 1992, que culminou na autonomia do município nesta data.",RS,4301958
24/03/2016,Aniversário de Cabreúva,MUNICIPAL,"Feriado municipal em comemoração à fundação da cidade de Cabreúva, ocorrida em 24 de março de 1859. Trata-se da principal data cívica do município, celebrando sua história e desenvolvimento no interior paulista.",SP,3508405
24/03/2016,Aniversário de Candiota,MUNICIPAL,"Feriado municipal que celebra a emancipação do município, instituído em virtude da Lei Estadual nº 9.596, de 24 de março de 1992. A data marca a autonomia administrativa da 'Capital Nacional do Carvão'.",RS,4304358
24/03/2016,Aniversário de Ibiúna,MUNICIPAL,"Feriado municipal que celebra a emancipação político-administrativa do município de Ibiúna, ocorrida em 24 de março de 1857. A celebração é oficializada pela Lei Municipal nº 10, de 06 de maio de 1983, que fixa os feriados locais.",SP,3519709
24/03/2016,Aniversário de Sertão Santana,MUNICIPAL,"Feriado municipal que celebra o Dia do Município, em alusão à sua criação oficial pela Lei Estadual nº 9.595, publicada em 24 de março de 1992. A data é fixada como feriado local pela Lei Municipal nº 16/1993.",RS,4320552
24/03/2016,Aniversário de Westfália,MUNICIPAL,"Feriado municipal alusivo à emancipação política do município de Westfália, celebrando a vitória no plebiscito ocorrido em 24 de março de 1996, que garantiu sua independência em relação a Teutônia e Imigrante.",RS,4323770
24/03/2016,Nascimento do Padre Cícero,MUNICIPAL,"Feriado municipal em homenagem ao nascimento de Cícero Romão Batista, o Padre Cícero (1844-1934), figura central na fundação e na história religiosa de Juazeiro do Norte. Instituído pela Lei Municipal nº 335, de 26 de setembro de 1968.",CE,2307304
25/03/2016,Anunciação do Senhor,MUNICIPAL,Anunciação do Senhor,RS,4315503
25/03/2016,Feriado Municipal,MUNICIPAL,,GO,5208806
25/03/2016,Feriado Municipal,MUNICIPAL,,MG,3128402
25/03/2016,Feriado Municipal,MUNICIPAL,,PI,2210409
25/03/2016,Feriado Municipal,MUNICIPAL,,PR,4101606
25/03/2016,Feriado Municipal,MUNICIPAL,,RJ,3305307
25/03/2016,Feriado Municipal,MUNICIPAL,,RN,2400703
25/03/2016,Feriado Municipal,MUNICIPAL,,SC,4203006
25/03/2016,Feriado Municipal,MUNICIPAL,,SE,2805208
25/03/2016,Feriado Municipal,MUNICIPAL,,SP,3517000
25/03/2016,Feriado Municipal,MUNICIPAL,,SP,3523602
25/03/2016,Feriado Municipal,MUNICIPAL,,SP,3528304
25/03/2016,Feriado Municipal,MUNICIPAL,,SP,3532702
25/03/2016,Feriado Municipal,MUNICIPAL,,SP,3556909
25/03/2016,Paixão de Cristo,MUNICIPAL,Paixão de Cristo,BA,2919207
25/03/2016,Paixão de Cristo,MUNICIPAL,Paixão de Cristo,ES,3204906
25/03/2016,Paixão de Cristo,MUNICIPAL,Paixão de Cristo,MG,3113701
25/03/2016,Paixão de Cristo,MUNICIPAL,conforme Lei Municipal nº 431 de 11/04/1973,MG,3131307
25/03/2016,Paixão de Cristo,MUNICIPAL,,MG,3148004
25/03/2016,Paixão de Cristo,MUNICIPAL,Feriado municipal de acordo com a Lei Ordinária 5070/2011,MG,3152501
25/03/2016,Paixão de Cristo,MUNICIPAL,"Feriado religioso móvel, conforme Lei Municipal nº 190 de 14/10/1980",RO,1100205
25/03/2016,Paixão de Cristo,MUNICIPAL,Paixão de Cristo,SC,4207007
25/03/2016,Paixão de Cristo,MUNICIPAL,Paixão de Cristo,SC,4213104
25/03/2016,Paixão de Cristo,MUNICIPAL,,SP,3530201
25/03/2016,Paixão de Cristo,MUNICIPAL,Dia da Paixão de Cristo,SP,3538006
25/03/2016,Sexta Feira Santa,MUNICIPAL,,PR,4104303
25/03/2016,Sexta Feira Santa,MUNICIPAL,Feriado de Sexta Feira da Paixão,PR,4113700
25/03/2016,Sexta Feira Santa,MUNICIPAL,"Sexta Feira Santa, conforme lei 884 de 08 de junho de 1993.",SC,4205100
25/03/2016,Sexta Feira Santa,MUNICIPAL,"Sexta Feira Santa, conforme lei 1738 de 30 de agosto de 2012",SC,4218608
25/03/2016,Sexta-Feira Santa,MUNICIPAL,Sexta-Feira Santa,AL,2704708
25/03/2016,Sexta-Feira Santa,MUNICIPAL,"Sexta-Feira Santa, paixão de cristo",BA,2905701
25/03/2016,Sexta-Feira Santa,MUNICIPAL,"Sexta-Feira Santa, conforme decreto 1723/1996",MG,3101508
25/03/2016,Sexta-Feira Santa,MUNICIPAL,Feriado municipal instituído pela Lei Municipal nº 6.725/2014,MG,3104007
25/03/2016,Sexta-Feira Santa,MUNICIPAL,"feriado municipal religioso instituído pela Lei Municipal 713, de 30 de dezembro de 1.976",MG,3107406
25/03/2016,Sexta-Feira Santa,MUNICIPAL,Sexta Feira Santa,MG,3114501
25/03/2016,Sexta-Feira Santa,MUNICIPAL,Sexta-Feira Santa,MG,3117876
25/03/2016,Sexta-Feira Santa,MUNICIPAL,Sexta-Feira Santa,MG,3128709
25/03/2016,Sexta-Feira Santa,MUNICIPAL,Sexta-Feira Santa - Dia da Paixão de Cristo,MG,3162104
25/03/2016,Sexta-Feira Santa,MUNICIPAL,Sexta-Feira Santa,MG,3164704
25/03/2016,Sexta-Feira Santa,MUNICIPAL,Sexta-Feira Santa,MG,3170206
25/03/2016,Sexta-Feira Santa,MUNICIPAL,Sexta-Feira Santa/Paixão de Cristo,MG,3170404
25/03/2016,Sexta-Feira Santa,MUNICIPAL,"Sexta-Feira Santa, conforme lei municipal 2.094/2010",MT,5105101
25/03/2016,Sexta-Feira Santa,MUNICIPAL,conforme Lei Municipal nº 1.128 de 18/12/1991,MT,5108402
25/03/2016,Sexta-Feira Santa,MUNICIPAL,"Sexta-Feira Santa, conforme Lei nº 8805, de 23 de maio 1999",PB,2507507
25/03/2016,Sexta-Feira Santa,MUNICIPAL,Sexta-Feira Santa,PR,4116059
25/03/2016,Sexta-Feira Santa,MUNICIPAL,"Sexta-Feira Santa, conforme da Lei Municipal nº 06/1984",PR,4120804
25/03/2016,Sexta-Feira Santa,MUNICIPAL,Sexta-Feira Santa,RJ,3302254
25/03/2016,Sexta-Feira Santa,MUNICIPAL,Sexta-Feira Santa,RS,4300661
25/03/2016,Sexta-Feira Santa,MUNICIPAL,Sexta-Feira Santa,RS,4301925
25/03/2016,Sexta-Feira Santa,MUNICIPAL,Sexta Feira Santa,RS,4305116
25/03/2016,Sexta-Feira Santa,MUNICIPAL,Sexta-Feira Santa,RS,4308003
25/03/2016,Sexta-Feira Santa,MUNICIPAL,"Sexta-Feira Santa, conforme lei nº 1460, de 21 de março de 2014",RS,4308078
25/03/2016,Sexta-Feira Santa,MUNICIPAL,Sexta Feira Santa,RS,4308508
25/03/2016,Sexta-Feira Santa,MUNICIPAL,"Sexta-Feria Santa, conforme lei nº 1797 de 11 de Novembro de 2013",RS,4308805
25/03/2016,Sexta-Feira Santa,MUNICIPAL,Sexta-Feira Santa,RS,4310538
25/03/2016,Sexta-Feira Santa,MUNICIPAL,"Sexta-Feira Santa, conforme lei nº 2012, de 28 de Setembro de 1999",RS,4312658
25/03/2016,Sexta-Feira Santa,MUNICIPAL,"Sexta-Feira Santa, segundo Lei nº 308, 16 de Dezembro de 1997.",RS,4313086
25/03/2016,Sexta-Feira Santa,MUNICIPAL,"Sexta-Feira Santa, conforme lei municipal nº 515, de 28 de abril 2006",RS,4315149
25/03/2016,Sexta-Feira Santa,MUNICIPAL,"Sexta-Feira Santa, conforme lei Nº 10, de 13 de fevereiro de 1989",RS,4323507
25/03/2016,Sexta-Feira Santa,MUNICIPAL,,SC,4202008
25/03/2016,Sexta-Feira Santa,MUNICIPAL,conforme Lei Municipal nº 1.222 de 14/02/1964,SC,4202404
25/03/2016,Sexta-Feira Santa,MUNICIPAL,Sexta-Feira Santa,SC,4202909
25/03/2016,Sexta-Feira Santa,MUNICIPAL,Sexta-Feira Santa,SC,4203204
25/03/2016,Sexta-Feira Santa,MUNICIPAL,Sexta-Feira Santa,SC,4204202
25/03/2016,Sexta-Feira Santa,MUNICIPAL,Sexta-Feira Santa,SC,4205159
25/03/2016,Sexta-Feira Santa,MUNICIPAL,"Sexta-feira da Paixão, conforme Lei Municipal nº 10.306 de 24/11/2017",SC,4205407
25/03/2016,Sexta-Feira Santa,MUNICIPAL,Sexta-Feira Santa,SC,4205803
25/03/2016,Sexta-Feira Santa,MUNICIPAL,Sexta-feira santa,SC,4207502
25/03/2016,Sexta-Feira Santa,MUNICIPAL,Feriado de Sexta-Feira Santa,SC,4209607
25/03/2016,Sexta-Feira Santa,MUNICIPAL,"Sexta-Feria Santa, segundo decreto 55/1990",SC,4209854
25/03/2016,Sexta-Feira Santa,MUNICIPAL,"Sexta-Feira Santa, , segundo lei 008/1973",SC,4211900
25/03/2016,Sexta-Feira Santa,MUNICIPAL,Sexta-Feira Santa,SC,4216008
25/03/2016,Sexta-Feira Santa,MUNICIPAL,"Sexta-Feira Santa, conforme Lei nº 3780/2010",SC,4216701
25/03/2016,Sexta-Feira Santa,MUNICIPAL,Sexta-Feira Santa,SC,4217808
25/03/2016,Sexta-Feira Santa,MUNICIPAL,Sexta-Feira Santa,SC,4218707
25/03/2016,Sexta-Feira Santa,MUNICIPAL,"Sexta-Feira Santa, conforme lei nº 22/93",SC,4219176
25/03/2016,Sexta-Feira Santa,MUNICIPAL,Sexta-Feira Santa,SC,4219309
25/03/2016,Sexta-Feira Santa,MUNICIPAL,Sexta-Feira Santa,SP,3501608
25/03/2016,Sexta-Feira Santa,MUNICIPAL,"Sexta-Feira Santa conforme Lei 978/67, de 03 de Maio de 1967",SP,3504107
25/03/2016,Sexta-Feira Santa,MUNICIPAL,Sexta-Feira Santa,SP,3507506
25/03/2016,Sexta-Feira Santa,MUNICIPAL,Sexta-Feira Santa,SP,3508702
25/03/2016,Sexta-Feira Santa,MUNICIPAL,Sexta-Feira Santa,SP,3512001
25/03/2016,Sexta-Feira Santa,MUNICIPAL,Sexta-Feira Santa,SP,3514809
25/03/2016,Sexta-Feira Santa,MUNICIPAL,Sexta-Feira Santa,SP,3515004
25/03/2016,Sexta-Feira Santa,MUNICIPAL,"Feriado Municipal, segundo lei Lei nº 1917/2004",SP,3515103
25/03/2016,Sexta-Feira Santa,MUNICIPAL,Sexta-Feira Santa,SP,3518404
25/03/2016,Sexta-Feira Santa,MUNICIPAL,Sexta-Feira Santa,SP,3519055
25/03/2016,Sexta-Feira Santa,MUNICIPAL,Sexta-Feira Santa,SP,3520400
25/03/2016,Sexta-Feira Santa,MUNICIPAL,"Sexta-Feria Santa, feriado municipal",SP,3523107
25/03/2016,Sexta-Feira Santa,MUNICIPAL,Sexta-Feira Santa,SP,3523503
25/03/2016,Sexta-Feira Santa,MUNICIPAL,Sexta-Feira Santa. Lei nº 262/80,SP,3524006
25/03/2016,Sexta-Feira Santa,MUNICIPAL,"Sexta-Feira Santa, segundo lei nº 585, de 18/04/1967",SP,3531308
25/03/2016,Sexta-Feira Santa,MUNICIPAL,Sexta-Feira Santa,SP,3547601
25/03/2016,Sexta-Feira Santa,MUNICIPAL,"Sexta-Feira da Paixão, conforme Lei Municipal nº 1.227 de 31/01/1967",SP,3549805
25/03/2016,Sexta-Feira Santa,MUNICIPAL,"Feriado conforme lei nº 1242, de 26 de junho de 2014",SP,3554409
25/03/2016,Sexta-Feria Santa,MUNICIPAL,Sexta-Feria Santa,MT,5105622
25/03/2016,Sexta-Feria Santa,MUNICIPAL,Sexta-Feria Santa,RS,4303905
25/03/2016,Sexta-Feria Santa,MUNICIPAL,Feriado Religioso da Sexta-Feria Santa,RS,4311601
25/03/2016,Sexta-Feria Santa,MUNICIPAL,Sexta-Feria Santa,SC,4201703
25/03/2016,Sexta-Feria Santa,MUNICIPAL,Sexta-Feria Santa,SC,4202073
25/03/2016,Sexta-Feria Santa,MUNICIPAL,Sexta-Feria Santa,SC,4215109
25/03/2016,Sexta-Feria Santa,MUNICIPAL,"Sexta-Feria Santa, conforme Lei Municipal 1.332/67",SP,3551009
25/03/2016,Sexta-feira Santa,MUNICIPAL,conforme Lei 851 de 23/10/1978,BA,2910800
25/03/2016,Sexta-feira Santa,MUNICIPAL,conforme Lei Municipal nº 1997 de 21 de junho de 1967,BA,2927408
25/03/2016,Sexta-feira Santa,MUNICIPAL,Sexta-feira Santa,BA,2929206
25/03/2016,Sexta-feira Santa,MUNICIPAL,conforme Lei Municipal nº 317 de 10/07/1967,ES,3201308
25/03/2016,Sexta-feira Santa,MUNICIPAL,"Feriado, conforme Lei 5.622 de 2015",ES,3205200
25/03/2016,Sexta-feira Santa,MUNICIPAL,"conforme Lei Municipal nº 1.732, de 1967",ES,3205309
25/03/2016,Sexta-feira Santa,MUNICIPAL,"conforme Lei nº 3432, de 06 de fevereiro de 1996",MA,2111300
25/03/2016,Sexta-feira Santa,MUNICIPAL,"conforme Lei nº 1327, de 08 de fevereiro de 1967",MG,3106200
25/03/2016,Sexta-feira Santa,MUNICIPAL,,MG,3106705
25/03/2016,Sexta-feira Santa,MUNICIPAL,,MG,3162500
25/03/2016,Sexta-feira Santa,MUNICIPAL,conforme Lei Municipal nº 3.901 de 29/10/2001 e Lei Municipal nº 95 de 27/10/1949,MS,5002704
25/03/2016,Sexta-feira Santa,MUNICIPAL,conforme Lei Municipal nº 1.077 de 02 de abril de 1968,MT,5103403
25/03/2016,Sexta-feira Santa,MUNICIPAL,,PE,2606002
25/03/2016,Sexta-feira Santa,MUNICIPAL,"Feriado religioso de Sexta-feira da Paixão, conforme Lei Municipal nº 9.777 de 06/04/1967",PE,2611606
25/03/2016,Sexta-feira Santa,MUNICIPAL,conforme Lei nº 2.847 de 22 de novembro de 1999,PI,2211001
25/03/2016,Sexta-feira Santa,MUNICIPAL,Sexta-feira Santa - Paixão de Cristo,PR,4106902
25/03/2016,Sexta-feira Santa,MUNICIPAL,"conforme Lei Municipal nº 1.411, de 16 de julho de 1988",PR,4108304
25/03/2016,Sexta-feira Santa,MUNICIPAL,,PR,4114104
25/03/2016,Sexta-feira Santa,MUNICIPAL,conforme Lei Municipal nº 512 de 22 de março de 1967,PR,4115200
25/03/2016,Sexta-feira Santa,MUNICIPAL,"conforme a Lei nº 4453, de 18 de setembro de 1978",RS,4314902
25/03/2016,Sexta-feira Santa,MUNICIPAL,Sexta-feira Santa,SC,4202701
25/03/2016,Sexta-feira Santa,MUNICIPAL,Sexta-feira Santa,SC,4208906
25/03/2016,Sexta-feira Santa,MUNICIPAL,,SC,4209102
25/03/2016,Sexta-feira Santa,MUNICIPAL,"conforme Lei Municipal no 173, de 28 de junho de 1949",SP,3509502
25/03/2016,Sexta-feira Santa,MUNICIPAL,,SP,3513801
25/03/2016,Sexta-feira Santa,MUNICIPAL,conforme Lei Municipal nº 3.125 de 16/12/1986,SP,3530607
25/03/2016,Sexta-feira Santa,MUNICIPAL,"conforme Decreto 10.933, de 20 de dezembro de 2013",SP,3534401
25/03/2016,Sexta-feira Santa,MUNICIPAL,conforme Lei Municipal nº 11.919 de 10/03/2009,SP,3543402
25/03/2016,Sexta-feira Santa,MUNICIPAL,"conforme Decreto 16.465, DE 18 de dezembro de 2013",SP,3547809
25/03/2016,Sexta-feira Santa,MUNICIPAL,conforme Lei Municipal nº 2.241 de 13/08/1976,SP,3548708
25/03/2016,Sexta-feira Santa,MUNICIPAL,conforme Lei Municipal nº 1.324 de 23/02/1967,SP,3549904
25/03/2016,Sexta-feira Santa,MUNICIPAL,conforme Lei Municipal nº 14.485 de 19 de julho de 2007,SP,3550308
25/03/2016,Sexta-feira Santa,MUNICIPAL,conforme Decreto Municipal nº 8652 de 06 de janeiro de 2015,SP,3552502
25/03/2016,Sexta-feira Santa,MUNICIPAL,Feriado religioso municipal conforme Lei Municipal nº 495 de 22/03/1974.,SP,3552809
25/03/2016,Sexta-feira Santa,MUNICIPAL,"conforme Lei nº 577/96, de 02 de abril de 1996",TO,1721000
25/03/2016,Sexta-feira da Paixão,MUNICIPAL,,BA,2925006
25/03/2016,Sexta-feira da Paixão,MUNICIPAL,,GO,5221858
25/03/2016,Sexta-feira da Paixão,MUNICIPAL,conforme Lei Municipal nº 3.484 de 11/10/2001,MG,3118601
25/03/2016,Sexta-feira da Paixão,MUNICIPAL,,MG,3131703
25/03/2016,Sexta-feira da Paixão,MUNICIPAL,Sexta-feira da Paixão,MG,3157203
25/03/2016,Sexta-feira da Paixão,MUNICIPAL,"Consagrado ao martírio de Nosso Senhor Jesus Cristo, Salvador da Humanidade",MS,5003207
25/03/2016,Sexta-feira da Paixão,MUNICIPAL,De acordo com a Lei nº 2589/2005,PR,4118204
25/03/2016,Sexta-feira da Paixão,MUNICIPAL,"Data religiosa móvel, conforme Lei Municipal nº 8.441 de 15/05/2013",RJ,3301009
25/03/2016,Sexta-feira da Paixão,MUNICIPAL,Sexta-feira da Paixão,RS,4306601
25/03/2016,Sexta-feira da Paixão,MUNICIPAL,Sexta-feira da Paixão,SC,4204608
25/03/2016,Sexta-feira da Paixão,MUNICIPAL,Sexta-feira da Paixão,SC,4205902
25/03/2016,Sexta-feira da Paixão,MUNICIPAL,Sexta-feira da Paixão,SP,3520426
25/03/2016,Sexta-feira da Paixão,MUNICIPAL,Sexta-feira da Paixão,SP,3527306
25/03/2016,Sexta-feira da Paixão,MUNICIPAL,Sexta-feira da Paixão,SP,3531803
25/03/2016,Sexta-feira da Paixão,MUNICIPAL,Conforme a Lei nº 2177 de 22 de dezembro de 2006,SP,3535309
25/03/2016,Sexta-feira da Paixão,MUNICIPAL,Sexta-feira da Paixão,SP,3550001
25/03/2016,Sexta-feira da Paixão,MUNICIPAL,"Sexta-feira da paixão, conforme Lei nº 4.128/07",SP,3554102
25/03/2016,Sexta-feira santa,MUNICIPAL,,SC,4216305
25/03/2016,Sexta-feira santa,MUNICIPAL,Sexta-feira santa,SP,3518701
25/03/2016,Sexta-feira santa,MUNICIPAL,,SP,3520004
26/03/2016,Aniversário de Capela do Alto,MUNICIPAL,"Celebração do aniversário de emancipação político-administrativa do município de Capela do Alto, instituída oficialmente pela Lei Municipal nº 80-A/1967.",SP,3510302
26/03/2016,Aniversário de Ipuã,MUNICIPAL,"Feriado municipal em celebração ao aniversário de fundação e instalação do município de Ipuã, ocorrida em 26 de março de 1949.",SP,3521309
26/03/2016,Aniversário de Itaberaba,MUNICIPAL,"Comemoração do aniversário de emancipação política de Itaberaba, ocorrida em 26 de março de 1877. O feriado é regido pela Lei Orgânica Municipal e pela Lei Municipal nº 1.711/2022.",BA,2914703
26/03/2016,Aniversário de Santa Luzia,MUNICIPAL,"Feriado municipal em comemoração ao aniversário de fundação do município de Santa Luzia, Maranhão, ocorrida em 26 de março de 1961.",MA,2110005
26/03/2016,Aniversário de Santa Rita de Cássia,MUNICIPAL,"Feriado municipal em comemoração ao aniversário de fundação e emancipação política do município, ocorrida em 26 de março de 1840, conforme disposições da Lei Orgânica Municipal.",BA,2928406
26/03/2016,Aniversário de Santo Antônio do Jardim,MUNICIPAL,"Feriado municipal que celebra o aniversário de fundação do município, instituído oficialmente pela Lei Municipal nº 16, de 16 de março de 1956.",SP,3548104
26/03/2016,Aniversário de Terra Roxa,MUNICIPAL,"Feriado municipal em comemoração ao aniversário de fundação do município de Terra Roxa, ocorrida em 26 de março de 1947, conforme estabelecido na legislação municipal vigente.",SP,3554409
26/03/2016,Aniversário de Virgolândia,MUNICIPAL,"Feriado municipal celebrando o aniversário de emancipação política e instalação do município de Virgolândia, ocorrida em 26 de março de 1953.",MG,3171907
26/03/2016,Aniversário de Xangri-lá,MUNICIPAL,"Feriado municipal comemorativo à emancipação político-administrativa do município de Xangri-lá, ocorrida em 26 de março de 1992.",RS,4323804
26/03/2016,Aniversário do Município de Reserva,MUNICIPAL,"Feriado municipal que celebra o aniversário de criação do município de Reserva, ocorrida em 26 de março de 1921. A data é ratificada pela Lei Municipal nº 63/1985.",PR,4121703
26/03/2016,Dia da Emancipação de Carapicuíba,MUNICIPAL,"Feriado municipal que celebra a emancipação política de Carapicuíba, ocorrida em 1965. A data é fundamentada pelo Artigo 220 da Lei Orgânica do Município e decretos anuais de feriados.",SP,3510609
26/03/2016,Dia de São Ludgero (Padroeiro),MUNICIPAL,"Feriado religioso municipal em honra ao padroeiro São Ludgero, conforme estabelecido pela Lei Municipal nº 50/1966 e ratificado pela Lei Complementar nº 342/2025.",SC,4217006
26/03/2016,Dia de São Ludgero e Emancipação de Poá,MUNICIPAL,"Feriado municipal que celebra conjuntamente o dia do padroeiro São Ludgero e o aniversário de Emancipação Político-Administrativa do Município, conforme a Lei Municipal nº 3.078/2005.",SP,3539806
26/03/2016,Dia do Município de Uruoca,MUNICIPAL,"Feriado municipal que celebra a emancipação política de Uruoca, instituído em comemoração à criação do município em 26 de março de 1957.",CE,2313906
26/03/2016,Emancipação Política de Campo Redondo,MUNICIPAL,"Feriado municipal em celebração à emancipação política do município de Campo Redondo, ocorrida em 26 de março de 1963, desmembrando-se de Currais Novos.",RN,2402105
26/03/2016,Emancipação de Riolândia,MUNICIPAL,"Feriado municipal em comemoração ao aniversário de emancipação político-administrativa do município de Riolândia, instituído pela Lei Municipal nº 833/1986.",SP,3544202
27/03/2016,Aniversário de Bento de Abreu,MUNICIPAL,"Feriado municipal em celebração ao aniversário de fundação do município de Bento de Abreu, ocorrida em 27 de março de 1948.",SP,3506201
27/03/2016,Aniversário de Itaitinga,MUNICIPAL,"Celebração do aniversário de emancipação política de Itaitinga, oficializada em 27 de março de 1992 pela Lei Estadual nº 11.926, tornando-se feriado municipal oficial conforme legislação local.",CE,2306256
27/03/2016,Aniversário de Itirapuã,MUNICIPAL,"Comemoração do aniversário de emancipação de Itirapuã, ocorrida em 27 de março de 1948, estabelecida pela Lei Estadual nº 233/1948 e ratificada por decreto municipal.",SP,3523701
27/03/2016,Aniversário de Mairiporã,MUNICIPAL,"Comemoração do aniversário de emancipação político-administrativa do município de Mairiporã, ocorrida em 27 de março de 1889, sendo feriado municipal oficial de acordo com o calendário da prefeitura.",SP,3528502
27/03/2016,Aniversário de Presidente Epitácio,MUNICIPAL,"Feriado municipal em comemoração aos anos de emancipação política de Presidente Epitácio, ocorrida em 27 de março de 1949, conforme Decreto Municipal anual e legislação fundadora.",SP,3541307
27/03/2016,Aniversário de São Geraldo,MUNICIPAL,"Feriado municipal em celebração à emancipação político-administrativa de São Geraldo, ocorrida em 27 de março de 1949, conforme tradição histórica e legislação municipal vigente.",MG,3161502
27/03/2016,Aniversário de União da Vitória,MUNICIPAL,"Feriado municipal em celebração ao aniversário de fundação de União da Vitória (27 de março de 1890). O feriado é ratificado pela Lei Municipal nº 4.272/2013, que dispõe sobre os feriados civis e religiosos locais.",PR,4128203
27/03/2016,Aniversário do Município,MUNICIPAL,"Comemoração do aniversário de fundação de Caldas, ocorrida em 27 de março de 1813. A data celebra a criação da Freguesia de Nossa Senhora do Patrocínio do Rio Verde das Caldas, sendo um feriado civil e religioso tradicional na cidade.",MG,3110301
27/03/2016,Emancipação Política de Fortim,MUNICIPAL,"Feriado municipal em comemoração à emancipação política do município de Fortim, ocorrida em 27 de março de 1992, conforme estabelecido pela Lei Estadual nº 11.927.",CE,2304459
27/03/2016,Emancipação Política de Touros,MUNICIPAL,"Feriado municipal que celebra a emancipação política de Touros, ocorrida em 27 de março de 1835. A data é oficialmente instituída como feriado pelo Artigo 284 da Lei Orgânica do Município de Touros.",RN,2414407
27/03/2016,Sexta-feira das Dores,MUNICIPAL,"Feriado religioso municipal observado em 2026 no dia 27 de março. Trata-se de um feriado móvel celebrado tradicionalmente na sexta-feira anterior ao Domingo de Ramos, em devoção a Nossa Senhora das Dores, conforme costume regional de Minas Gerais.",MG,3115706
28/03/2016,Aniversário de Augusto Corrêa,MUNICIPAL,"Celebração do aniversário de instalação do município, ocorrida em 28 de março de 1962. O município foi criado originalmente pela Lei Estadual nº 2.460/1961, desmembrando-se de Bragança.",PA,1500909
28/03/2016,Aniversário de Embu-Guaçu,MUNICIPAL,"Feriado municipal em celebração à emancipação político-administrativa de Embu-Guaçu, ocorrida em 28 de março de 1965, data de sua instalação oficial após o desmembramento de Itapecerica da Serra (Lei Estadual nº 8.092/1964).",SP,3515103
28/03/2016,Aniversário de Guzolândia,MUNICIPAL,"Comemora a instalação oficial do município de Guzolândia, ocorrida em 28 de março de 1965. A data marca a posse do primeiro prefeito e a concretização da autonomia política garantida pela Lei Estadual nº 8.092/1964.",SP,3518909
28/03/2016,Aniversário de Juquitiba,MUNICIPAL,"Feriado comemorativo da instalação do município de Juquitiba, realizada em 28 de março de 1965, após sua emancipação política de Itapecerica da Serra estabelecida pela Lei Estadual nº 8.092/1964.",SP,3526209
28/03/2016,Aniversário de Queiroz,MUNICIPAL,Comemoração da instalação do município de Queiroz em 28 de março de 1965. A data celebra a autonomia conquistada no ano anterior através da Lei Estadual nº 8.092/1964.,SP,3541802
28/03/2016,Aniversário de Uchoa,MUNICIPAL,"Instituído pela Lei Municipal nº 3.909/2019, o feriado celebra a instalação oficial do município ocorrida em 28 de março de 1926, após a elevação do antigo distrito à categoria de cidade pela Lei Estadual nº 2.117/1925.",SP,3555604
28/03/2016,Dia do Plebiscito (Emancipação de Charqueadas),MUNICIPAL,"Instituído pela Lei Municipal nº 010/1983, este feriado celebra o plebiscito realizado em 28 de março de 1982, no qual a população votou pela emancipação do município em relação a São Jerônimo, culminando na criação da cidade pela Lei Estadual nº 7.644.",RS,4305355
28/03/2016,Dia do Plebiscito de Parobé,MUNICIPAL,"Feriado municipal que recorda a realização do plebiscito de emancipação em 28 de março de 1982. A vitória nas urnas nesta data permitiu o desmembramento de Parobé do município de Taquara, processo consolidado pela Lei Estadual nº 7.646.",RS,4314050
28/03/2016,Emancipação Política de Alto do Rodrigues,MUNICIPAL,"Feriado municipal em comemoração à emancipação política de Alto do Rodrigues, ocorrida em 28 de março de 1963. A data celebra o desmembramento do município de Pendências, oficializado pela Lei Estadual nº 2.853/1963.",RN,2400703
28/03/2016,Emancipação Política de Itaporanga d'Ajuda,MUNICIPAL,"Data magna que celebra a elevação da antiga Vila de Itaporanga à categoria de Cidade em 28 de março de 1854, marco fundamental para a história e soberania administrativa do município sergipano.",SE,2803203
28/03/2016,Emancipação Política de Muribeca,MUNICIPAL,"Celebração da autonomia administrativa de Muribeca, elevada à categoria de cidade através do Decreto-Lei Estadual nº 69, de 28 de março de 1938.",SE,2804300
28/03/2016,Emancipação Política de Rondinha,MUNICIPAL,"Feriado municipal que celebra a autonomia política de Rondinha, conquistada em 28 de março de 1964, conforme os termos da Lei Estadual nº 4.700, marcando o desmembramento de Sarandi.",RS,4316204
28/03/2016,Emancipação Política de Vila Valério,MUNICIPAL,"Comemoração da emancipação político-administrativa do município, instituída pela Lei Municipal nº 065/1997. A data remete à Lei Estadual nº 4.892, de 28 de março de 1994, que criou oficialmente o município capixaba.",ES,3205176
28/03/2016,Segunda após Páscoa,MUNICIPAL,Segunda-Feira após Páscoa,SC,4205159
28/03/2016,Segundo dia de Páscoa,MUNICIPAL,"Segundo dia de Páscoa, conforme lei 636, de 24 de novembro de 1997",PR,4106803
28/03/2016,São Benedito,MUNICIPAL,Dia de São Benedito,SP,3538006
28/03/2016,São Benedito,MUNICIPAL,Dia de São Benedito,SP,3550001
29/03/2016,Aniversário de Araioses,MUNICIPAL,"Celebração solene da emancipação política de Araioses. O município foi elevado à categoria de cidade em 29 de março de 1938, por força do Decreto-Lei Estadual nº 45, marco histórico fundamental para a autonomia administrativa da localidade.",MA,2100907
29/03/2016,Aniversário de Barão de Grajaú,MUNICIPAL,"Celebração da emancipação política e administrativa do município de Barão de Grajaú. A localidade foi elevada à categoria de cidade em 29 de março de 1938 pelo Decreto-Lei nº 45, sendo esta a data oficial de seu aniversário, celebrada com feriado em todo o território municipal.",MA,2101509
29/03/2016,Aniversário de Chapadinha,MUNICIPAL,"Feriado municipal em comemoração ao aniversário de emancipação política e administrativa do município de Chapadinha, ocorrida em 29 de março de 1938. A data é oficialmente instituída pela Lei Municipal nº 1.319, de 23 de outubro de 2019, que consolida os feriados civis e religiosos locais.",MA,2103208
29/03/2016,Aniversário de Loreto,MUNICIPAL,"Feriado municipal em comemoração ao aniversário de Loreto. A cidade obteve sua emancipação política definitiva em 29 de março de 1938, sob a égide da Lei Estadual nº 45, que reorganizou a divisão territorial do Maranhão na época.",MA,2106102
29/03/2016,Aniversário de Mirador,MUNICIPAL,"Feriado municipal em celebração aos anos de emancipação política de Mirador. O status de cidade foi conferido em 29 de março de 1938 através do Decreto-Lei Estadual nº 45, consolidando sua trajetória como unidade administrativa autônoma no estado do Maranhão.",MA,2106706
29/03/2016,Aniversário de Monte Sião,MUNICIPAL,"Feriado municipal em celebração ao aniversário de fundação do município de Monte Sião, ocorrida em 29 de março de 1849. A data é reconhecida oficialmente pelo Tribunal de Justiça de Minas Gerais (TJMG) e pela legislação municipal como dia festivo para a comunidade local.",MG,3143401
29/03/2016,Aniversário de Pirajuí,MUNICIPAL,"Feriado municipal em celebração ao aniversário de Pirajuí. A data marca a emancipação política e administrativa do município, ocorrida em 29 de março de 1914, sendo um dia de comemorações cívicas estabelecido pela legislação local.",SP,3538907
29/03/2016,Aniversário de Soledade,MUNICIPAL,"Comemoração da emancipação política e administrativa do município de Soledade, ocorrida em 29 de março de 1875. O feriado municipal celebra a história e a autonomia do município, conhecido como a capital das pedras preciosas.",RS,4320800
29/03/2016,Aniversário de São Bernardo,MUNICIPAL,"Celebração do aniversário de emancipação político-administrativa do município de São Bernardo, ocorrida em 29 de março de 1938 (Decreto-Lei nº 45). O feriado é amparado por legislação municipal que resguarda a tradição cívica da data.",MA,2110609
29/03/2016,Aniversário de Tutóia,MUNICIPAL,"Feriado municipal instituído para celebrar a emancipação política de Tutóia, oficializada em 29 de março de 1938 por meio do Decreto-Lei Estadual nº 45. A data homenageia o desenvolvimento e a história da cidade como polo importante do litoral maranhense.",MA,2112506
29/03/2016,Aniversário de Vargem Grande,MUNICIPAL,"Comemoração do aniversário de emancipação política do município de Vargem Grande, ocorrida em 29 de março de 1938. A data consta no calendário oficial de feriados municipais, frequentemente ratificada por decretos anuais (como o Decreto nº 001/2024), celebrando a elevação do antigo distrito à categoria de cidade.",MA,2112704
30/03/2016,Aniversário de Barreirinhas,MUNICIPAL,"Comemora a elevação de Barreirinhas à categoria de cidade em 30 de março de 1938. É um feriado tradicional no município, frequentemente objeto de decretos de ponto facultativo ou feriado local.",MA,2101707
30/03/2016,Aniversário de Campos Novos,MUNICIPAL,Feriado municipal que celebra a fundação e emancipação de Campos Novos em 30 de março de 1881. O feriado é fundamentado no Art. 211 da Lei Orgânica do Município.,SC,4203600
30/03/2016,Aniversário de Capivari de Baixo,MUNICIPAL,Celebra a criação do município pela Lei Estadual nº 8.556 de 30 de março de 1992. O feriado municipal está previsto na Lei Ordinária nº 1.009/2005.,SC,4203956
30/03/2016,Aniversário de Correntina,MUNICIPAL,Celebração do aniversário de emancipação política de Correntina. O feriado é ratificado por decretos anuais (como o Decreto nº 05/2023) e comemora a elevação do município ocorrida em 30 de março de 1938.,BA,2909307
30/03/2016,Aniversário de Emancipação de Barrocas,MUNICIPAL,"Celebra a criação definitiva do município de Barrocas pela Lei Estadual nº 7.620, de 30 de março de 2000. O feriado municipal é reiterado por decretos do executivo (como o Decreto nº 005/2021).",BA,2903276
30/03/2016,Aniversário de Jambeiro,MUNICIPAL,"Feriado municipal em comemoração ao aniversário da cidade e Dia de Santo Amadeu. A data é regida pela Lei Municipal nº 615/1981, alterada pela Lei nº 1.496/2010.",SP,3524907
30/03/2016,Aniversário de Orlândia,MUNICIPAL,"Feriado municipal celebrando o aniversário de fundação de Orlândia e o dia de São Zózimo, conforme instituído pela Lei Municipal nº 3.588/2008. Celebra a instalação do município em 1910.",SP,3534302
30/03/2016,Aniversário de Plácido de Castro,MUNICIPAL,"Feriado municipal em comemoração ao aniversário de emancipação política do município de Plácido de Castro, estabelecido pela Lei Municipal nº 358/2008. A data celebra a autonomia administrativa conquistada em 1963.",AC,1200385
30/03/2016,Aniversário de São Bento,MUNICIPAL,"Feriado municipal em comemoração ao aniversário de fundação e emancipação política da cidade de São Bento, no Maranhão. A data é confirmada por decretos municipais de feriados anuais.",MA,2110500
30/03/2016,Aniversário de São Martinho,MUNICIPAL,"Feriado municipal comemorativo da emancipação política do município de São Martinho (RS), ocorrida em 30 de março de 1963. A data é celebrada anualmente pela comunidade local.",RS,4319109
30/03/2016,Aniversário de Vargem Bonita,MUNICIPAL,"Feriado municipal instituído pela Lei nº 628/2005 para celebrar a autonomia política de Vargem Bonita, ocorrida em 30 de março de 1992, data de sua instalação administrativa.",SC,4219176
30/03/2016,Emancipação Política de Ipojuca,MUNICIPAL,"Data festiva que celebra a emancipação política e administrativa do município de Ipojuca, ocorrida em 1846. O feriado é consolidado por legislações como a Lei Municipal nº 1.095/1995.",PE,2607208
30/03/2016,Emancipação Política de São Domingos do Norte,MUNICIPAL,"Feriado municipal que celebra a autonomia administrativa do município, estabelecida pela Lei Municipal nº 775/2014. A data marca o desmembramento ocorrido em 30 de março de 1990.",ES,3204658
30/03/2016,Emancipação de Luís Eduardo Magalhães,MUNICIPAL,"Comemora a emancipação política e administrativa do município, criado pela Lei Estadual nº 7.619 de 30 de março de 2000. O feriado municipal é regido pela Lei Municipal nº 113/2003.",BA,2919553
30/03/2016,Libertação dos Escravizados em Benevides,MUNICIPAL,"Feriado municipal instituído pela Lei nº 194/1968 em homenagem à libertação pioneira dos escravizados no município, ocorrida em 30 de março de 1884 (quatro anos antes da Lei Áurea).",PA,1501501
31/03/2016,Aniversário de Borá,MUNICIPAL,"Feriado municipal em comemoração ao aniversário de Borá. A data celebra a emancipação político-administrativa do município, estabelecida em 31 de março de 1965.",SP,3507209
31/03/2016,Aniversário de Codajás,MUNICIPAL,"Feriado municipal em comemoração ao aniversário de Codajás, celebrando sua emancipação política e administrativa ocorrida em 31 de março de 1938, através do Decreto-Lei Estadual nº 68.",AM,1301308
31/03/2016,Aniversário de Fartura,MUNICIPAL,"Feriado municipal celebrando o aniversário de emancipação de Fartura, conforme ratificado pelo Decreto Municipal nº 4.359/2025. A data marca a elevação do povoado à categoria de município em 31 de março de 1891.",SP,3515400
31/03/2016,Aniversário de Fonte Boa,MUNICIPAL,"Celebração do aniversário de fundação do município de Fonte Boa, ocorrida em 31 de março de 1938, quando foi elevado à categoria de cidade. É um feriado tradicional no calendário local.",AM,1301605
31/03/2016,Aniversário de Japorã,MUNICIPAL,"Celebração da emancipação política do município de Japorã, criado pela Lei Estadual nº 1.261, de 31 de março de 1992. Embora algumas listas omitam, a data de fundação é tradicionalmente celebrada como feriado de aniversário.",MS,5004809
31/03/2016,Aniversário de Rio Preto da Eva,MUNICIPAL,"Feriado municipal que celebra o aniversário de Rio Preto da Eva. O município foi criado pela Emenda Constitucional nº 12, de 31 de março de 1981, desmembrado de Manaus e Itacoatiara.",AM,1303569
31/03/2016,Emancipação Política de Remígio,MUNICIPAL,"Feriado municipal que celebra o aniversário de emancipação política de Remígio, ocorrida em 31 de março de 1957, quando o município foi desmembrado de Alagoa Grande pela Lei Estadual nº 1.633.",PB,2512705
31/03/2016,Emancipação Política de Sooretama,MUNICIPAL,"Feriado municipal em comemoração à emancipação político-administrativa de Sooretama, instituído pela Lei Municipal nº 412/2005. A data remete à criação do município pela Lei Estadual nº 4.892, de 31 de março de 1994.",ES,3205010
01/04/2016,Aniversário de São Miguel Arcanjo,MUNICIPAL,"Feriado municipal em celebração à emancipação política de São Miguel Arcanjo, ocorrida em 1º de abril de 1889. A data é confirmada pelo calendário oficial do município (Portaria nº 7/2026) como dia de celebração da fundação da cidade.",SP,3550209
01/04/2016,Emancipação Política de Arealva,MUNICIPAL,"Feriado municipal que celebra o aniversário de emancipação político-administrativa de Arealva, instalada oficialmente em 1º de abril de 1949, conforme previsto na Lei Estadual nº 233 de 1948.",SP,3503406
01/04/2016,Emancipação Política de Caatiba,MUNICIPAL,"Feriado municipal em comemoração ao aniversário de emancipação política de Caatiba, ocorrida em 1º de abril de 1961, conforme a Lei Estadual nº 1.401. A data celebra o desmembramento do território em relação a Vitória da Conquista.",BA,2904803
01/04/2016,Emancipação Política de Fátima,MUNICIPAL,"Comemoração da emancipação política e administrativa do município de Fátima, instituída pela Lei Estadual nº 4.414 de 1º de abril de 1985, marcando a conquista de sua autonomia em relação a Cícero Dantas.",BA,2910750
01/04/2016,Emancipação Política de Sumé,MUNICIPAL,"Celebração do aniversário de emancipação política do município de Sumé, ocorrida em 1º de abril de 1951. É um feriado civil local tradicional que comemora a autonomia administrativa conquistada pela municipalidade.",PB,2516300
01/04/2016,Emancipação Política de São Lourenço,MUNICIPAL,"Feriado municipal em comemoração à emancipação político-administrativa de São Lourenço, ocorrida em 1º de abril de 1927, quando o município conquistou sua autonomia em relação a Pouso Alto.",MG,3163706
02/04/2016,Aniversário de Alumínio,MUNICIPAL,"Feriado municipal celebrando a emancipação político-administrativa de Alumínio, ocorrida em 2 de abril de 1993, quando o município se desmembrou de Mairinque.",SP,3501152
02/04/2016,Aniversário de Capão Bonito,MUNICIPAL,"Feriado municipal celebrando a fundação de Capão Bonito, ocorrida em 2 de abril de 1857. A data é marco histórico da formação da identidade do município.",SP,3510203
02/04/2016,Aniversário de Carlópolis,MUNICIPAL,"Feriado municipal em comemoração ao aniversário de fundação de Carlópolis, ocorrida em 2 de abril de 1907. Data dedicada às celebrações cívicas da cidade.",PR,4104709
02/04/2016,Aniversário de Cotia,MUNICIPAL,"Feriado municipal em celebração à elevação de Cotia à categoria de cidade, ocorrida em 2 de abril de 1856. A data é o marco oficial do aniversário do município.",SP,3513009
02/04/2016,Aniversário de Dobrada,MUNICIPAL,"Feriado municipal que celebra a emancipação político-administrativa de Dobrada, ocorrida em 2 de abril.",SP,3514007
02/04/2016,Aniversário de Jacarezinho,MUNICIPAL,"Feriado municipal em comemoração à emancipação política do município de Jacarezinho, ocorrida em 2 de abril de 1900. A data celebra a fundação e o desenvolvimento histórico da cidade.",PR,4111803
02/04/2016,Aniversário de Macaubal,MUNICIPAL,"Feriado municipal em comemoração ao aniversário de fundação e emancipação de Macaubal, celebrado anualmente em 2 de abril.",SP,3528106
02/04/2016,Aniversário de Narandiba,MUNICIPAL,"Feriado municipal celebrando a fundação e emancipação política de Narandiba, ocorrida em 2 de abril.",SP,3532207
02/04/2016,Aniversário de Pacaembu,MUNICIPAL,"Feriado municipal em comemoração ao aniversário de emancipação do município de Pacaembu, fundado em 2 de abril de 1949.",SP,3534906
02/04/2016,Aniversário de Pongaí,MUNICIPAL,"Feriado municipal em comemoração ao aniversário de fundação e emancipação de Pongaí, celebrado anualmente no dia 2 de abril.",SP,3540101
02/04/2016,Aniversário de Poço Fundo,MUNICIPAL,"Feriado municipal em celebração à emancipação política de Poço Fundo, ocorrida em 2 de abril de 1870. A data homenageia a história e autonomia do município.",MG,3151701
02/04/2016,Aniversário de Vinhedo,MUNICIPAL,"Feriado municipal que celebra a emancipação político-administrativa de Vinhedo, ocorrida em 2 de abril de 1949. A data recorda o momento em que o então distrito de Rocinha tornou-se município.",SP,3556701
02/04/2016,Dia de Adoração,MUNICIPAL,"Feriado municipal instituído pela Lei nº 2.378/2003, celebrado anualmente na Quinta-feira Santa. Trata-se de uma data de tradição religiosa dedicada à adoração e reflexão que antecede a Sexta-feira da Paixão.",RJ,3302007
02/04/2016,Dia de Adoração,MUNICIPAL,"Feriado municipal estabelecido pela Lei Municipal nº 151/2001 (Art. 1º, inciso IV), celebrado na Quinta-feira Santa. É uma data destinada a atividades religiosas de adoração no calendário oficial do município.",RJ,3305554
02/04/2016,Dia de São Francisco de Paula,MUNICIPAL,"Feriado religioso em honra ao padroeiro do município, São Francisco de Paula. A celebração litúrgica do santo ocorre em 2 de abril, conforme tradição local e legislação municipal de feriados religiosos.",RJ,3304755
02/04/2016,Dia de São Francisco de Paula,MUNICIPAL,"Feriado municipal dedicado ao padroeiro da cidade, São Francisco de Paula. A data é celebrada com eventos religiosos e cívicos em homenagem ao santo que dá nome ao município.",RS,4318200
02/04/2016,Emancipação Político-Administrativa de Suzano,MUNICIPAL,conforme Lei Municipal nº 782 de 25/05/1967,SP,3552502
03/04/2016,Emancipação Política de Belford Roxo,MUNICIPAL,"Feriado municipal em comemoração ao aniversário de emancipação do município de Belford Roxo, ocorrida em 3 de abril de 1990. A data celebra a autonomia administrativa da cidade, desmembrada de Nova Iguaçu, conforme previsto na Lei Orgânica Municipal.",RJ,3300456
03/04/2016,Emancipação Política de Entre Rios,MUNICIPAL,"Feriado municipal que celebra a emancipação política da cidade de Entre Rios, Bahia, ocorrida em 3 de abril de 1872. A data comemora a transição da antiga Vila de Nossa Senhora de Entre Rios para a categoria de cidade, marco fundamental da história local.",BA,2910503
03/04/2016,Feriado Municipal,MUNICIPAL,,BA,2919702
03/04/2016,Feriado Municipal,MUNICIPAL,,RS,4314209
03/04/2016,Feriado Municipal,MUNICIPAL,,SC,4201406
03/04/2016,Feriado Municipal,MUNICIPAL,,SC,4217501
03/04/2016,Feriado Municipal,MUNICIPAL,,SP,3511508
03/04/2016,Feriado Municipal,MUNICIPAL,,SP,3539608
03/04/2016,Feriado Municipal,MUNICIPAL,,SP,3549508
03/04/2016,Sexta-feira da Paixão,MUNICIPAL,"Feriado religioso municipal móvel em observância à Paixão de Cristo. Jacareí estabelece seus feriados religiosos em conformidade com a Lei Federal nº 9.093/1995 e a Lei Municipal nº 6.068/2017, que consolida a legislação sobre feriados e datas comemorativas no município.",SP,3524402
04/04/2016,Aniversário de Alfredo Marcondes,MUNICIPAL,"Celebração do aniversário de fundação e emancipação de Alfredo Marcondes, ocorrida em 4 de abril de 1944. Data de grande relevância cívica para o município.",SP,3500808
04/04/2016,Aniversário de Aquidabã,MUNICIPAL,"Feriado em celebração à elevação do município de Aquidabã à categoria de cidade, fato ocorrido em 4 de abril de 1882 pela Lei nº 11.",SE,2800209
04/04/2016,Aniversário de Aramina,MUNICIPAL,"Feriado municipal que celebra a emancipação político-administrativa de Aramina, ocorrida em 4 de abril de 1964, conforme a Lei Estadual nº 8.092.",SP,3503000
04/04/2016,Aniversário de Coremas,MUNICIPAL,"Celebração da emancipação política do município de Coremas, oficializada pela Lei nº 1.018 em 4 de abril de 1954.",PB,2504801
04/04/2016,Aniversário de Cruzália,MUNICIPAL,"Comemoração do aniversário de emancipação do município de Cruzália, oficializada em 4 de abril de 1965, marcando a autonomia administrativa da cidade.",SP,3513306
04/04/2016,Aniversário de Governador Dix-Sept Rosado,MUNICIPAL,"Feriado destinado à comemoração da emancipação política e fundação do município, estabelecida pela Lei nº 2.854 de 4 de abril de 1963.",RN,2404309
04/04/2016,Aniversário de Inocência,MUNICIPAL,"Feriado municipal que celebra a criação do município de Inocência, ocorrida em 4 de abril de 1959, através da Lei Estadual nº 1.201.",MS,5004403
04/04/2016,Aniversário de Itajobi,MUNICIPAL,"Celebração do aniversário do município de Itajobi, criado pela Lei Estadual nº 1.585 de 4 de abril de 1918.",SP,3521903
04/04/2016,Aniversário de Jaci,MUNICIPAL,"Feriado municipal em comemoração ao aniversário da emancipação política e administrativa de Jaci, ocorrida em 4 de abril de 1959, conforme estabelecido pela Lei Estadual nº 5.285.",SP,3524501
04/04/2016,Aniversário de Marília,MUNICIPAL,"Feriado em celebração ao aniversário de fundação do município de Marília, estabelecido em 4 de abril de 1929. A data é um marco histórico para a 'Cidade Menina', sendo regulamentada por legislação municipal.",SP,3529005
04/04/2016,Aniversário de Presidente Kennedy,MUNICIPAL,"Comemoração da emancipação política de Presidente Kennedy, ocorrida em 4 de abril de 1964, conforme a Lei Estadual nº 1.918. É a principal data cívica do município.",ES,3204302
04/04/2016,Aniversário de Santo Antônio do Tauá,MUNICIPAL,"Feriado municipal em honra ao aniversário da cidade de Santo Antônio do Tauá, emancipada em 4 de abril de 1955 por intermédio da Lei Estadual nº 1.127.",PA,1507003
04/04/2016,Aniversário de São Gabriel,MUNICIPAL,"Celebração solene do aniversário do município de São Gabriel, conhecido como 'Terra dos Marechais'. A data marca a elevação da localidade à categoria de cidade em 4 de abril de 1846.",RS,4318309
04/04/2016,Aniversário de Viradouro,MUNICIPAL,"Feriado municipal comemorativo ao aniversário de Viradouro, fundado em 4 de abril de 1916, conforme a Lei Estadual nº 1.496.",SP,3556800
04/04/2016,Feriado Municipal,MUNICIPAL,,GO,5200134
04/04/2016,Nossa Senhora da Penha,MUNICIPAL,"Sempre comemorado oito dias após o domingo de Páscoa, de acordo com o Decreto nº 16.896",ES,3205309
04/04/2016,Padroeira de Prazeres,MUNICIPAL,"Dia de N. Sra. dos Prazeres, padroeira de Prazeres",PE,2607901
05/04/2016,Aniversário de Araquari,MUNICIPAL,"Feriado municipal que celebra a emancipação política de Araquari, ocorrida em 5 de abril de 1876, conforme a Lei Provincial nº 801.",SC,4201307
05/04/2016,Aniversário de Caetité,MUNICIPAL,"Celebração do aniversário de Caetité, remetendo ao dia 5 de abril de 1810, data em que o povoado foi elevado à categoria de Vila (Vila Nova do Príncipe e Santana de Caetité) por decreto real.",BA,2905206
05/04/2016,Aniversário de Camboriú,MUNICIPAL,"Comemoração do aniversário de emancipação político-administrativa de Camboriú, ocorrida em 5 de abril de 1884, através da Lei Provincial nº 1.076.",SC,4203204
05/04/2016,Aniversário de Coração de Jesus,MUNICIPAL,"Comemoração da emancipação política do município de Coração de Jesus, ocorrida em 5 de abril de 1912, data em que conquistou sua autonomia administrativa.",MG,3118809
05/04/2016,Aniversário de Coronel Macedo,MUNICIPAL,"Celebração do aniversário de emancipação político-administrativa de Coronel Macedo, ocorrida em 5 de abril de 1964, quando se tornou município autônomo.",SP,3512605
05/04/2016,Aniversário de Godoy Moreira,MUNICIPAL,"Comemoração da criação do município de Godoy Moreira, estabelecida pela Lei Estadual nº 9.231 de 5 de abril de 1990, desmembrando-se de São João do Ivaí.",PR,4108551
05/04/2016,Aniversário de Marabá,MUNICIPAL,"Feriado municipal em comemoração ao aniversário de fundação de Marabá. O município foi oficialmente criado pela Lei Estadual nº 1.116, de 5 de abril de 1913.",PA,1504208
05/04/2016,Aniversário de Mococa,MUNICIPAL,"Comemoração da fundação do município de Mococa, ocorrida em 5 de abril de 1856. A data é um tradicional feriado municipal que celebra as raízes históricas da cidade.",SP,3530508
05/04/2016,Aniversário de Rio Pardo de Minas,MUNICIPAL,"Celebração do aniversário do município de Rio Pardo de Minas, que foi elevado à categoria de cidade em 5 de abril de 1871.",MG,3155603
05/04/2016,Aniversário de Timbiras,MUNICIPAL,"Celebração da emancipação política do município de Timbiras, elevada à categoria de cidade em 5 de abril de 1920, por força da Lei Estadual nº 876.",MA,2112100
05/04/2016,Dia de São Vicente Ferrer,MUNICIPAL,"Feriado municipal em honra a São Vicente Ferrer, padroeiro da cidade de Potengi. A data celebra a festa litúrgica do santo, figura central da religiosidade local.",CE,2311207
05/04/2016,Dia de São Vicente Ferrer,MUNICIPAL,"Feriado municipal dedicado ao padroeiro da cidade, São Vicente Ferrer. A data é celebrada anualmente em 5 de abril, dia da festa litúrgica do santo na Igreja Católica.",PE,2613800
05/04/2016,Dia de São Vicente Ferrer,MUNICIPAL,"Feriado religioso em homenagem ao padroeiro do município de São Vicente do Sul, São Vicente Ferrer, celebrado no dia 5 de abril conforme o calendário litúrgico.",RS,4319802
05/04/2016,Emancipação Política de Adustina,MUNICIPAL,"Celebração da emancipação política de Adustina, ocorrida em 5 de abril de 1989, conforme estabelecido pela Lei Estadual nº 5.005, quando se desmembrou de Paripiranga.",BA,2900355
05/04/2016,Emancipação Política de Anagé,MUNICIPAL,"Comemoração da emancipação política do município de Anagé, que ocorreu em 5 de abril de 1962, após desmembramento do município de Vitória da Conquista, conforme a Lei Estadual nº 1.657.",BA,2901205
05/04/2016,Emancipação Política de Planalto,MUNICIPAL,"Celebração da emancipação política de Planalto, ocorrida em 5 de abril de 1962. O município foi criado através da Lei Estadual nº 1.656, desmembrando-se de Vitória da Conquista.",BA,2925006
05/04/2016,Feriado Municipal,MUNICIPAL,,RS,4313409
06/04/2016,Aniversário de Emancipação Política,MUNICIPAL,"Feriado em celebração à emancipação política de Boquira, que ocorreu em 6 de abril de 1962 através da Lei Estadual nº 1.663, resultando no desmembramento do território do município de Macaúbas.",BA,2904100
06/04/2016,Aniversário de Ibiraci,MUNICIPAL,"Comemoração da instalação oficial do município de Ibiraci, ocorrida em 6 de abril de 1924. A criação do município foi autorizada pela Lei Estadual de Minas Gerais nº 843, de 7 de setembro de 1923.",MG,3129707
06/04/2016,Aniversário de Rosário,MUNICIPAL,"Feriado municipal em celebração à fundação do município de Rosário, ocorrida em 6 de abril de 1915. A data comemorativa e o reconhecimento da fundação são amparados pela Lei Municipal nº 191/2015.",MA,2109601
06/04/2016,Aniversário do Município,MUNICIPAL,"Aniversário da Cidade de Pedra Bela, conforme lei Nº 03, de 15 de abril de 1983",SP,3536802
06/04/2016,Dia da Criação da Paróquia de Cruz,MUNICIPAL,"Feriado religioso que comemora a data de criação da Paróquia de Nossa Senhora da Conceição de Cruz. A data foi estabelecida como feriado municipal por meio da Lei Municipal nº 20, de 10 de março de 1987.",CE,2304251
07/04/2016,Aniversário de Araçoiaba da Serra,MUNICIPAL,"Comemoração do aniversário de Araçoiaba da Serra, celebrando a data de 7 de abril de 1857, quando a localidade conquistou sua emancipação política e administrativa.",SP,3502903
07/04/2016,Aniversário de Ascurra,MUNICIPAL,"Celebração do aniversário do município de Ascurra. A data de 7 de abril marca a instalação oficial do município em 1963, criado pela Lei Estadual nº 887. O feriado municipal é ratificado pela Lei Municipal nº 915/2002.",SC,4201703
07/04/2016,Aniversário de Dores do Rio Preto,MUNICIPAL,"Feriado municipal em comemoração ao aniversário de emancipação política de Dores do Rio Preto. O município foi criado pela Lei Estadual nº 1.914, de 30 de dezembro de 1963, e oficialmente instalado em 7 de abril de 1964.",ES,3202009
07/04/2016,Aniversário de Jeriquara,MUNICIPAL,"Feriado municipal comemorativo ao aniversário de Jeriquara. A data celebra a emancipação política e administrativa do município, cuja instalação oficial ocorreu em 7 de abril de 1964.",SP,3525409
07/04/2016,Aniversário de José de Freitas,MUNICIPAL,"Feriado que celebra o aniversário da cidade de José de Freitas. A data remete a 7 de abril de 1878, quando a antiga Vila do Livramento foi elevada à categoria de cidade.",PI,2205508
07/04/2016,Aniversário de Palmeira,MUNICIPAL,"Comemoração do aniversário de fundação do município de Palmeira. A data celebra a elevação da localidade à categoria de Freguesia em 7 de abril de 1819, marco inicial de sua autonomia administrativa.",PR,4117701
07/04/2016,Aniversário de Patrocínio,MUNICIPAL,"Feriado municipal celebrando o aniversário de Patrocínio. A data remete à elevação do arraial à categoria de Vila e Município pela Lei Provincial nº 211, de 7 de abril de 1842, desmembrando-se de Araxá.",MG,3148103
07/04/2016,Aniversário de Ribeirão Corrente,MUNICIPAL,"Celebração do aniversário de Ribeirão Corrente. O município foi instalado oficialmente em 7 de abril de 1965, após sua criação ter sido autorizada pela Lei Estadual nº 8.092, de 28 de fevereiro de 1964.",SP,3543105
07/04/2016,Aniversário de Torrinha,MUNICIPAL,"Comemoração do aniversário do município de Torrinha. A cidade obteve sua emancipação política em 7 de abril de 1922, através da Lei Estadual nº 1.841, desmembrando-se de Brotas.",SP,3554706
07/04/2016,Aniversário de Óleo,MUNICIPAL,"Feriado municipal celebrando o aniversário de Óleo. A data marca a emancipação política do município ocorrida em 7 de abril de 1917, quando foi desmembrado de Santa Cruz do Rio Pardo.",SP,3533809
07/04/2016,Emancipação Política de Araci,MUNICIPAL,"Feriado que celebra a emancipação de Araci. Embora tenha tido várias etapas de autonomia, a data de 7 de abril é tradicionalmente celebrada em memória à sua emancipação política definitiva em relação a Serrinha.",BA,2902104
07/04/2016,Emancipação Política de Cafarnaum,MUNICIPAL,"Feriado municipal que celebra a emancipação política de Cafarnaum, ocorrida em 7 de abril de 1963. O município foi criado pela Lei Estadual nº 1.637, de 16 de julho de 1962, desmembrando-se de Morro do Chapéu.",BA,2905305
07/04/2016,Emancipação Política de Dom Basílio,MUNICIPAL,"Comemoração da emancipação política e administrativa do município de Dom Basílio. A cidade foi oficialmente instalada em 7 de abril de 1963, após ser desmembrada de Livramento de Nossa Senhora pela Lei Estadual nº 1.657/1962.",BA,2910107
07/04/2016,Emancipação Política de Galvão,MUNICIPAL,"Feriado municipal referente ao aniversário de emancipação de Galvão. O município foi criado pela Lei Estadual nº 877, de 26 de março de 1963, e instalado oficialmente em 7 de abril de 1963.",SC,4205605
07/04/2016,Emancipação Política de Malhada,MUNICIPAL,"Celebração da emancipação política e administrativa do município de Malhada, instalado em 7 de abril de 1963. A autonomia foi garantida pela Lei Estadual nº 1.642, de 16 de março de 1962, desmembrando-se de Carinhanha.",BA,2920205
07/04/2016,Emancipação Política de Pindaí,MUNICIPAL,"Feriado municipal em celebração à instalação oficial do município de Pindaí, ocorrida em 7 de abril de 1963. O território foi emancipado do município de Urandi através da Lei Estadual nº 1.624, de 14 de maio de 1962.",BA,2924504
07/04/2016,Emancipação Política de Sebastião Laranjeiras,MUNICIPAL,"Feriado municipal que marca a instalação oficial de Sebastião Laranjeiras em 7 de abril de 1963. O município foi criado pela Lei Estadual nº 1.616 de 1962, com território desmembrado de Palmas de Monte Alto.",BA,2930006
07/04/2016,Emancipação Política de São Domingos,MUNICIPAL,Feriado municipal em São Domingos (SC) celebrando a emancipação política e administrativa. O município foi criado pela Lei Estadual nº 875 de 1963 e instalado oficialmente em 7 de abril do mesmo ano.,SC,4216107
07/04/2016,Emancipação Política de São Domingos,MUNICIPAL,"Feriado em comemoração à emancipação política de São Domingos (SE), ocorrida em 7 de abril de 1963, data em que o município conquistou autonomia em relação a Campo do Brito.",SE,2806800
08/04/2016,Aniversário de Amparo,MUNICIPAL,"Comemoração da fundação do município de Amparo, cuja data oficial de 8 de abril de 1829 remete à elevação do povoado à condição de Capela Curada. Feriado estabelecido pela Lei Municipal nº 612 de 1968.",SP,3501905
08/04/2016,Aniversário de Caém,MUNICIPAL,"Feriado municipal em comemoração à emancipação política de Caém, ocorrida em 8 de abril de 1963. A data integra o calendário oficial de feriados do município (Decreto Municipal nº 01/2026).",BA,2905107
08/04/2016,Aniversário de Coroatá,MUNICIPAL,"Comemoração da emancipação política de Coroatá, elevada à categoria de cidade pela Lei Estadual nº 924 de 8 de abril de 1920. É a data magna municipal.",MA,2103604
08/04/2016,Aniversário de Cuiabá,MUNICIPAL,conforme Lei Municipal nº 1.077 de 02 de abril de 1968,MT,5103403
08/04/2016,Aniversário de Nioaque,MUNICIPAL,"Feriado municipal que celebra a fundação e emancipação política de Nioaque, ocorrida em 8 de abril de 1848. É uma das cidades mais antigas de Mato Grosso do Sul.",MS,5005806
08/04/2016,Aniversário de Quaraí,MUNICIPAL,"Comemoração do aniversário de emancipação política e administrativa do município de Quaraí, ocorrida em 8 de abril de 1875, quando foi desmembrado de Alegrete.",RS,4315305
08/04/2016,Aniversário de Santo André,MUNICIPAL,"Feriado municipal que celebra o aniversário de fundação da Vila de Santo André da Borda do Campo, ocorrida em 8 de abril de 1553 por João Ramalho. A data é oficializada como feriado pela Lei Municipal nº 4.148 de 11 de maio de 1973.",SP,3547809
08/04/2016,Dia de Padre Paolino Maria Baldassari,MUNICIPAL,"Feriado municipal instituído pela Lei Municipal nº 581/2017 (e anteriormente pela Lei nº 575/2017) em homenagem à memória de Padre Paolino Maria Baldassari, missionário que dedicou décadas à saúde e assistência social na região, falecido nesta data em 2016.",AC,1200500
08/04/2016,Emancipação Política de Timbaúba,MUNICIPAL,"Feriado municipal comemorativo da emancipação política e administrativa de Timbaúba, ocorrida em 8 de abril de 1879, quando se desmembrou do município de Nazaré da Mata.",PE,2615300
09/04/2016,Aniversário de Conchal,MUNICIPAL,"Feriado municipal em comemoração à emancipação político-administrativa do município de Conchal, ocorrida em 9 de abril de 1949. A autonomia foi estabelecida pela Lei Estadual nº 233, de 24 de dezembro de 1948.",SP,3512209
09/04/2016,Aniversário de Cubatão,MUNICIPAL,"Feriado municipal que marca a emancipação política de Cubatão, ocorrida em 9 de abril de 1949, após a promulgação da Lei Estadual nº 233 de 1948, que elevou o antigo distrito à categoria de município.",SP,3513504
09/04/2016,Aniversário de Ecoporanga,MUNICIPAL,"Comemoração da emancipação político-administrativa do município de Ecoporanga, ocorrida em 9 de abril de 1944. A data é feriado municipal conforme a legislação local.",ES,3202108
09/04/2016,Aniversário de Itariri,MUNICIPAL,"Feriado municipal em celebração à emancipação de Itariri em 9 de abril de 1949. O município foi criado pela Lei Estadual nº 233, de 24 de dezembro de 1948, desmembrando-se de Itanhaém.",SP,3523305
09/04/2016,Aniversário de Juruti,MUNICIPAL,"Feriado municipal que celebra a fundação e elevação de Juruti à categoria de Vila em 9 de abril de 1883, através da Lei Provincial nº 1.104. É o principal marco histórico e político do município.",PA,1503903
09/04/2016,Aniversário de Pedro de Toledo,MUNICIPAL,Celebração da emancipação político-administrativa de Pedro de Toledo em 9 de abril de 1949. O feriado é instituído em virtude da Lei Estadual nº 233/1948 que oficializou a criação do município.,SP,3537206
09/04/2016,Aniversário de Pirapozinho,MUNICIPAL,"Feriado municipal que celebra a emancipação do município de Pirapozinho, ocorrida em 9 de abril de 1949, desmembrando-se de Presidente Prudente com base na Lei Estadual nº 233/1948.",SP,3539202
09/04/2016,Feriado Municipal,MUNICIPAL,,MG,3114600
09/04/2016,Feriado Municipal,MUNICIPAL,,MG,3155801
10/04/2016,Aniversário de Areal,MUNICIPAL,"Comemoração da emancipação política do município de Areal, oficializada pela Lei Estadual nº 1.988 em 10 de abril de 1992, marcando sua independência administrativa de Três Rios.",RJ,3300225
10/04/2016,Aniversário de Ariranha,MUNICIPAL,"Feriado municipal em comemoração à instalação do município de Ariranha em 10 de abril de 1919, após ter sido criado pela Lei Estadual nº 1.617 de 30 de dezembro de 1918.",SP,3503703
10/04/2016,Aniversário de Artur Nogueira,MUNICIPAL,"Feriado municipal em celebração ao aniversário de Artur Nogueira. A cidade teve sua emancipação político-administrativa oficializada com a instalação da prefeitura em 10 de abril de 1949, amparada pela Lei Estadual nº 233/1948.",SP,3503802
10/04/2016,Aniversário de Atílio Vivacqua,MUNICIPAL,"Comemoração da emancipação política do município de Atílio Vivacqua. A instalação oficial da nova unidade administrativa ocorreu em 10 de abril de 1964, após o desmembramento de Cachoeiro de Itapemirim via Lei Estadual nº 1.918 de 30 de dezembro de 1963.",ES,3200706
10/04/2016,Aniversário de Baixo Guandu,MUNICIPAL,"Celebração da autonomia política e administrativa do município de Baixo Guandu, estabelecida pelo Decreto Estadual nº 5.951 de 10 de abril de 1935, que oficializou sua emancipação do território de Colatina.",ES,3200805
10/04/2016,Aniversário de Colinas,MUNICIPAL,"Feriado municipal que celebra a elevação da antiga Vila de Picos à categoria de cidade com a denominação de Colinas, fato ocorrido em 10 de abril de 1891 por ato solene do governo estadual.",MA,2103505
10/04/2016,Aniversário de Gameleira,MUNICIPAL,"Feriado municipal em comemoração à data de fundação de Gameleira, que remonta à elevação da povoação à categoria de Vila e sede de distrito em 10 de abril de 1872.",PE,2605905
10/04/2016,Aniversário de Guajará-Mirim,MUNICIPAL,"Comemoração da fundação do município de Guajará-Mirim, criado pelo Decreto nº 1.656 de 10 de abril de 1929, assinado pelo então Governador do Estado do Amazonas, Ephigênio de Salles.",RO,1100106
10/04/2016,Aniversário de Itatiba do Sul,MUNICIPAL,"Feriado municipal que celebra a instalação administrativa de Itatiba do Sul em 10 de abril de 1954, após sua criação oficial pela Lei Estadual nº 2.354 de 31 de março de 1954.",RS,4310702
10/04/2016,Aniversário de Juquiá,MUNICIPAL,"Feriado municipal em celebração à emancipação político-administrativa de Juquiá. O município foi oficialmente instalado em 10 de abril de 1949, após ser desmembrado de Iguape nos termos da Lei Estadual nº 233 de 24 de dezembro de 1948.",SP,3526100
10/04/2016,Aniversário de Parnarama,MUNICIPAL,"Feriado em comemoração à instalação do município de Parnarama, ocorrida em 10 de abril de 1949, consolidando a autonomia prevista na Lei Estadual nº 269 de 31 de dezembro de 1948.",MA,2107803
10/04/2016,Aniversário de Pontes Gestal,MUNICIPAL,"Feriado em celebração à instalação do município de Pontes Gestal, ocorrida em 10 de abril de 1949, após sua criação pela Lei Estadual nº 233 de 1948 que desmembrou o território de Cardoso.",SP,3540309
10/04/2016,Aniversário de Rio das Ostras,MUNICIPAL,"Celebração da emancipação político-administrativa de Rio das Ostras, ocorrida em 10 de abril de 1992 através da Lei Estadual nº 1.984, data em que o município se desmembrou de Casimiro de Abreu.",RJ,3304524
10/04/2016,Aniversário de Serrana,MUNICIPAL,"Celebração da emancipação político-administrativa de Serrana. A instalação solene do município ocorreu em 10 de abril de 1949, conforme autorização legal da Lei Estadual nº 233 de 1948.",SP,3551504
10/04/2016,Aniversário de São Félix do Xingu,MUNICIPAL,"Celebração da instalação político-administrativa de São Félix do Xingu, ocorrida em 10 de abril de 1962. O município havia sido criado pela Lei Estadual nº 2.460 em 29 de dezembro de 1961.",PA,1507300
10/04/2016,Aniversário de Álvares Florence,MUNICIPAL,"Celebração do aniversário de Álvares Florence, marcando a data de instalação do município em 10 de abril de 1949, fundamentada pela Lei Estadual nº 233 de 24 de dezembro de 1948.",SP,3501202
11/04/2016,Aniversário de Cafelândia,MUNICIPAL,"Feriado municipal que celebra a instalação oficial do município de Cafelândia, ocorrida em 11 de abril de 1925, após sua criação pela Lei Estadual nº 2.033 de 1924.",SP,3508801
11/04/2016,Aniversário de Coxim,MUNICIPAL,Feriado municipal em celebração ao aniversário de fundação e emancipação político-administrativa de Coxim. O município foi elevado à categoria de cidade em 11 de abril de 1898.,MS,5003306
11/04/2016,Aniversário de Erebango,MUNICIPAL,"Celebração da emancipação político-administrativa de Erebango. O município foi criado através da Lei Estadual nº 8.561, de 11 de abril de 1988, desmembrando-se de Getúlio Vargas.",RS,4306973
11/04/2016,Aniversário de Guaraí,MUNICIPAL,"Comemoração da emancipação política do município de Guaraí, ocorrida em 11 de abril de 1968, através da Lei Estadual nº 7.177 (do estado de Goiás, antes da criação do Tocantins).",TO,1709302
11/04/2016,Aniversário de Papanduva,MUNICIPAL,"Feriado municipal destinado à celebração da emancipação político-administrativa do município de Papanduva, ocorrida em 11 de abril de 1954, por força da Lei Estadual nº 133.",SC,4212205
11/04/2016,Emancipação Política de Acari,MUNICIPAL,"Comemoração oficial da emancipação política do município de Acari, ocorrida em 11 de abril de 1833, quando se desmembrou de Caicó. A data é celebrada anualmente como feriado municipal conforme a Lei Orgânica do Município.",RN,2400109
11/04/2016,Emancipação Política de Tuparetama,MUNICIPAL,"Feriado municipal que celebra a emancipação política de Tuparetama, oficializada pela Lei Estadual nº 4.945, de 11 de abril de 1962, quando o município conquistou sua autonomia em relação a São José do Egito.",PE,2615904
11/04/2016,Emancipação de Ernestina,MUNICIPAL,"Data festiva que celebra a emancipação política de Ernestina. O município foi criado pela Lei Estadual nº 8.555, de 11 de abril de 1988, data em que se celebra o feriado municipal.",RS,4307054
11/04/2016,Emancipação de Nova Bréscia,MUNICIPAL,"Feriado municipal em comemoração à emancipação política de Nova Bréscia, instituída pela Lei Estadual nº 4.734, de 11 de abril de 1964.",RS,4313003
12/04/2016,Aniversário de Erval Seco,MUNICIPAL,"Feriado municipal que comemora a emancipação política de Erval Seco, oficializada pela Lei Estadual nº 4.475 em 12 de abril de 1963. A data celebra a autonomia administrativa do município perante o estado do Rio Grande do Sul.",RS,4307302
12/04/2016,Aniversário de Porto Calvo,MUNICIPAL,"Comemoração do aniversário de fundação e elevação política de Porto Calvo, um dos municípios mais históricos de Alagoas. A data remete a 12 de abril de 1636, quando a localidade foi elevada à categoria de vila com o nome de Bom Sucesso, sendo um marco fundamental da colonização da região norte do estado.",AL,2707305
12/04/2016,Aniversário de São José do Piauí,MUNICIPAL,Feriado municipal em comemoração ao aniversário de emancipação política de São José do Piauí. A data celebra a autonomia do município e sua história de desenvolvimento social e administrativo desde sua criação oficial em 12 de abril de 1964.,PI,2210201
12/04/2016,Elevação de Penedo à Categoria de Cidade,MUNICIPAL,"Celebração do aniversário da cidade de Penedo, um dos núcleos urbanos mais antigos e históricos do estado de Alagoas. A data recorda a elevação do povoado à categoria de vila em 1636 e, posteriormente, à condição de cidade. O feriado é oficialmente instituído pela Lei Municipal nº 1.016/1995.",AL,2706703
12/04/2016,Emancipação Política de Bocaiúva do Sul,MUNICIPAL,"Celebração da emancipação política e instalação do município de Bocaiúva do Sul, ocorrida em 12 de abril de 1871. A data é um marco histórico que celebra a elevação da antiga freguesia à categoria de vila, desmembrando-se administrativamente de Curitiba.",PR,4103107
12/04/2016,Emancipação Política de Dário Meira,MUNICIPAL,"Feriado municipal que celebra a emancipação política e administrativa de Dário Meira, ocorrida em 12 de abril de 1962. A autonomia do município foi estabelecida através da Lei Estadual nº 1.667, sancionada pelo então governador Juracy Magalhães, marcando o desmembramento do território de Boa Nova.",BA,2910008
12/04/2016,Emancipação Política de Licínio de Almeida,MUNICIPAL,"Feriado que celebra a emancipação política de Licínio de Almeida, oficializada em 12 de abril de 1962 por meio da Lei Estadual nº 1.670. O município, que leva o nome de um ilustre engenheiro da ferrovia Leste Brasileiro, foi desmembrado dos territórios de Urandi e Jacaraci.",BA,2919405
12/04/2016,Emancipação Política de Serra Dourada,MUNICIPAL,"Celebração do aniversário de emancipação do município de Serra Dourada, ocorrida em 12 de abril de 1962. A data marca a conquista da autonomia político-administrativa e o desmembramento do território original, consolidando-se como um importante polo regional no extremo oeste baiano.",BA,2930303
12/04/2016,Emancipação de Capão da Canoa,MUNICIPAL,"Feriado municipal que celebra a emancipação político-administrativa de Capão da Canoa, ocorrida em 12 de abril de 1982. O feriado é regido pela Lei Municipal nº 015/1983, celebrando o momento em que o município se tornou independente de Osório.",RS,4304630
12/04/2016,Emancipação de Nova Araçá,MUNICIPAL,"Celebração da emancipação política e administrativa de Nova Araçá, ocorrida em 12 de abril de 1964. A data marca o início da trajetória independente do município, que teve suas raízes no núcleo colonial de imigrantes italianos da região.",RS,4312807
12/04/2016,Emancipação de Redentora,MUNICIPAL,"Feriado municipal instituído pela Lei Municipal nº 2.296/2016, celebrando a emancipação político-administrativa de Redentora, ocorrida em 12 de abril de 1964. A data homenageia a história de fundação e a soberania do município gaúcho.",RS,4315404
13/04/2016,Aniversário de Fortaleza,MUNICIPAL,conforme Lei Municipal nº 7.535 de 16/06/1994,CE,2304400
13/04/2016,Aniversário de Harmonia,MUNICIPAL,"Comemoração da emancipação política do município de Harmonia, criado pela Lei Estadual nº 8.562, de 13 de abril de 1988. É feriado municipal em celebração à instalação da autonomia administrativa da cidade.",RS,4309555
13/04/2016,Aniversário de Paverama,MUNICIPAL,"Feriado instituído no município de Paverama para comemorar seu aniversário de criação. A data remete à Lei Estadual nº 8.561, de 13 de abril de 1988, e é ratificada pela Lei Municipal nº 2.116, de 4 de dezembro de 2009.",RS,4314159
13/04/2016,Dia da Emancipação de Alpestre,MUNICIPAL,"Comemora a emancipação político-administrativa do município de Alpestre, ocorrida em 13 de abril de 1964. O feriado municipal é fixado pela Lei Municipal nº 258, de 22 de agosto de 1985.",RS,4300505
13/04/2016,Dia da Emancipação de Entre-Ijuís,MUNICIPAL,"Feriado municipal que celebra a emancipação político-administrativa de Entre-Ijuís, ocorrida em 13 de abril de 1988. A data consta no calendário oficial de feriados do município conforme estabelecido pela Lei Municipal nº 3.309, de 19 de fevereiro de 2020.",RS,4306932
13/04/2016,Dia de Nossa Senhora da Penha,MUNICIPAL,"Feriado religioso em honra à Padroeira do Estado do Espírito Santo. Trata-se de um feriado móvel celebrado na segunda-feira, oito dias após o domingo de Páscoa (oitava de Páscoa). Em Cariacica, é regido pela Lei Municipal nº 317, de 10 de julho de 1967, em consonância com a Lei Estadual nº 11.010/2019.",ES,3201308
13/04/2016,Dia do Município de Nova Esperança do Sul,MUNICIPAL,"Feriado em comemoração à emancipação de Nova Esperança do Sul, ocorrida em 13 de abril de 1988 pela Lei Estadual nº 8.559. A data celebra o aniversário da cidade e a conquista de sua autonomia política.",RS,4313037
13/04/2016,Dia do Município de Planalto,MUNICIPAL,"Feriado municipal em comemoração ao aniversário de emancipação político-administrativa do município de Planalto, ocorrida em 13 de abril de 1964. A data é oficializada como feriado pela Lei Municipal nº 705, de 13 de dezembro de 1983.",RS,4314704
13/04/2016,Emancipação Política de Itambacuri,MUNICIPAL,"Celebração da elevação de Itambacuri à categoria de cidade e sua emancipação política, ocorrida historicamente em 13 de abril de 1887. O feriado é reconhecido para marcar o aniversário da autonomia administrativa do município.",MG,3132701
13/04/2016,Emancipação de Terra de Areia,MUNICIPAL,"Feriado municipal que celebra o aniversário de emancipação político-administrativa de Terra de Areia, estabelecida pela Lei Estadual nº 8.555 de 13 de abril de 1988. Marca a independência do município frente ao território de origem.",RS,4321436
14/04/2016,Aniversário de Botucatu,MUNICIPAL,"Celebração do aniversário de Botucatu, que comemora sua elevação à categoria de cidade pela Lei Provincial nº 394, de 14 de abril de 1855. É um feriado municipal tradicional que celebra a autonomia política do município.",SP,3507506
14/04/2016,Aniversário de Catanduva,MUNICIPAL,"Feriado municipal em celebração à emancipação político-administrativa de Catanduva, ocorrida em 14 de abril de 1918. A data marca a instalação oficial do município, após o desmembramento de São José do Rio Preto, instituído originalmente pela Lei Estadual nº 1.546 de 1917.",SP,3511102
14/04/2016,Aniversário de Caçapava,MUNICIPAL,"Feriado municipal que celebra o aniversário de fundação e emancipação de Caçapava, elevada à categoria de cidade em 14 de abril de 1875. A data é instituída oficialmente como feriado pela Lei Municipal nº 4.125, de 31 de março de 2003.",SP,3508504
14/04/2016,Aniversário de Constantina,MUNICIPAL,"Celebração do aniversário de emancipação político-administrativa de Constantina, oficializada em 14 de abril de 1959 através da Lei Estadual nº 3.716. O feriado homenageia os pioneiros e o desenvolvimento econômico e social do município.",RS,4305801
14/04/2016,Aniversário de Coronel Bicaco,MUNICIPAL,"Feriado municipal em comemoração à emancipação de Coronel Bicaco, instituída pela Lei Estadual nº 4.733, de 14 de abril de 1964. A data celebra a autonomia do município frente a Santo Augusto e sua trajetória como polo na região Celeiro.",RS,4305900
14/04/2016,Aniversário de Dom Aquino,MUNICIPAL,"Feriado municipal que celebra a emancipação político-administrativa de Dom Aquino, estabelecida pela Lei Estadual nº 1.195, de 14 de abril de 1958. A celebração é reafirmada anualmente por decretos municipais que regulamentam o calendário de feriados locais.",MT,5103601
14/04/2016,Aniversário de Gália,MUNICIPAL,"Comemoração da emancipação político-administrativa do município de Gália, ocorrida em 14 de abril de 1928, conforme instituído pela Lei Estadual nº 2.256. A data é celebrada anualmente como o aniversário oficial da 'Princesinha da Seda'.",SP,3516606
14/04/2016,Aniversário de Nova Xavantina,MUNICIPAL,"Feriado municipal instituído para celebrar a emancipação política de Nova Xavantina, oficializada pela Lei Estadual nº 4.175, de 14 de abril de 1980. A data é um marco para a soberania administrativa do município no estado do Mato Grosso.",MT,5106257
14/04/2016,Aniversário de Palmas,MUNICIPAL,"Comemoração do aniversário de fundação e emancipação política de Palmas, ocorrida em 14 de abril de 1879. O município, um dos mais antigos do Paraná, celebra nesta data sua trajetória histórica desde o povoamento inicial nos Campos de Palmas.",PR,4117602
15/04/2016,Aniversário de Anhembi,MUNICIPAL,"Celebração do aniversário de emancipação política do município de Anhembi, fundado em 15 de abril de 1891. A data é feriado municipal oficial destinado às festividades cívicas da cidade.",SP,3502309
15/04/2016,Aniversário de Emancipação de Graça,MUNICIPAL,"Celebração do aniversário de emancipação política do município de Graça, oficializada em 15 de abril de 1988 após desmembramento do território de Mucambo e Viçosa do Ceará, conforme os marcos da Lei Estadual nº 11.428.",CE,2304657
15/04/2016,Aniversário de Iacanga,MUNICIPAL,"Feriado municipal que celebra o aniversário de fundação da cidade de Iacanga, ocorrida em 15 de abril de 1925. A data é ratificada pelo calendário oficial de feriados municipais (ex: Decreto nº 1.322/2023).",SP,3519105
15/04/2016,Aniversário de Jales e Dia de Santo Expedito,MUNICIPAL,"Feriado municipal que celebra a fundação da cidade de Jales, ocorrida em 15 de abril de 1941 por Euphly Jalles. A data também é consagrada a Santo Expedito, conforme estabelecido no calendário oficial de feriados do município e ratificado por decretos anuais (como o Decreto nº 10.395/2024).",SP,3524808
15/04/2016,Aniversário de Rio do Sul,MUNICIPAL,"Comemora a emancipação político-administrativa do município de Rio do Sul, ocorrida em 15 de abril de 1931. A data é feriado municipal oficial, embora a prefeitura costume publicar decretos específicos para eventuais antecipações ou pontos facultativos adjacentes.",SC,4214805
15/04/2016,Aniversário de São Francisco do Sul,MUNICIPAL,"Feriado municipal que celebra a elevação de São Francisco do Sul à categoria de cidade, ocorrida em 15 de abril de 1847. Sendo uma das cidades mais antigas do país, a data é um marco cívico fundamental para o estado de Santa Catarina.",SC,4216206
15/04/2016,Dia do Evangélico,MUNICIPAL,Dia do Evangélico,CE,2311405
15/04/2016,Dia do Município de Rodeio Bonito,MUNICIPAL,"Feriado municipal em comemoração ao aniversário de Rodeio Bonito, celebrando sua instalação e emancipação política ocorrida em 15 de abril de 1964. O feriado é fixado pela Lei Municipal nº 3.245/2011.",RS,4315909
15/04/2016,Emancipação Política de Mata de São João,MUNICIPAL,"Comemoração da emancipação política e administrativa do município de Mata de São João, ocorrida em 15 de abril de 1847. É um feriado civil oficial instituído pela Lei Orgânica e reforçado por decretos municipais de feriados (como o Decreto nº 571/2025).",BA,2921005
16/04/2016,Aniversário da Cidade,MUNICIPAL,"Comemoração oficial do aniversário e da emancipação política de Canguaretama. Embora a resolução histórica de criação date de 1858, a municipalidade celebra o dia 16 de abril como a data magna da cidade conforme o calendário administrativo local.",RN,2402204
16/04/2016,Aniversário de Aceguá,MUNICIPAL,"Feriado municipal instituído pela Lei nº 023/2001 do Município de Aceguá, em alusão ao dia 16 de abril, data que assinala a criação oficial do município no ano de 1996.",RS,4300034
16/04/2016,Aniversário de Codó,MUNICIPAL,"Feriado municipal instituído pela Lei Municipal nº 1.094, de 07 de abril de 1998, em comemoração à emancipação política, administrativa e social do município de Codó, ocorrida originalmente em 16 de abril de 1896.",MA,2103307
16/04/2016,Aniversário de Montanha,MUNICIPAL,"Feriado municipal que celebra a emancipação político-administrativa da cidade de Montanha, ocorrida em 16 de abril de 1963, conforme estabelecido no calendário oficial de feriados do Poder Executivo Municipal.",ES,3203502
16/04/2016,Aniversário do Município,MUNICIPAL,"Feriado municipal instituído pela Lei Municipal nº 234, de 29 de abril de 2003, celebrando o aniversário de criação do município de Paulo Bento, cuja emancipação política ocorreu em 16 de abril de 1996.",RS,4314134
17/04/2016,Aniversário de Bacabal,MUNICIPAL,"Celebração do aniversário do município de Bacabal, que foi elevado à categoria de cidade em 17 de abril de 1920, conforme os termos da Lei Estadual nº 932. A data marca o desmembramento do território de São Luís Gonzaga.",MA,2101202
17/04/2016,Aniversário de Jarinu,MUNICIPAL,"Celebração do aniversário de fundação e emancipação de Jarinu, ocorrida em 17 de abril de 1949. A data é o feriado municipal mais importante da cidade, celebrando sua autonomia política e história.",SP,3525201
17/04/2016,Aniversário de Maripá,MUNICIPAL,"Feriado municipal em celebração ao aniversário de emancipação político-administrativa de Maripá, ocorrida em 17 de abril de 1990. A data homenageia a autonomia conquistada pelo município perante a cidade de Palotina.",PR,4115358
17/04/2016,Aniversário de São José das Palmeiras,MUNICIPAL,"Celebração do aniversário de emancipação do município de São José das Palmeiras, ocorrida em 17 de abril de 1985. A data marca a independência administrativa da localidade, anteriormente vinculada a Santa Helena.",PR,4125456
17/04/2016,Aniversário de Taquara,MUNICIPAL,"Feriado municipal que celebra a emancipação política de Taquara. Em 17 de abril de 1886, foi assinado o decreto que elevou a então Freguesia da Taquara do Mundo Novo à condição de vila, permitindo sua independência administrativa.",RS,4321204
17/04/2016,Conquista da Fazenda Araupel,MUNICIPAL,"Feriado municipal estabelecido pela Lei Municipal nº 581/2006. A data recorda a conquista da Fazenda Araupel em 17 de abril de 1996, um marco histórico para o município que originou os assentamentos Ireno Alves dos Santos e Marcos Freire.",PR,4122156
17/04/2016,Emancipação Política de Santa Leopoldina,MUNICIPAL,"Comemora a emancipação política do município de Santa Leopoldina, ocorrida em 17 de abril de 1887. O feriado é oficialmente instituído pelo Decreto Municipal nº 41, de 16 de abril de 1947.",ES,3204500
17/04/2016,Fundação de Capela do Alto Alegre,MUNICIPAL,"Feriado municipal em comemoração à fundação da cidade, ocorrida em 17 de abril de 1912. O marco histórico da fundação foi a celebração da primeira missa no local pelo Padre Manoel Maria, então pároco de Mairi.",BA,2906857
18/04/2016,Aniversário de Bilac,MUNICIPAL,"Feriado municipal em comemoração ao aniversário de fundação da cidade de Bilac, ocorrida em 18 de abril de 1925. A data celebra o início da colonização por famílias de imigrantes italianos e espanhóis e é oficialmente instituída como feriado pela Lei Municipal nº 452, de 9 de abril de 1969.",SP,3506409
18/04/2016,Dia da Emancipação Política de Itarana,MUNICIPAL,"Celebração da emancipação político-administrativa do município de Itarana, ocorrida em 18 de abril de 1964. O feriado municipal remete à criação do município através da Lei Estadual nº 1.910, de 30 de dezembro de 1963, que determinou seu desmembramento do território de Itaguaçu.",ES,3202900
19/04/2016,Aniversário de Barra do Bugres,MUNICIPAL,"Comemoração da emancipação político-administrativa do município, ocorrida em 19 de abril de 1944. A data é feriado municipal oficial, conforme estabelecido na legislação local e reafirmado anualmente por decretos do executivo (Ex: Decreto nº 044/2025).",MT,5101704
19/04/2016,Aniversário de Maracás,MUNICIPAL,"Feriado municipal em celebração ao aniversário de fundação da 'Cidade das Flores'. Maracás foi emancipada em 19 de abril de 1855, sendo uma das datas mais importantes do calendário cívico local.",BA,2920502
19/04/2016,Aniversário de Pau Brasil,MUNICIPAL,"Feriado municipal instituído pela Lei Estadual nº 1.667 de 19 de abril de 1962, que criou o município de Pau Brasil ao desmembrá-lo de Camacan. A data celebra a soberania política da cidade.",BA,2923902
19/04/2016,Aniversário de Rosário do Sul,MUNICIPAL,"Feriado municipal celebrando a emancipação política de Rosário do Sul, ocorrida em 19 de abril de 1876 através da Lei Provincial nº 1.020. A data marca o desmembramento dos municípios de Alegrete e São Gabriel.",RS,4316402
19/04/2016,Aniversário de Vitória do Mearim,MUNICIPAL,"Feriado municipal que celebra a fundação e emancipação política da cidade de Vitória do Mearim, ocorrida em 19 de abril de 1833. É a principal data cívica do município.",MA,2112902
19/04/2016,Dia da Criação da Colônia de Floresta do Araguaia,MUNICIPAL,"Feriado municipal que celebra a publicação no Diário Oficial do Estado do Pará, em 19 de abril de 1973, da criação da colônia agrícola que deu origem ao município. A data homenageia a fundação do núcleo populacional idealizado pelo Monsenhor Augusto Dias de Brito.",PA,1503044
19/04/2016,Dia de Santo Expedito (Padroeiro),MUNICIPAL,"Feriado municipal religioso em honra ao santo das causas justas e urgentes, que dá nome ao município. A cidade é um importante polo de turismo religioso e celebra seu padroeiro com grandes festividades e feriado local legislado.",SP,3548302
19/04/2016,Dia dos Povos Indígenas,MUNICIPAL,"Feriado municipal instituído para homenagear os povos originários, de profunda relevância histórica em Santa Cruz Cabrália, local do primeiro contato europeu no Brasil e território do povo Pataxó. O feriado é ratificado por normas locais como o Decreto Municipal nº 117/2010.",BA,2927705
19/04/2016,Dia dos Povos Indígenas,MUNICIPAL,"Feriado municipal em Amarante do Maranhão, cidade que abriga vastos territórios indígenas como a TI Arariboia. A data é oficialmente reconhecida no calendário da prefeitura para valorização da cultura dos povos originários, distinguindo-se do aniversário da cidade (21 de outubro).",MA,2100600
19/04/2016,Dia dos Povos Indígenas,MUNICIPAL,"Feriado municipal estabelecido pela Lei Municipal nº 1.140, de 31 de março de 2008. O município de Miranda, um dos maiores polos indígenas de Mato Grosso do Sul, oficializou a data para celebrar as tradições e a luta dos povos originários.",MS,5005608
19/04/2016,Dia dos Povos Indígenas,MUNICIPAL,"Feriado municipal sancionado pelo Executivo para honrar a herança e os direitos das comunidades indígenas da região. Nioaque possui forte vínculo histórico com os povos Terena, e a data é celebrada com eventos culturais e reconhecimento oficial.",MS,5005806
19/04/2016,Dia dos Povos Indígenas,MUNICIPAL,"Feriado municipal oficializado pela Lei Municipal nº 1.868/2012. Redentora abriga a maior parte da Terra Indígena Guarita, e a data integra a 'Semana do Índio' no município, focando em programações culturais e combate ao racismo.",RS,4315404
20/04/2016,Aniversário de Caraguatatuba,MUNICIPAL,"Feriado municipal em celebração à emancipação político-administrativa de Caraguatatuba, ocorrida em 20 de abril de 1857. A cidade comemora sua fundação histórica nesta data, com festividades civis previstas no calendário oficial da prefeitura.",SP,3510500
20/04/2016,Aniversário de Cunha,MUNICIPAL,"Feriado municipal que celebra a elevação da Vila de Nossa Senhora da Conceição de Cunha à categoria de cidade, ocorrida em 20 de abril de 1858. A data é o principal marco cívico do município de Cunha.",SP,3513603
20/04/2016,Aniversário de Figueira,MUNICIPAL,"Feriado municipal em comemoração à emancipação política do município de Figueira, desmembrado de Curiúva e oficialmente criado em 20 de abril de 1982 pela Lei Estadual nº 8.245.",PR,4107751
20/04/2016,Aniversário de Lagarto,MUNICIPAL,"Celebração da elevação da antiga Vila de Nossa Senhora da Piedade à condição de cidade em 20 de abril de 1880. A data de aniversário do município foi consolidada pela Lei Municipal nº 640/2015, que corrigiu equívocos históricos sobre a natureza da emancipação local.",SE,2803500
20/04/2016,Aniversário de Paranapanema,MUNICIPAL,"Feriado municipal em comemoração ao aniversário de fundação e emancipação política da Estância Turística de Paranapanema, ocorrida em 20 de abril de 1859. A data é oficialmente reconhecida no calendário legislativo, conforme estabelecido pelo Decreto Municipal nº 3.758/2025.",SP,3535804
20/04/2016,Aniversário de Pesqueira,MUNICIPAL,"Feriado municipal que celebra a emancipação política e a elevação de Pesqueira à categoria de cidade, ocorrida em 20 de abril de 1880. A data integra o calendário oficial de feriados do município, conforme reiterado pelo Decreto Municipal nº 064/2024.",PE,2610905
20/04/2016,Aniversário de Águas de Santa Bárbara,MUNICIPAL,"Feriado municipal instituído pela Lei Municipal de 16 de outubro de 1967, em comemoração ao aniversário de fundação da Estância Hidromineral de Águas de Santa Bárbara, ocorrida em 20 de abril de 1876.",SP,3500550
20/04/2016,Emancipação de Lagoão,MUNICIPAL,"Celebração do aniversário de emancipação política e administrativa do município de Lagoão, ocorrida em 20 de abril de 1988. A data marca a autonomia do município e é tradicionalmente celebrada com eventos cívicos locais.",RS,4311254
21/04/2016,Aniversário de Brasília,MUNICIPAL,,DF,5300108
22/04/2016,Aniversário de Itanhaém,MUNICIPAL,"Feriado municipal que comemora a fundação de Itanhaém, a segunda cidade mais antiga do Brasil, fundada em 22 de abril de 1532. O feriado é regido pela Lei Municipal nº 825, de 12 de março de 1968, que estabelece as datas magnas da cidade.",SP,3522109
22/04/2016,Aniversário de Laguna Carapã,MUNICIPAL,"Comemoração do aniversário de emancipação político-administrativa do município de Laguna Carapã, criado pela Lei Estadual nº 1.261 em 22 de abril de 1992, após desmembramento de Ponta Porã. É o feriado municipal mais importante da cidade, frequentemente acompanhado por festividades locais como o Concurso do Pé de Soja Solteiro.",MS,5005251
22/04/2016,Aniversário de Montalvânia,MUNICIPAL,"Celebração do aniversário de fundação do município de Montalvânia, ocorrida em 22 de abril de 1952 por Antônio Lopo Montalvão. O feriado é oficialmente instituído e confirmado pelo Decreto Municipal nº 48/2025, que fixa o calendário administrativo para o exercício de 2026.",MG,3142700
22/04/2016,Aniversário de Pinheiros,MUNICIPAL,"Feriado municipal que celebra a emancipação político-administrativa de Pinheiros, ocorrida em 22 de abril de 1964. A data é formalmente instituída como feriado pela Lei Municipal nº 1.426/2019, consolidando a tradição sociocultural do aniversário da cidade no calendário oficial.",ES,3204104
22/04/2016,Descobrimento do Brasil,MUNICIPAL,"Feriado municipal em comemoração ao Descobrimento do Brasil, ocorrido em 22 de abril de 1500 na região de Porto Seguro. A data é ratificada anualmente pelo calendário oficial de feriados do município (Decreto nº 16.844/25) em virtude de sua relevância histórica e fundacional para a localidade.",BA,2925303
22/04/2016,Dia da Geminação,MUNICIPAL,"Feriado municipal em Cantanhede (MA) celebrando o 'Dia da Geminação'. A data comemora os laços históricos e o processo de irmandade entre a cidade brasileira e a cidade de Cantanhede, em Portugal, fortalecendo a herança cultural luso-brasileira da região.",MA,2102705
22/04/2016,Emancipação Política de Carvalhos,MUNICIPAL,"Feriado municipal alusivo à emancipação política e administrativa do município de Carvalhos, oficializada em 22 de abril de 1941. A data é celebrada conforme a tradição local e fundamentada no histórico de autonomia municipal reconhecido pelo estado de Minas Gerais.",MG,3114808
22/04/2016,Homenagem ao Pioneiro e Fundador do Município,MUNICIPAL,"Feriado municipal instituído em homenagem ao pioneiro, fundador e primeiro prefeito de Sapezal, André Antônio Maggi. A data de 22 de abril é oficialmente reconhecida como feriado municipal no calendário da prefeitura para o ano de 2026, conforme legislação local que preserva a memória da colonização da região.",MT,5107875
23/04/2016,Aniversário de Capivari do Sul,MUNICIPAL,"Feriado municipal comemorativo à emancipação de Capivari do Sul, ocorrida em 23 de abril de 1996 (Lei Estadual nº 10.741).",RS,4304671
23/04/2016,Aniversário de Caravelas,MUNICIPAL,"Feriado municipal em celebração à data em que Caravelas foi elevada à categoria de cidade em 23 de abril de 1855, embora sua fundação date do século XVI.",BA,2906907
23/04/2016,Aniversário de Matos Costa,MUNICIPAL,"Feriado municipal celebrando a emancipação política de Matos Costa, ocorrida em 23 de abril de 1962.",SC,4210704
23/04/2016,Aniversário de Piraí do Sul,MUNICIPAL,"Feriado municipal em celebração à data de fundação/emancipação de Piraí do Sul, ocorrida em 23 de abril de 1881.",PR,4119400
23/04/2016,Dia de São Jorge,MUNICIPAL,"Feriado municipal em celebração a São Jorge, Padroeiro da cidade de Ilhéus, conforme estabelecido pela Lei Municipal nº 3.444 de 10 de junho de 2009 e tradição religiosa local.",BA,2913606
23/04/2016,Dia de São Jorge (Padroeiro),MUNICIPAL,"Feriado municipal religioso em homenagem a São Jorge, Padroeiro do município de Nova Módica.",MG,3144904
23/04/2016,Dia de São Jorge (Padroeiro),MUNICIPAL,"Feriado municipal religioso dedicado a São Jorge, padroeiro que dá nome à cidade de São Jorge d'Oeste.",PR,4125209
23/04/2016,Dia de São Jorge (Padroeiro),MUNICIPAL,"Feriado municipal em honra a São Jorge, Padroeiro do município de São Jorge do Ivaí.",PR,4125308
23/04/2016,Dia de São Jorge (Padroeiro),MUNICIPAL,"Feriado municipal em honra ao padroeiro São Jorge, conforme tradição e legislação local.",RS,4318440
23/04/2016,Emancipação Política de Biritinga,MUNICIPAL,"Feriado municipal que celebra a emancipação político-administrativa de Biritinga, ocorrida em 23 de abril de 1962, através da Lei Estadual nº 1.681.",BA,2903607
23/04/2016,Emancipação Política de Boninal,MUNICIPAL,"Feriado municipal em comemoração à emancipação política de Boninal, estabelecida em 23 de abril de 1962.",BA,2904001
23/04/2016,Emancipação Política de Craíbas,MUNICIPAL,"Feriado municipal que celebra a autonomia política de Craíbas, desmembrada de Arapiraca em 23 de abril de 1992.",AL,2702355
23/04/2016,Emancipação Política de Floresta Azul,MUNICIPAL,"Celebração da emancipação do município de Floresta Azul, ocorrida em 23 de abril de 1962 pela Lei Estadual nº 1.681.",BA,2911006
23/04/2016,Emancipação Política de Itagimirim,MUNICIPAL,"Comemoração da emancipação política do município de Itagimirim, fundado em 23 de abril de 1962 pela Lei Estadual nº 1.681.",BA,2915304
23/04/2016,Emancipação Política de Teofilândia,MUNICIPAL,"Feriado municipal celebrando a emancipação política de Teofilândia, ocorrida em 23 de abril de 1962.",BA,2931509
23/04/2016,Feriado Municipal,MUNICIPAL,,PB,2506400
23/04/2016,Feriado Municipal,MUNICIPAL,,SC,4212270
24/04/2016,Aniversário de Nascimento de José Sarney,MUNICIPAL,"Feriado municipal instituído pela Lei Municipal nº 706/1985 em homenagem ao aniversário de nascimento do ex-presidente da República José Sarney, figura política de relevância histórica na região de Pinheiro.",MA,2108603
24/04/2016,Aniversário de Oscar Bressane,MUNICIPAL,"Feriado municipal que celebra a fundação e emancipação de Oscar Bressane, ocorrida oficialmente em 24 de abril de 1948. A data é celebrada anualmente com eventos cívicos na cidade.",SP,3534500
24/04/2016,Aniversário de Palhoça,MUNICIPAL,"Feriado municipal que comemora a emancipação política e administrativa do município de Palhoça, ocorrida em 24 de abril de 1894. A celebração é oficialmente disciplinada pela Lei Municipal nº 008/1973, com redação atualizada pela Lei nº 127/1974.",SC,4211900
24/04/2016,Aniversário de Rio Negrinho,MUNICIPAL,"Feriado que celebra a emancipação político-administrativa de Rio Negrinho, ocorrida em 24 de abril de 1880. A data é o principal marco histórico civil do município catarinense.",SC,4215000
24/04/2016,Aniversário de Tarauacá,MUNICIPAL,"Celebra a fundação do município de Tarauacá, ocorrida em 24 de abril de 1913. O feriado é regido pela Lei Municipal nº 152/1979, sendo uma das datas mais tradicionais do calendário acreano.",AC,1200609
24/04/2016,Dia de São Fidélis de Sigmaringa (Padroeiro),MUNICIPAL,"Feriado municipal religioso em honra ao padroeiro da cidade, São Fidélis de Sigmaringa. A data coincide com o dia litúrgico do santo e é celebrada com festividades religiosas e culturais locais.",RJ,3304805
24/04/2016,Emancipação Política de Alhandra,MUNICIPAL,"Celebra a emancipação política do município de Alhandra, garantida pela Lei Estadual nº 2.063 de 24 de abril de 1959, que marcou o desmembramento definitivo do território em relação à capital João Pessoa.",PB,2500601
24/04/2016,Emancipação Política de Cristinápolis,MUNICIPAL,"Comemora a emancipação política de Cristinápolis, ocorrida em 24 de abril de 1882. O feriado municipal exalta a autonomia administrativa conquistada pelo município junto ao estado de Sergipe.",SE,2801702
24/04/2016,Emancipação Política de Maragogi,MUNICIPAL,"Celebração da emancipação política de Maragogi, ocorrida em 24 de abril de 1875, quando a localidade foi elevada à categoria de vila. A data é feriado municipal conforme a Lei Orgânica do Município e decretos anuais de feriados.",AL,2704500
24/04/2016,Emancipação Política de Matriz de Camaragibe,MUNICIPAL,"Feriado municipal em comemoração à emancipação política do município de Matriz de Camaragibe, oficializada em 24 de abril de 1958, quando se desmembrou de Passo de Camaragibe.",AL,2705101
24/04/2016,Emancipação Política de Santana do Ipanema,MUNICIPAL,"Comemora a data em que Santana do Ipanema foi elevada à categoria de cidade, em 24 de abril de 1875. O feriado é ratificado por decretos anuais (como o Decreto nº 01/2026) fundamentados na tradição histórica local.",AL,2708006
24/04/2016,Emancipação Política de Água Branca,MUNICIPAL,"Comemora a emancipação política do município de Água Branca, ocorrida em 24 de abril de 1875. A data é oficializada como feriado municipal por decretos executivos anuais e pela Lei Orgânica.",AL,2700102
25/04/2016,Aniversário de Arroio do Sal,MUNICIPAL,"Feriado municipal em comemoração ao aniversário de Arroio do Sal, celebrando sua emancipação política ocorrida no ano de 1988.",RS,4301057
25/04/2016,Aniversário de Brasilândia,MUNICIPAL,"Comemoração do aniversário de emancipação política e administrativa do município, fundado em 1965. A data foi ratificada como feriado municipal pela Lei nº 2.906/2021.",MS,5002308
25/04/2016,Aniversário de Instalação de Tejupá,MUNICIPAL,"Celebração do aniversário de instalação do município de Tejupá, conforme fixado pela Lei Municipal nº 1.032/2011. A data marca a emancipação político-administrativa da cidade.",SP,3554201
25/04/2016,Aniversário de Itaberá,MUNICIPAL,"Feriado em comemoração ao aniversário de Itaberá, celebrando sua emancipação política ocorrida em 25 de abril de 1891, quando foi elevada à categoria de município.",SP,3521705
25/04/2016,Aniversário de Itacoatiara,MUNICIPAL,"Celebração da elevação de Itacoatiara à categoria de cidade em 25 de abril de 1874. Embora a data de fundação histórica tenha sido revista para setembro, o dia 25 de abril permanece como o feriado tradicional de emancipação política.",AM,1301902
25/04/2016,Dia de São Marcos (Padroeiro Municipal),MUNICIPAL,"Feriado dedicado ao padroeiro do município, São Marcos, conforme estabelecido pela Lei Municipal nº 3.110/2011. A data da emancipação política da cidade é comemorada em 26 de janeiro.",ES,3203908
25/04/2016,Dia de São Marcos (Padroeiro Municipal),MUNICIPAL,"Feriado religioso em homenagem a São Marcos, padroeiro da cidade de Rio Fortuna. A data é distinta da emancipação do município, celebrada em 21 de junho.",SC,4214904
25/04/2016,Dia de São Marcos (Padroeiro),MUNICIPAL,"Feriado religioso em honra a São Marcos, o evangelista e padroeiro da cidade. A data é oficializada pela Lei Municipal nº 751, de 1990.",RS,4319000
25/04/2016,Emancipação Política de Feira Grande,MUNICIPAL,"Comemoração da emancipação política do município de Feira Grande, ocorrida em 25 de abril de 1954, por meio da Lei Estadual nº 1.785, quando se desmembrou do território de Traipu.",AL,2702603
25/04/2016,Emancipação Político-Administrativa de Trajano de Moraes,MUNICIPAL,Feriado municipal que celebra a autonomia política e administrativa de Trajano de Moraes. A data faz referência ao aniversário de sua instalação como município independente.,RJ,3305901
26/04/2016,Aniversário da Cidade,MUNICIPAL,"Feriado que celebra a emancipação político-administrativa de Monteiro Lobato, ocorrida em 26 de abril de 1949 através da Lei Estadual de São Paulo nº 233.",SP,3531704
26/04/2016,Aniversário do Município,MUNICIPAL,"Comemoração da emancipação político-administrativa de Abdon Batista. O município foi instituído pela Lei Estadual de Santa Catarina nº 7.581, datada de 26 de abril de 1989.",SC,4200051
26/04/2016,Aniversário do Município,MUNICIPAL,"Feriado municipal em comemoração à emancipação político-administrativa de Forquilhinha. O município foi oficialmente criado pela Lei Estadual de Santa Catarina nº 7.584, de 26 de abril de 1989.",SC,4205456
26/04/2016,Aniversário do Município,MUNICIPAL,"Feriado municipal alusivo à criação do município de Iraceminha, fundamentada na Lei Estadual de Santa Catarina nº 7.586, promulgada em 26 de abril de 1989.",SC,4207759
26/04/2016,Aniversário do Município,MUNICIPAL,"Comemoração oficial do aniversário de Marema, celebrando sua emancipação política ocorrida por meio da Lei Estadual de Santa Catarina nº 7.587, de 26 de abril de 1989.",SC,4210555
26/04/2016,Aniversário do Município,MUNICIPAL,"Celebração do aniversário de fundação e emancipação política de Timbó Grande, estabelecida pela Lei Estadual de Santa Catarina nº 7.582, de 26 de abril de 1989.",SC,4218251
26/04/2016,Aniversário do Município,MUNICIPAL,"Feriado que marca a emancipação política de Tunápolis, conforme determinado pela Lei Estadual de Santa Catarina nº 7.583, de 26 de abril de 1989.",SC,4218756
26/04/2016,Aniversário do Município,MUNICIPAL,"Feriado municipal celebrativo da emancipação política de Vitor Meireles, criado pela Lei Estadual de Santa Catarina nº 7.585, de 26 de abril de 1989.",SC,4219358
26/04/2016,Celebração da Primeira Missa no Brasil,MUNICIPAL,"Feriado municipal que celebra o marco histórico da realização da primeira missa em solo brasileiro, ocorrida em 26 de abril de 1500 na Praia de Coroa Vermelha, território do atual município de Santa Cruz Cabrália. A data possui relevância histórica e religiosa nacional.",BA,2927705
26/04/2016,Dia de Nossa Senhora do Bom Conselho,MUNICIPAL,"Feriado municipal dedicado à Nossa Senhora do Bom Conselho, padroeira da cidade de Amargosa. A celebração é uma das datas religiosas mais importantes do calendário municipal.",BA,2901007
26/04/2016,Dia de Nossa Senhora do Bom Conselho,MUNICIPAL,"Feriado municipal em celebração à padroeira da cidade, Nossa Senhora do Bom Conselho. A data é marcada por eventos religiosos e faz parte do calendário oficial de feriados do município.",BA,2930402
26/04/2016,Dia de Nossa Senhora do Bom Conselho,MUNICIPAL,"Data magna municipal dedicada à Nossa Senhora do Bom Conselho, padroeira de Esperança. O feriado é observado anualmente em 26 de abril, conforme tradição religiosa e amparo legal municipal.",PB,2506004
26/04/2016,Dia de Nossa Senhora do Bom Conselho,MUNICIPAL,"Feriado em homenagem à padroeira de Princesa Isabel, Nossa Senhora do Bom Conselho. A data é protegida por legislação municipal e reflete a forte devoção religiosa da comunidade local.",PB,2512309
26/04/2016,Dia de Nossa Senhora do Bom Conselho,MUNICIPAL,"Feriado religioso em honra à padroeira do município, Nossa Senhora do Bom Conselho. A data é celebrada com festividades litúrgicas e culturais, sendo feriado municipal consolidado pela tradição e legislação local.",PE,2602100
27/04/2016,Aniversário de Altamira do Paraná,MUNICIPAL,"Celebração do aniversário de emancipação política de Altamira do Paraná, município criado pela Lei Estadual nº 7.571, de 27 de abril de 1982. É um feriado oficial para comemoração da fundação e autonomia local.",PR,4100459
27/04/2016,Aniversário de Araporã,MUNICIPAL,"Comemoração da emancipação política de Araporã, formalizada pela Lei Estadual nº 10.703, de 27 de abril de 1992. O município celebra anualmente sua autonomia administrativa nesta data.",MG,3103751
27/04/2016,Aniversário de Entre Folhas,MUNICIPAL,"Feriado que marca o aniversário de emancipação política do município de Entre Folhas, criado pela Lei Estadual nº 10.703, de 27 de abril de 1992, data que consolidou sua separação do município de Caratinga.",MG,3123858
27/04/2016,Aniversário de Icaraí de Minas,MUNICIPAL,"Feriado municipal referente ao aniversário de emancipação política de Icaraí de Minas, criada pela Lei Estadual nº 12.030, de 27 de dezembro de 1995, mas com comemoração estabelecida em 27 de abril, data em que se consolidou o movimento emancipatório local.",MG,3130051
27/04/2016,Aniversário de Ipaba,MUNICIPAL,"Comemoração da emancipação política de Ipaba, fundamentada na Lei Estadual nº 10.703, de 27 de abril de 1992. A data celebra a autonomia do município e o desenvolvimento da comunidade local.",MG,3131158
27/04/2016,Aniversário de Jaíba,MUNICIPAL,"Feriado alusivo ao aniversário de emancipação do município de Jaíba, ocorrida em 27 de abril de 1992, sob a vigência da Lei Estadual nº 10.703. Celebra-se o crescimento e a autonomia administrativa da região.",MG,3135050
27/04/2016,Aniversário de Juatuba,MUNICIPAL,"Feriado municipal em celebração ao aniversário de emancipação político-administrativa de Juatuba. O município foi criado pela Lei Estadual nº 10.703, de 27 de abril de 1992, desmembrando-se de Mateus Leme.",MG,3136652
27/04/2016,Aniversário de Leopoldina,MUNICIPAL,"Celebração do aniversário de elevação de Leopoldina à categoria de cidade, ocorrida em 27 de abril de 1854. Trata-se da principal data festiva do município, instituída para preservar a memória histórica de sua autonomia urbana.",MG,3138401
27/04/2016,Aniversário de Palmópolis,MUNICIPAL,"Feriado municipal em honra ao aniversário de emancipação de Palmópolis, instituída no bojo da Lei Estadual nº 12.030, cujas festividades de criação e autonomia administrativa são celebradas anualmente em 27 de abril.",MG,3146750
27/04/2016,Aniversário de Pedreiras,MUNICIPAL,"Comemoração da emancipação política e administrativa do município de Pedreiras, ocorrida em 27 de abril de 1920, conforme a Lei Estadual nº 922. A data celebra a autonomia do município em relação a Coroatá.",MA,2108207
27/04/2016,Aniversário de Ranieri Mazzilli,MUNICIPAL,"Homenagem ao nascimento de Paschoal Ranieri Mazzilli, político cacondense que foi presidente do Brasil. Instituído pela Lei Municipal nº 2.255 de 2005, o feriado celebra o legado do cidadão mais ilustre do município.",SP,3508702
27/04/2016,Aniversário de Sapeaçu,MUNICIPAL,"Feriado em comemoração ao aniversário de emancipação de Sapeaçu. O município conquistou sua autonomia política através da Lei Estadual nº 508, de 27 de abril de 1953, ao desvincular-se de Cruz das Almas.",BA,2929602
27/04/2016,Aniversário de Serra Branca,MUNICIPAL,"Feriado municipal em celebração à emancipação política de Serra Branca, ocorrida em 27 de abril de 1960 através da Lei Estadual nº 2.328. A data marca a data solene de instalação do município na Paraíba.",PB,2515500
27/04/2016,Aniversário de São José da Lapa,MUNICIPAL,"Feriado municipal em celebração ao Aniversário da Cidade, marcando sua emancipação através da Lei Estadual nº 10.703 de 1992 e ratificada pela Lei Municipal nº 003 de 08 de fevereiro de 1993, que fixou as datas comemorativas.",MG,3162955
27/04/2016,Aniversário de Utinga,MUNICIPAL,"Celebração da emancipação política do município de Utinga, ocorrida em 27 de abril de 1953 sob a Lei Estadual nº 539. A data marca o aniversário da cidade e é feriado municipal oficial.",BA,2932804
28/04/2016,Feriado Municipal,MUNICIPAL,,AC,1200013
28/04/2016,Feriado Municipal,MUNICIPAL,,AC,1200252
28/04/2016,Feriado Municipal,MUNICIPAL,,BA,2901304
28/04/2016,Feriado Municipal,MUNICIPAL,,BA,2916500
28/04/2016,Feriado Municipal,MUNICIPAL,,MG,3114550
28/04/2016,Feriado Municipal,MUNICIPAL,,MG,3135076
28/04/2016,Feriado Municipal,MUNICIPAL,,MG,3158953
28/04/2016,Feriado Municipal,MUNICIPAL,,PB,2511509
28/04/2016,Feriado Municipal,MUNICIPAL,,PE,2607505
28/04/2016,Feriado Municipal,MUNICIPAL,,PR,4104600
28/04/2016,Feriado Municipal,MUNICIPAL,,PR,4112504
28/04/2016,Feriado Municipal,MUNICIPAL,,PR,4122107
28/04/2016,Feriado Municipal,MUNICIPAL,,SP,3526803
28/04/2016,Festa da Penha,MUNICIPAL,"Feriado, conforme Lei 5.622 de 2015",ES,3205200
29/04/2016,Aniversário da Cidade,MUNICIPAL,conforme Lei Municipal nº 431 de 11/04/1973,MG,3131307
29/04/2016,Aniversário da Cidade,MUNICIPAL,Emancipação política do Município,PB,2508554
29/04/2016,Criação do Município,MUNICIPAL,,PR,4118857
29/04/2016,Emancipação Política de Filadélfia,MUNICIPAL,"Celebração da emancipação política do município de Filadélfia, ocorrida em 29 de abril de 1985, quando se desmembrou do território de Pindobaçu.",BA,2910859
29/04/2016,Feriado Municipal,MUNICIPAL,,GO,5204557
29/04/2016,Feriado Municipal,MUNICIPAL,,GO,5209937
29/04/2016,Feriado Municipal,MUNICIPAL,,MA,2104800
29/04/2016,Feriado Municipal,MUNICIPAL,,MA,2109502
29/04/2016,Feriado Municipal,MUNICIPAL,,MG,3106002
29/04/2016,Feriado Municipal,MUNICIPAL,,MG,3136207
29/04/2016,Feriado Municipal,MUNICIPAL,,MG,3168705
29/04/2016,Feriado Municipal,MUNICIPAL,,MT,5105002
29/04/2016,Feriado Municipal,MUNICIPAL,,PB,2501575
29/04/2016,Feriado Municipal,MUNICIPAL,,PB,2504355
29/04/2016,Feriado Municipal,MUNICIPAL,,PB,2513901
29/04/2016,Feriado Municipal,MUNICIPAL,,PR,4109609
29/04/2016,Feriado Municipal,MUNICIPAL,,PR,4117222
29/04/2016,Feriado Municipal,MUNICIPAL,,PR,4120655
29/04/2016,Feriado Municipal,MUNICIPAL,,RS,4306056
29/04/2016,Feriado Municipal,MUNICIPAL,,RS,4307831
29/04/2016,Feriado Municipal,MUNICIPAL,,RS,4315131
29/04/2016,Feriado Municipal,MUNICIPAL,,RS,4319158
29/04/2016,Feriado Municipal,MUNICIPAL,,RS,4319604
29/04/2016,Feriado Municipal,MUNICIPAL,,RS,4319752
29/04/2016,Feriado Municipal,MUNICIPAL,,RS,4319802
29/04/2016,Feriado Municipal,MUNICIPAL,,RS,4321667
29/04/2016,Feriado Municipal,MUNICIPAL,,SP,3509700
30/04/2016,Aniversário de Instalação de Nova Andradina,MUNICIPAL,"Feriado instituído pela Lei Municipal nº 670, de 18 de outubro de 2007, que fixa o dia 30 de abril como feriado oficial para comemorar a instalação do município de Nova Andradina, ocorrida em 1959. Diferencia-se da data de criação (20 de dezembro), sendo o dia 30 de abril a data magna de celebração pública.",MS,5006200
30/04/2016,Emancipação Política de Nilo Peçanha,MUNICIPAL,"Feriado municipal em comemoração à Emancipação Política de Nilo Peçanha, ocorrida em 30 de abril de 1873. A data celebra a autonomia administrativa do município, sendo um marco histórico e cívico fundamental para a identidade local, comemorado anualmente com atos solenes e festividades.",BA,2922607
30/04/2016,Emancipação Política de São Bento do Una,MUNICIPAL,"Feriado municipal que celebra o aniversário de Emancipação Política de São Bento do Una, ocorrida em 30 de abril de 1860. A data marca a elevação da localidade à categoria de vila e sua autonomia política, sendo a principal celebração cívica do calendário municipal.",PE,2613008
30/04/2016,Feriado Municipal,MUNICIPAL,,GO,5206701
30/04/2016,Feriado Municipal,MUNICIPAL,,MS,5004809
30/04/2016,Feriado Municipal,MUNICIPAL,,MS,5006259
30/04/2016,Feriado Municipal,MUNICIPAL,,MT,5108204
30/04/2016,Feriado Municipal,MUNICIPAL,,PA,1505700
30/04/2016,Feriado Municipal,MUNICIPAL,,PB,2502508
30/04/2016,Feriado Municipal,MUNICIPAL,,PB,2516409
30/04/2016,Feriado Municipal,MUNICIPAL,,PE,2612208
30/04/2016,Feriado Municipal,MUNICIPAL,,PR,4116000
02/05/2016,Aniversário da Cidade,MUNICIPAL,,SP,3517604
02/05/2016,Feriado Municipal,MUNICIPAL,,MA,2102606
02/05/2016,Feriado Municipal,MUNICIPAL,,MG,3104908
02/05/2016,Feriado Municipal,MUNICIPAL,,MG,3128600
02/05/2016,Feriado Municipal,MUNICIPAL,,MG,3165305
02/05/2016,Feriado Municipal,MUNICIPAL,,MG,3171006
02/05/2016,Feriado Municipal,MUNICIPAL,,MS,5004007
02/05/2016,Feriado Municipal,MUNICIPAL,,PB,2517001
02/05/2016,Feriado Municipal,MUNICIPAL,,PE,2610202
02/05/2016,Feriado Municipal,MUNICIPAL,,PI,2202703
02/05/2016,Feriado Municipal,MUNICIPAL,,PR,4111555
02/05/2016,Feriado Municipal,MUNICIPAL,,RN,2401008
02/05/2016,Feriado Municipal,MUNICIPAL,,SP,3528106
03/05/2016,Aniversário da Cidade,MUNICIPAL,Aniversário da Cidade,CE,2304236
03/05/2016,Feriado Municipal,MUNICIPAL,,AL,2709103
03/05/2016,Feriado Municipal,MUNICIPAL,,BA,2907905
03/05/2016,Feriado Municipal,MUNICIPAL,,BA,2909406
03/05/2016,Feriado Municipal,MUNICIPAL,,BA,2920205
03/05/2016,Feriado Municipal,MUNICIPAL,,BA,2922904
03/05/2016,Feriado Municipal,MUNICIPAL,,BA,2923209
03/05/2016,Feriado Municipal,MUNICIPAL,,CE,2313302
03/05/2016,Feriado Municipal,MUNICIPAL,,MA,2101608
03/05/2016,Feriado Municipal,MUNICIPAL,,MG,3120607
03/05/2016,Feriado Municipal,MUNICIPAL,,MG,3124906
03/05/2016,Feriado Municipal,MUNICIPAL,,MG,3143807
03/05/2016,Feriado Municipal,MUNICIPAL,,MG,3155702
03/05/2016,Feriado Municipal,MUNICIPAL,,MG,3171006
03/05/2016,Feriado Municipal,MUNICIPAL,,MT,5107180
03/05/2016,Feriado Municipal,MUNICIPAL,,PE,2601508
03/05/2016,Feriado Municipal,MUNICIPAL,,PE,2614808
03/05/2016,Feriado Municipal,MUNICIPAL,,PI,2205201
03/05/2016,Feriado Municipal,MUNICIPAL,,PR,4103354
03/05/2016,Feriado Municipal,MUNICIPAL,,PR,4110102
03/05/2016,Feriado Municipal,MUNICIPAL,,PR,4124053
03/05/2016,Feriado Municipal,MUNICIPAL,,RJ,3303005
03/05/2016,Feriado Municipal,MUNICIPAL,,RN,2406700
03/05/2016,Feriado Municipal,MUNICIPAL,,RS,4304663
03/05/2016,Feriado Municipal,MUNICIPAL,,RS,4308458
03/05/2016,Feriado Municipal,MUNICIPAL,,RS,4321808
03/05/2016,Feriado Municipal,MUNICIPAL,,SC,4203808
03/05/2016,Feriado Municipal,MUNICIPAL,,SE,2805505
03/05/2016,Feriado Municipal,MUNICIPAL,,SP,3506102
03/05/2016,Feriado Municipal,MUNICIPAL,,SP,3507902
03/05/2016,Feriado Municipal,MUNICIPAL,,SP,3511201
03/05/2016,Feriado Municipal,MUNICIPAL,,SP,3511607
03/05/2016,Feriado Municipal,MUNICIPAL,,SP,3521408
03/05/2016,Feriado Municipal,MUNICIPAL,,SP,3533601
03/05/2016,Feriado Municipal,MUNICIPAL,,SP,3538204
03/05/2016,Feriado Municipal,MUNICIPAL,,SP,3539905
03/05/2016,Feriado Municipal,MUNICIPAL,,SP,3542305
03/05/2016,Feriado Municipal,MUNICIPAL,,SP,3544103
03/05/2016,Feriado Municipal,MUNICIPAL,,SP,3546207
03/05/2016,Feriado Municipal,MUNICIPAL,,SP,3546306
03/05/2016,Feriado Municipal,MUNICIPAL,,SP,3548401
03/05/2016,Feriado Municipal,MUNICIPAL,,SP,3549003
03/05/2016,Feriado Municipal,MUNICIPAL,,SP,3556107
03/05/2016,Fundação Histórica,MUNICIPAL,Primeira Querência do Rio Grande,RS,4319208
04/05/2016,Aniversário da cidade,MUNICIPAL,Aniversário da cidade,PE,2607901
04/05/2016,Feriado Municipal,MUNICIPAL,Conforme lei nº 1797 de 11 de Novembro de 2013,RS,4308805
04/05/2016,Feriado Municipal,MUNICIPAL,,SC,4201406
04/05/2016,Feriado Municipal,MUNICIPAL,,SE,2802106
04/05/2016,Feriado Municipal,MUNICIPAL,,SP,3528809
05/05/2016,Ascensão do Senhor,MUNICIPAL,"Dia da Ascensão do Senhor, 39 dias após a páscoa.",RS,4315149
05/05/2016,Feriado Municipal,MUNICIPAL,,AM,1303205
05/05/2016,Feriado Municipal,MUNICIPAL,,MT,5107800
05/05/2016,Feriado Municipal,MUNICIPAL,,PB,2511202
05/05/2016,Feriado Municipal,MUNICIPAL,,PR,4100608
05/05/2016,Feriado Municipal,MUNICIPAL,,PR,4128401
05/05/2016,Feriado Municipal,MUNICIPAL,,RS,4320263
05/05/2016,Feriado Municipal,MUNICIPAL,,SP,3506607
05/05/2016,Feriado Municipal,MUNICIPAL,,SP,3516705
06/05/2016,Feriado Municipal,MUNICIPAL,,AM,1300409
06/05/2016,Feriado Municipal,MUNICIPAL,,BA,2907608
06/05/2016,Feriado Municipal,MUNICIPAL,,GO,5208509
06/05/2016,Feriado Municipal,MUNICIPAL,,MT,5103452
06/05/2016,Feriado Municipal,MUNICIPAL,,PE,2612000
06/05/2016,Feriado Municipal,MUNICIPAL,,PE,2613909
06/05/2016,Feriado Municipal,MUNICIPAL,,PR,4114203
06/05/2016,Feriado Municipal,MUNICIPAL,,RS,4313706
06/05/2016,Feriado Municipal,MUNICIPAL,,SP,3521606
07/05/2016,Feriado Municipal,MUNICIPAL,,MG,3149101
07/05/2016,Feriado Municipal,MUNICIPAL,,PE,2601607
07/05/2016,Feriado Municipal,MUNICIPAL,,RJ,3304300
07/05/2016,Feriado Municipal,MUNICIPAL,,RN,2404507
07/05/2016,Feriado Municipal,MUNICIPAL,,SC,4216503
08/05/2016,Aniversário da cidade,MUNICIPAL,Celebração da fundação do município,SP,3550001
08/05/2016,Feriado Municipal,MUNICIPAL,,BA,2920601
08/05/2016,Feriado Municipal,MUNICIPAL,,CE,2310001
08/05/2016,Feriado Municipal,MUNICIPAL,,MA,2107902
08/05/2016,Feriado Municipal,MUNICIPAL,,MS,5000708
08/05/2016,Feriado Municipal,MUNICIPAL,,MS,5004304
08/05/2016,Feriado Municipal,MUNICIPAL,,MS,5008008
08/05/2016,Feriado Municipal,MUNICIPAL,,PB,2501609
08/05/2016,Feriado Municipal,MUNICIPAL,,RJ,3301603
08/05/2016,Feriado Municipal,MUNICIPAL,,RJ,3305505
08/05/2016,Feriado Municipal,MUNICIPAL,,RJ,3305604
08/05/2016,Feriado Municipal,MUNICIPAL,,RS,4302600
08/05/2016,Feriado Municipal,MUNICIPAL,,SP,3522208
08/05/2016,Nossa Sra da Pompéia,MUNICIPAL,"Dia de Nossa Senhora da Pompéia, padroeira da Cidade de Dilermando de Aguiar.",RS,4306379
09/05/2016,Aniversário da Cidade,MUNICIPAL,Aniversário da Cidade de Teixeira de Freitas,BA,2931350
09/05/2016,Aniversário da Cidade,MUNICIPAL,Aniversário de Emancipação do município,RS,4310330
09/05/2016,Antecipação do aniversário de Maringá,MUNICIPAL,"De acordo com a Lei Municipal nº 8045 de 20 de junho de 2008 O Feriado do aniversário de Maringá será comemorado na segunda segunda-feira do mês de maio, quando o dia 10 de Maio não recair no domingo, ocasião em que as comemorações serão mantidas neste dia.",PR,4115200
09/05/2016,Feriado Municipal,MUNICIPAL,,BA,2903235
09/05/2016,Feriado Municipal,MUNICIPAL,,BA,2906873
09/05/2016,Feriado Municipal,MUNICIPAL,,BA,2910859
09/05/2016,Feriado Municipal,MUNICIPAL,,BA,2919157
09/05/2016,Feriado Municipal,MUNICIPAL,,BA,2922656
09/05/2016,Feriado Municipal,MUNICIPAL,,ES,3201704
09/05/2016,Feriado Municipal,MUNICIPAL,,GO,5215603
09/05/2016,Feriado Municipal,MUNICIPAL,,MS,5007307
09/05/2016,Feriado Municipal,MUNICIPAL,,MT,5105150
09/05/2016,Feriado Municipal,MUNICIPAL,,RS,4305454
09/05/2016,Feriado Municipal,MUNICIPAL,,RS,4306957
09/05/2016,Feriado Municipal,MUNICIPAL,,RS,4310363
09/05/2016,Feriado Municipal,MUNICIPAL,,RS,4310751
09/05/2016,Feriado Municipal,MUNICIPAL,,RS,4311502
09/05/2016,Feriado Municipal,MUNICIPAL,,RS,4316436
09/05/2016,Feriado Municipal,MUNICIPAL,,RS,4318465
09/05/2016,Feriado Municipal,MUNICIPAL,,RS,4322251
09/05/2016,Feriado Municipal,MUNICIPAL,,RS,4323408
09/05/2016,Feriado Municipal,MUNICIPAL,,RS,4323705
09/05/2016,Feriado Municipal,MUNICIPAL,,SP,3535804
10/05/2016,Feriado Municipal,MUNICIPAL,,ES,3203163
10/05/2016,Feriado Municipal,MUNICIPAL,,ES,3205069
10/05/2016,Feriado Municipal,MUNICIPAL,,MA,2110906
10/05/2016,Feriado Municipal,MUNICIPAL,,PA,1502756
10/05/2016,Feriado Municipal,MUNICIPAL,,PA,1502772
10/05/2016,Feriado Municipal,MUNICIPAL,,PA,1505486
10/05/2016,Feriado Municipal,MUNICIPAL,,PA,1505536
10/05/2016,Feriado Municipal,MUNICIPAL,,PA,1506195
10/05/2016,Feriado Municipal,MUNICIPAL,,PA,1507458
10/05/2016,Feriado Municipal,MUNICIPAL,,PA,1508084
10/05/2016,Feriado Municipal,MUNICIPAL,,PE,2615003
10/05/2016,Feriado Municipal,MUNICIPAL,,RJ,3302205
10/05/2016,Feriado Municipal,MUNICIPAL,,RN,2409803
10/05/2016,Feriado Municipal,MUNICIPAL,,SC,4204558
10/05/2016,Feriado Municipal,MUNICIPAL,,SC,4211751
10/05/2016,Feriado Municipal,MUNICIPAL,,SC,4215604
10/05/2016,Feriado Municipal,MUNICIPAL,,SE,2802403
11/05/2016,Feriado Municipal,MUNICIPAL,,ES,3200136
11/05/2016,Feriado Municipal,MUNICIPAL,,GO,5218789
11/05/2016,Feriado Municipal,MUNICIPAL,,PA,1504059
11/05/2016,Feriado Municipal,MUNICIPAL,,PR,4120358
11/05/2016,Feriado Municipal,MUNICIPAL,,RO,1100130
11/05/2016,Feriado Municipal,MUNICIPAL,,RO,1100296
11/05/2016,Feriado Municipal,MUNICIPAL,,RS,4322608
12/05/2016,Feriado Municipal,MUNICIPAL,,AM,1304302
12/05/2016,Feriado Municipal,MUNICIPAL,,BA,2910727
12/05/2016,Feriado Municipal,MUNICIPAL,,CE,2305001
12/05/2016,Feriado Municipal,MUNICIPAL,,MA,2104057
12/05/2016,Feriado Municipal,MUNICIPAL,,MG,3110707
12/05/2016,Feriado Municipal,MUNICIPAL,,MS,5003256
12/05/2016,Feriado Municipal,MUNICIPAL,,MS,5003504
12/05/2016,Feriado Municipal,MUNICIPAL,,MS,5007695
12/05/2016,Feriado Municipal,MUNICIPAL,,MS,5007802
12/05/2016,Feriado Municipal,MUNICIPAL,,MS,5007976
12/05/2016,Feriado Municipal,MUNICIPAL,,PA,1502939
12/05/2016,Feriado Municipal,MUNICIPAL,,PA,1504455
12/05/2016,Feriado Municipal,MUNICIPAL,,PE,2602803
12/05/2016,Feriado Municipal,MUNICIPAL,,PR,4104451
12/05/2016,Feriado Municipal,MUNICIPAL,,PR,4127965
12/05/2016,Feriado Municipal,MUNICIPAL,,RS,4300638
12/05/2016,Feriado Municipal,MUNICIPAL,,RS,4301651
12/05/2016,Feriado Municipal,MUNICIPAL,,RS,4302352
12/05/2016,Feriado Municipal,MUNICIPAL,,RS,4305132
12/05/2016,Feriado Municipal,MUNICIPAL,,RS,4305173
12/05/2016,Feriado Municipal,MUNICIPAL,,RS,4305959
12/05/2016,Feriado Municipal,MUNICIPAL,,RS,4311155
12/05/2016,Feriado Municipal,MUNICIPAL,,RS,4312450
12/05/2016,Feriado Municipal,MUNICIPAL,,RS,4312757
12/05/2016,Feriado Municipal,MUNICIPAL,,RS,4313656
12/05/2016,Feriado Municipal,MUNICIPAL,,RS,4314027
12/05/2016,Feriado Municipal,MUNICIPAL,,RS,4316451
12/05/2016,Feriado Municipal,MUNICIPAL,,RS,4316956
12/05/2016,Feriado Municipal,MUNICIPAL,,RS,4321352
12/05/2016,Feriado Municipal,MUNICIPAL,,RS,4321857
12/05/2016,Feriado Municipal,MUNICIPAL,,SC,4210407
12/05/2016,Feriado Municipal,MUNICIPAL,,SP,3520707
12/05/2016,S. Nereu e S. Aquiles,MUNICIPAL,"Comemorativo ao dia de São Nereu e Santo Aquiles, data de criação do Município de André da Rocha pela Lei Estadual nº 8.629/1988 no ano de 1988",RS,4300661
13/05/2016,Aniversário da cidade,MUNICIPAL,http://www.altotaquari.mt.gov.br/noticia/197/Prefeito-Municipal-de-Alto-Taquari-divulgou-a-lista-de-feriados-Nacionais-Estaduais-e-Municipais,MT,5100607
13/05/2016,Dia da Padroeira,MUNICIPAL,,MT,5105259
13/05/2016,Dia da Padroeira,MUNICIPAL,Comemorações do dia da Padroeira do Município,MT,5107875
13/05/2016,Emancipação,MUNICIPAL,Emancipação Política Administrativa de Sorriso/MT,MT,5107925
13/05/2016,Emancipação do Município,MUNICIPAL,Comemorações da Emancipação do Município de Vera-MT,MT,5108501
13/05/2016,Feriado Municipal,MUNICIPAL,,AM,1301100
13/05/2016,Feriado Municipal,MUNICIPAL,,BA,2909703
13/05/2016,Feriado Municipal,MUNICIPAL,,BA,2918506
13/05/2016,Feriado Municipal,MUNICIPAL,,BA,2922730
13/05/2016,Feriado Municipal,MUNICIPAL,,BA,2925253
13/05/2016,Feriado Municipal,MUNICIPAL,,CE,2305902
13/05/2016,Feriado Municipal,MUNICIPAL,,CE,2312304
13/05/2016,Feriado Municipal,MUNICIPAL,,ES,3203346
13/05/2016,Feriado Municipal,MUNICIPAL,,ES,3203601
13/05/2016,Feriado Municipal,MUNICIPAL,,ES,3204005
13/05/2016,Feriado Municipal,MUNICIPAL,,ES,3204054
13/05/2016,Feriado Municipal,MUNICIPAL,,ES,3204351
13/05/2016,Feriado Municipal,MUNICIPAL,,GO,5214804
13/05/2016,Feriado Municipal,MUNICIPAL,,GO,5220504
13/05/2016,Feriado Municipal,MUNICIPAL,,MA,2113009
13/05/2016,Feriado Municipal,MUNICIPAL,,MG,3109105
13/05/2016,Feriado Municipal,MUNICIPAL,,MG,3111804
13/05/2016,Feriado Municipal,MUNICIPAL,,MG,3120508
13/05/2016,Feriado Municipal,MUNICIPAL,,MG,3120706
13/05/2016,Feriado Municipal,MUNICIPAL,,MG,3127008
13/05/2016,Feriado Municipal,MUNICIPAL,,MG,3136405
13/05/2016,Feriado Municipal,MUNICIPAL,,MG,3139508
13/05/2016,Feriado Municipal,MUNICIPAL,,MG,3140555
13/05/2016,Feriado Municipal,MUNICIPAL,,MG,3142809
13/05/2016,Feriado Municipal,MUNICIPAL,,MG,3144409
13/05/2016,Feriado Municipal,MUNICIPAL,,MG,3146008
13/05/2016,Feriado Municipal,MUNICIPAL,,MG,3151800
13/05/2016,Feriado Municipal,MUNICIPAL,,MG,3152808
13/05/2016,Feriado Municipal,MUNICIPAL,,MG,3166907
13/05/2016,Feriado Municipal,MUNICIPAL,,MG,3171105
13/05/2016,Feriado Municipal,MUNICIPAL,,MS,5000856
13/05/2016,Feriado Municipal,MUNICIPAL,,MS,5001243
13/05/2016,Feriado Municipal,MUNICIPAL,,MS,5002159
13/05/2016,Feriado Municipal,MUNICIPAL,,MS,5003454
13/05/2016,Feriado Municipal,MUNICIPAL,,MS,5003751
13/05/2016,Feriado Municipal,MUNICIPAL,,MS,5003801
13/05/2016,Feriado Municipal,MUNICIPAL,,MS,5004601
13/05/2016,Feriado Municipal,MUNICIPAL,,MS,5005681
13/05/2016,Feriado Municipal,MUNICIPAL,,MS,5005707
13/05/2016,Feriado Municipal,MUNICIPAL,,MS,5007307
13/05/2016,Feriado Municipal,MUNICIPAL,,MS,5007703
13/05/2016,Feriado Municipal,MUNICIPAL,,MS,5007950
13/05/2016,Feriado Municipal,MUNICIPAL,,MT,5101258
13/05/2016,Feriado Municipal,MUNICIPAL,,MT,5102603
13/05/2016,Feriado Municipal,MUNICIPAL,,MT,5103304
13/05/2016,Feriado Municipal,MUNICIPAL,Comemorações da Emancipação do Município,MT,5104559
13/05/2016,Feriado Municipal,MUNICIPAL,,MT,5105580
13/05/2016,Feriado Municipal,MUNICIPAL,,MT,5106216
13/05/2016,Feriado Municipal,MUNICIPAL,,MT,5106232
13/05/2016,Feriado Municipal,MUNICIPAL,,MT,5106281
13/05/2016,Feriado Municipal,MUNICIPAL,,MT,5106372
13/05/2016,Feriado Municipal,MUNICIPAL,,MT,5106422
13/05/2016,Feriado Municipal,MUNICIPAL,,MT,5107040
13/05/2016,Feriado Municipal,MUNICIPAL,,MT,5107859
13/05/2016,Feriado Municipal,MUNICIPAL,,MT,5107958
13/05/2016,Feriado Municipal,MUNICIPAL,,MT,5108055
13/05/2016,Feriado Municipal,MUNICIPAL,,MT,5108600
13/05/2016,Feriado Municipal,MUNICIPAL,,PA,1506138
13/05/2016,Feriado Municipal,MUNICIPAL,,PA,1506161
13/05/2016,Feriado Municipal,MUNICIPAL,,PA,1506187
13/05/2016,Feriado Municipal,MUNICIPAL,,PA,1508084
13/05/2016,Feriado Municipal,MUNICIPAL,,PA,1508159
13/05/2016,Feriado Municipal,MUNICIPAL,,PA,1508407
13/05/2016,Feriado Municipal,MUNICIPAL,,PE,2610400
13/05/2016,Feriado Municipal,MUNICIPAL,,PE,2610806
13/05/2016,Feriado Municipal,MUNICIPAL,,PE,2614808
13/05/2016,Feriado Municipal,MUNICIPAL,,PI,2203503
13/05/2016,Feriado Municipal,MUNICIPAL,,PI,2204303
13/05/2016,Feriado Municipal,MUNICIPAL,,PR,4100905
13/05/2016,Feriado Municipal,MUNICIPAL,,PR,4105508
13/05/2016,Feriado Municipal,MUNICIPAL,,PR,4106605
13/05/2016,Feriado Municipal,MUNICIPAL,,PR,4112603
13/05/2016,Feriado Municipal,MUNICIPAL,,PR,4112751
13/05/2016,Feriado Municipal,MUNICIPAL,,PR,4114807
13/05/2016,Feriado Municipal,MUNICIPAL,,PR,4115358
13/05/2016,Feriado Municipal,MUNICIPAL,,PR,4116802
13/05/2016,Feriado Municipal,MUNICIPAL,,PR,4117008
13/05/2016,Feriado Municipal,MUNICIPAL,,PR,4118907
13/05/2016,Feriado Municipal,MUNICIPAL,,PR,4120655
13/05/2016,Feriado Municipal,MUNICIPAL,,PR,4121802
13/05/2016,Feriado Municipal,MUNICIPAL,,PR,4127858
13/05/2016,Feriado Municipal,MUNICIPAL,,RJ,3300258
13/05/2016,Feriado Municipal,MUNICIPAL,,RN,2413359
13/05/2016,Feriado Municipal,MUNICIPAL,,RO,1100189
13/05/2016,Feriado Municipal,MUNICIPAL,,RR,1400308
13/05/2016,Feriado Municipal,MUNICIPAL,,RS,4313953
13/05/2016,Feriado Municipal,MUNICIPAL,,RS,4320305
13/05/2016,Feriado Municipal,MUNICIPAL,,SC,4211405
13/05/2016,Feriado Municipal,MUNICIPAL,,SC,4218400
13/05/2016,Feriado Municipal,MUNICIPAL,,SE,2804706
13/05/2016,Feriado Municipal,MUNICIPAL,,SP,3509304
13/05/2016,Feriado Municipal,MUNICIPAL,,SP,3522604
13/05/2016,Feriado Municipal,MUNICIPAL,,SP,3541505
13/05/2016,Feriado Municipal,MUNICIPAL,,SP,3546405
13/05/2016,Feriado Municipal,MUNICIPAL,,TO,1707553
13/05/2016,N. Sra. de Fátima,MUNICIPAL,"Dia de N. Sra. de Fátima, padroeira do município, conforme a Lei nº 1.081 de 27/04/2001",RN,2403251
14/05/2016,Emancipação Política,MUNICIPAL,Emancipação Política da Cidade de Mirassol dOeste,MT,5105622
14/05/2016,Feriado Municipal,MUNICIPAL,,AC,1200054
14/05/2016,Feriado Municipal,MUNICIPAL,,AC,1200344
14/05/2016,Feriado Municipal,MUNICIPAL,,AC,1200450
14/05/2016,Feriado Municipal,MUNICIPAL,,AM,1303403
14/05/2016,Feriado Municipal,MUNICIPAL,,BA,2908705
14/05/2016,Feriado Municipal,MUNICIPAL,,BA,2929057
14/05/2016,Feriado Municipal,MUNICIPAL,,BA,2929909
14/05/2016,Feriado Municipal,MUNICIPAL,,ES,3202801
14/05/2016,Feriado Municipal,MUNICIPAL,,ES,3204708
14/05/2016,Feriado Municipal,MUNICIPAL,,GO,5200134
14/05/2016,Feriado Municipal,MUNICIPAL,,GO,5202155
14/05/2016,Feriado Municipal,MUNICIPAL,,GO,5202353
14/05/2016,Feriado Municipal,MUNICIPAL,,GO,5204250
14/05/2016,Feriado Municipal,MUNICIPAL,,GO,5205455
14/05/2016,Feriado Municipal,MUNICIPAL,,GO,5207253
14/05/2016,Feriado Municipal,MUNICIPAL,,GO,5209200
14/05/2016,Feriado Municipal,MUNICIPAL,,GO,5209952
14/05/2016,Feriado Municipal,MUNICIPAL,,GO,5213087
14/05/2016,Feriado Municipal,MUNICIPAL,,GO,5219753
14/05/2016,Feriado Municipal,MUNICIPAL,,MG,3104502
14/05/2016,Feriado Municipal,MUNICIPAL,,MG,3127800
14/05/2016,Feriado Municipal,MUNICIPAL,,MG,3147907
14/05/2016,Feriado Municipal,MUNICIPAL,,MS,5005004
14/05/2016,Feriado Municipal,MUNICIPAL,,MT,5101001
14/05/2016,Feriado Municipal,MUNICIPAL,,PA,1502905
14/05/2016,Feriado Municipal,MUNICIPAL,,PE,2600054
14/05/2016,Feriado Municipal,MUNICIPAL,,PE,2609907
14/05/2016,Feriado Municipal,MUNICIPAL,,PR,4113809
14/05/2016,Feriado Municipal,MUNICIPAL,,RS,4301503
14/05/2016,Feriado Municipal,MUNICIPAL,,RS,4305702
14/05/2016,Feriado Municipal,MUNICIPAL,,RS,4323101
14/05/2016,Feriado Municipal,MUNICIPAL,,SE,2805802
14/05/2016,Feriado Municipal,MUNICIPAL,,TO,1707553
14/05/2016,Feriado Municipal,MUNICIPAL,,TO,1716703
15/05/2016,Aniversário da Cidade,MUNICIPAL,"Aniversário da Cidade de Monte Alto, segundo lei nº 585, de 18/04/1967",SP,3531308
15/05/2016,Feriado Municipal,MUNICIPAL,,AM,1301704
15/05/2016,Feriado Municipal,MUNICIPAL,,AM,1302702
15/05/2016,Feriado Municipal,MUNICIPAL,,CE,2311504
15/05/2016,Feriado Municipal,MUNICIPAL,,PE,2607752
15/05/2016,Feriado Municipal,MUNICIPAL,,RJ,3300803
15/05/2016,Feriado Municipal,MUNICIPAL,,RS,4302303
15/05/2016,Feriado Municipal,MUNICIPAL,,RS,4303301
15/05/2016,Feriado Municipal,MUNICIPAL,,RS,4314308
15/05/2016,Feriado Municipal,MUNICIPAL,,RS,4315107
15/05/2016,Feriado Municipal,MUNICIPAL,,RS,4316303
15/05/2016,Feriado Municipal,MUNICIPAL,,SC,4211108
16/05/2016,Aniversário da Cidade,MUNICIPAL,Dia de Criação do Município conforme Lei nº 9.249 de 16.05.90,PR,4117057
16/05/2016,Divino Esp. Santo,MUNICIPAL,Festa do Divino Espírito Santo,BA,2907103
16/05/2016,Divino Espírito Santo,MUNICIPAL,Festa do Divino Espírito Santo,SC,4203204
16/05/2016,Emancipação Política,MUNICIPAL,Emancipação Política,AL,2703205
16/05/2016,Feriado Municipal,MUNICIPAL,,AL,2702306
16/05/2016,Feriado Municipal,MUNICIPAL,,AL,2708501
16/05/2016,Feriado Municipal,MUNICIPAL,,AL,2709202
16/05/2016,Feriado Municipal,MUNICIPAL,,GO,5206206
16/05/2016,Feriado Municipal,MUNICIPAL,,MG,3144607
16/05/2016,Feriado Municipal,MUNICIPAL,,MG,3162906
16/05/2016,Feriado Municipal,MUNICIPAL,,RJ,3303401
16/05/2016,Feriado Municipal,MUNICIPAL,,RJ,3305208
16/05/2016,Feriado Municipal,MUNICIPAL,"Feriado conforme lei 914, de 23 de maio 1994.",SC,4212601
17/05/2016,Aniversário da Cidade,MUNICIPAL,Instalação do Município - Dia de São Pascoal,RS,4316907
17/05/2016,Aniversário da Cidade,MUNICIPAL,Dia da Emancipação Político-Administrativa do Município de Biguaçu,SC,4202305
17/05/2016,Feriado Municipal,MUNICIPAL,,BA,2921906
17/05/2016,Feriado Municipal,MUNICIPAL,,PE,2609501
17/05/2016,Feriado Municipal,MUNICIPAL,,PR,4128658
17/05/2016,Feriado Municipal,MUNICIPAL,,RS,4314423
17/05/2016,Feriado Municipal,MUNICIPAL,,TO,1700400
18/05/2016,Aniversário da cidade,MUNICIPAL,De acordo com a Lei nº 2.959 de 1985,PE,2604106
18/05/2016,Feriado Municipal,MUNICIPAL,,BA,2914703
18/05/2016,Feriado Municipal,MUNICIPAL,,BA,2917607
18/05/2016,Feriado Municipal,MUNICIPAL,,GO,5219308
18/05/2016,Feriado Municipal,MUNICIPAL,,PB,2501104
18/05/2016,Feriado Municipal,MUNICIPAL,,PB,2513109
18/05/2016,Feriado Municipal,MUNICIPAL,,PE,2601904
18/05/2016,Feriado Municipal,MUNICIPAL,,PE,2602803
18/05/2016,Feriado Municipal,MUNICIPAL,,PE,2603504
18/05/2016,Feriado Municipal,MUNICIPAL,,SP,3517406
18/05/2016,Feriado Municipal,MUNICIPAL,,SP,3539400
18/05/2016,Feriado Municipal,MUNICIPAL,,TO,1700400
19/05/2016,Aniversário da Cidade,MUNICIPAL,Aniversário da Cidade de Engenheiro Coelho,SP,3515152
19/05/2016,Emancipação,MUNICIPAL,Emancipação Político-administrativo,SP,3506359
19/05/2016,Feriado Municipal,MUNICIPAL,,BA,2923407
19/05/2016,Feriado Municipal,MUNICIPAL,,MA,2100501
19/05/2016,Feriado Municipal,MUNICIPAL,,MT,5100250
19/05/2016,Feriado Municipal,MUNICIPAL,,PE,2608800
19/05/2016,Feriado Municipal,MUNICIPAL,,PE,2611507
19/05/2016,Feriado Municipal,MUNICIPAL,,PE,2614303
19/05/2016,Feriado Municipal,MUNICIPAL,,RS,4305504
19/05/2016,Feriado Municipal,MUNICIPAL,,SC,4210308
19/05/2016,Feriado Municipal,MUNICIPAL,,SP,3502754
19/05/2016,Feriado Municipal,MUNICIPAL,,SP,3509254
19/05/2016,Feriado Municipal,MUNICIPAL,,SP,3514304
19/05/2016,Feriado Municipal,MUNICIPAL,,SP,3519071
19/05/2016,Feriado Municipal,MUNICIPAL,,SP,3540754
19/05/2016,Feriado Municipal,MUNICIPAL,,SP,3545159
19/05/2016,Feriado Municipal,MUNICIPAL,,SP,3557303
20/05/2016,Aniversário de Palmas,MUNICIPAL,conforme Lei Municipal nº 108 de 15/05/1991,TO,1721000
20/05/2016,Feriado Municipal,MUNICIPAL,,BA,2916807
20/05/2016,Feriado Municipal,MUNICIPAL,,BA,2919306
20/05/2016,Feriado Municipal,MUNICIPAL,,CE,2306108
20/05/2016,Feriado Municipal,MUNICIPAL,,ES,3203502
20/05/2016,Feriado Municipal,MUNICIPAL,,PE,2602308
20/05/2016,Feriado Municipal,MUNICIPAL,,RS,4307807
20/05/2016,Feriado Municipal,MUNICIPAL,,SP,3537800
20/05/2016,Feriado Municipal,MUNICIPAL,,SP,3546108
21/05/2016,Feriado Municipal,MUNICIPAL,,BA,2920007
21/05/2016,Feriado Municipal,MUNICIPAL,,MG,3169208
21/05/2016,Feriado Municipal,MUNICIPAL,,PB,2509008
21/05/2016,Feriado Municipal,MUNICIPAL,,RS,4321501
21/05/2016,Feriado Municipal,MUNICIPAL,,SP,3525854
21/05/2016,Festa do Divino,MUNICIPAL,Festa do Divino,SC,4212502
22/05/2016,Aniversário da Cidade,MUNICIPAL,Aniversário da Cidade de Bom Jesus dos Perdões,SP,3507100
22/05/2016,Dia da Padroeira,MUNICIPAL,Dia da Padroeira da Cidade,MT,5107768
22/05/2016,"Dia de Santa Rita, padroeira secundária da cidade.",MUNICIPAL,,BA,2925006
22/05/2016,Feriado Municipal,MUNICIPAL,,AL,2701001
22/05/2016,Feriado Municipal,MUNICIPAL,,AM,1304104
22/05/2016,Feriado Municipal,MUNICIPAL,,BA,2928406
22/05/2016,Feriado Municipal,MUNICIPAL,,CE,2312205
22/05/2016,Feriado Municipal,MUNICIPAL,,GO,5211503
22/05/2016,Feriado Municipal,MUNICIPAL,,GO,5217708
22/05/2016,Feriado Municipal,MUNICIPAL,,GO,5219407
22/05/2016,Feriado Municipal,MUNICIPAL,,MA,2112100
22/05/2016,Feriado Municipal,MUNICIPAL,,MG,3108552
22/05/2016,Feriado Municipal,MUNICIPAL,,MG,3115102
22/05/2016,Feriado Municipal,MUNICIPAL,,MG,3115300
22/05/2016,Feriado Municipal,MUNICIPAL,,MG,3124104
22/05/2016,Feriado Municipal,MUNICIPAL,,MG,3125101
22/05/2016,Feriado Municipal,MUNICIPAL,,MG,3128600
22/05/2016,Feriado Municipal,MUNICIPAL,,MG,3131505
22/05/2016,Feriado Municipal,MUNICIPAL,,MG,3134400
22/05/2016,Feriado Municipal,MUNICIPAL,,MG,3139201
22/05/2016,Feriado Municipal,MUNICIPAL,,MG,3141405
22/05/2016,Feriado Municipal,MUNICIPAL,,MG,3142106
22/05/2016,Feriado Municipal,MUNICIPAL,,MG,3145109
22/05/2016,Feriado Municipal,MUNICIPAL,,MG,3153400
22/05/2016,Feriado Municipal,MUNICIPAL,,MG,3159209
22/05/2016,Feriado Municipal,MUNICIPAL,,MG,3159605
22/05/2016,Feriado Municipal,MUNICIPAL,,MG,3170008
22/05/2016,Feriado Municipal,MUNICIPAL,,MS,5005806
22/05/2016,Feriado Municipal,MUNICIPAL,,MS,5007554
22/05/2016,Feriado Municipal,MUNICIPAL,,MT,5107206
22/05/2016,Feriado Municipal,MUNICIPAL,,PA,1505437
22/05/2016,Feriado Municipal,MUNICIPAL,,PB,2504801
22/05/2016,Feriado Municipal,MUNICIPAL,,PB,2512903
22/05/2016,Feriado Municipal,MUNICIPAL,,PB,2513703
22/05/2016,Feriado Municipal,MUNICIPAL,,PR,4102505
22/05/2016,Feriado Municipal,MUNICIPAL,,PR,4113759
22/05/2016,Feriado Municipal,MUNICIPAL,,PR,4115408
22/05/2016,Feriado Municipal,MUNICIPAL,,RJ,3301108
22/05/2016,Feriado Municipal,MUNICIPAL,,RJ,3301900
22/05/2016,Feriado Municipal,MUNICIPAL,,RN,2411205
22/05/2016,Feriado Municipal,MUNICIPAL,,RS,4312005
22/05/2016,Feriado Municipal,MUNICIPAL,,RS,4313805
22/05/2016,Feriado Municipal,MUNICIPAL,,SP,3510906
22/05/2016,Feriado Municipal,MUNICIPAL,,SP,3515509
22/05/2016,Feriado Municipal,MUNICIPAL,,SP,3520103
22/05/2016,Feriado Municipal,MUNICIPAL,,SP,3532504
22/05/2016,Feriado Municipal,MUNICIPAL,,SP,3536703
22/05/2016,Feriado Municipal,MUNICIPAL,,SP,3544905
22/05/2016,Feriado Municipal,MUNICIPAL,,SP,3546009
22/05/2016,Feriado Municipal,MUNICIPAL,,SP,3547403
22/05/2016,Feriado Municipal,MUNICIPAL,,SP,3547502
22/05/2016,Feriado Municipal,MUNICIPAL,,SP,3553005
22/05/2016,Feriado Municipal,MUNICIPAL,,SP,3556909
22/05/2016,Feriado Municipal,MUNICIPAL,,TO,1702554
22/05/2016,Santa Rita,MUNICIPAL,"Dia de Santa Rita, Padroeira da Cidade",MG,3171303
23/05/2016,Colonização do Solo Espírito-santense,MUNICIPAL,conforme Lei Municipal nº 5.622 de 20/05/2015,ES,3205200
23/05/2016,Feriado Municipal,MUNICIPAL,,BA,2903409
23/05/2016,Feriado Municipal,MUNICIPAL,,CE,2309607
23/05/2016,Feriado Municipal,MUNICIPAL,,MT,5101258
23/05/2016,Feriado Municipal,MUNICIPAL,,RS,4312906
24/05/2016,Aniversário,MUNICIPAL,Aniversário da cidade,MG,3148004
24/05/2016,Feriado Municipal,MUNICIPAL,,AL,2705101
24/05/2016,Feriado Municipal,MUNICIPAL,,BA,2910727
24/05/2016,Feriado Municipal,MUNICIPAL,,BA,2917607
24/05/2016,Feriado Municipal,MUNICIPAL,,ES,3203353
24/05/2016,Feriado Municipal,MUNICIPAL,,GO,5210208
24/05/2016,Feriado Municipal,MUNICIPAL,,GO,5212303
24/05/2016,Feriado Municipal,MUNICIPAL,,GO,5220454
24/05/2016,Feriado Municipal,MUNICIPAL,,MG,3110608
24/05/2016,Feriado Municipal,MUNICIPAL,,MG,3119500
24/05/2016,Feriado Municipal,MUNICIPAL,,MG,3120201
24/05/2016,Feriado Municipal,MUNICIPAL,,MG,3146701
24/05/2016,Feriado Municipal,MUNICIPAL,,MG,3159605
24/05/2016,Feriado Municipal,MUNICIPAL,,MS,5000609
24/05/2016,Feriado Municipal,MUNICIPAL,,MS,5007406
24/05/2016,Feriado Municipal,MUNICIPAL,,MT,5100300
24/05/2016,Feriado Municipal,MUNICIPAL,,MT,5102702
24/05/2016,Feriado Municipal,MUNICIPAL,,PA,1506609
24/05/2016,Feriado Municipal,MUNICIPAL,,PB,2506905
24/05/2016,Feriado Municipal,MUNICIPAL,,PE,2600500
24/05/2016,Feriado Municipal,MUNICIPAL,,PE,2605202
24/05/2016,Feriado Municipal,MUNICIPAL,,PE,2608750
24/05/2016,Feriado Municipal,MUNICIPAL,,PE,2614105
24/05/2016,Feriado Municipal,MUNICIPAL,,PI,2206209
24/05/2016,Feriado Municipal,MUNICIPAL,,PR,4105904
24/05/2016,Feriado Municipal,MUNICIPAL,,RO,1100403
24/05/2016,Feriado Municipal,MUNICIPAL,,RS,4301602
24/05/2016,Feriado Municipal,MUNICIPAL,,RS,4309571
24/05/2016,Feriado Municipal,MUNICIPAL,,RS,4310504
24/05/2016,Feriado Municipal,MUNICIPAL,,RS,4315156
24/05/2016,Feriado Municipal,MUNICIPAL,,SP,3509957
24/05/2016,Feriado Municipal,MUNICIPAL,,SP,3556305
24/05/2016,N. Sra. Auxiliadora,MUNICIPAL,Dia de Nossa Senhora Auxiliadora,ES,3202900
24/05/2016,N. Sra. Auxiliadora,MUNICIPAL,"Nossa Senhora Auxiliadora, padroeira do município",RO,1100304
24/05/2016,Nossa Senhora Auxiliadora,MUNICIPAL,conforme Lei Municipal nº 701 de 30/08/1956,GO,5208707
24/05/2016,Nossa Senhora Auxiliadora,MUNICIPAL,"Consagrado à Nossa Senhora Auxiliadora, Padroeira do município, segundo a Lei nº 190, de 14 de outubro de 1980",RO,1100205
25/05/2016,Divino Esp. Santo,MUNICIPAL,"Divino Espírito Santo, padroeiro da cidade",SP,3519055
25/05/2016,Feriado Municipal,MUNICIPAL,,BA,2906303
25/05/2016,Feriado Municipal,MUNICIPAL,,MS,5008404
25/05/2016,Feriado Municipal,MUNICIPAL,,PB,2509107
25/05/2016,Feriado Municipal,MUNICIPAL,,RS,4300208
25/05/2016,Feriado Municipal,MUNICIPAL,"Feriado Municipal, conforme Lei nº 2279, de 15/05/2013",SC,4200101
26/05/2016,Corpus Christi,MUNICIPAL,conforme Lei 851 de 23/10/1978,BA,2910800
26/05/2016,Corpus Christi,MUNICIPAL,conforme Lei 851 de 23/10/1978,BA,2910800
26/05/2016,Corpus Christi,MUNICIPAL,,BA,2925006
26/05/2016,Corpus Christi,MUNICIPAL,conforme Lei Municipal nº 1997 de 21 de junho de 1967,BA,2927408
26/05/2016,Corpus Christi,MUNICIPAL,Corpus Christi,BA,2929206
26/05/2016,Corpus Christi,MUNICIPAL,conforme a Lei nº 8796 de 09 de dezembro de 2003,CE,2304400
26/05/2016,Corpus Christi,MUNICIPAL,conforme a Lei nº 8796 de 09 de dezembro de 2003,CE,2304400
26/05/2016,Corpus Christi,MUNICIPAL,conforme Lei Municipal nº 317 de 10/07/1967,ES,3201308
26/05/2016,Corpus Christi,MUNICIPAL,conforme Lei Municipal nº 317 de 10/07/1967,ES,3201308
26/05/2016,Corpus Christi,MUNICIPAL,Corpus Christi,ES,3204906
26/05/2016,Corpus Christi,MUNICIPAL,Corpus Christi,ES,3204906
26/05/2016,Corpus Christi,MUNICIPAL,conforme Lei Municipal nº 5.622 de 20/05/2015,ES,3205200
26/05/2016,Corpus Christi,MUNICIPAL,conforme Lei Municipal nº 5.622 de 20/05/2015,ES,3205200
26/05/2016,Corpus Christi,MUNICIPAL,conforme Lei Municipal nº 1.732 de 31/03/1967,ES,3205309
26/05/2016,Corpus Christi,MUNICIPAL,Corpus Christi,GO,5219100
26/05/2016,Corpus Christi,MUNICIPAL,"Corpus Christi, conforme decreto 1723/1996",MG,3101508
26/05/2016,Corpus Christi,MUNICIPAL,Feriado municipal instituído pela Lei Municipal nº 6.725/2014,MG,3104007
26/05/2016,Corpus Christi,MUNICIPAL,"conforme Lei nº 1327, de 08 de fevereiro de 1967",MG,3106200
26/05/2016,Corpus Christi,MUNICIPAL,conforme Lei Municipal nº 4.731 de 22/12/2008,MG,3106705
26/05/2016,Corpus Christi,MUNICIPAL,"feriado municipal religioso instituído pela Lei Municipal 713, de 30 de dezembro de 1.976",MG,3107406
26/05/2016,Corpus Christi,MUNICIPAL,,MG,3113404
26/05/2016,Corpus Christi,MUNICIPAL,Corpus Christi,MG,3113701
26/05/2016,Corpus Christi,MUNICIPAL,Dia de Corpus Christi,MG,3114501
26/05/2016,Corpus Christi,MUNICIPAL,Corpus Christi,MG,3115359
26/05/2016,Corpus Christi,MUNICIPAL,Dia de Corpus Christi,MG,3117876
26/05/2016,Corpus Christi,MUNICIPAL,conforme Lei Municipal nº 3.484 de 11/10/2001,MG,3118601
26/05/2016,Corpus Christi,MUNICIPAL,Corpus Christi,MG,3128709
26/05/2016,Corpus Christi,MUNICIPAL,conforme Lei Municipal nº 431 de 11/04/1973,MG,3131307
26/05/2016,Corpus Christi,MUNICIPAL,,MG,3131703
26/05/2016,Corpus Christi,MUNICIPAL,Corpus Christi,MG,3137601
26/05/2016,Corpus Christi,MUNICIPAL,Corpus Christi,MG,3140001
26/05/2016,Corpus Christi,MUNICIPAL,,MG,3148004
26/05/2016,Corpus Christi,MUNICIPAL,Feriado municipal de acordo com a Lei Ordinária 5070/2011,MG,3152501
26/05/2016,Corpus Christi,MUNICIPAL,Corpus Christi,MG,3157203
26/05/2016,Corpus Christi,MUNICIPAL,Dia de Corpus Christi,MG,3160702
26/05/2016,Corpus Christi,MUNICIPAL,Corpus Christi,MG,3162104
26/05/2016,Corpus Christi,MUNICIPAL,,MG,3162500
26/05/2016,Corpus Christi,MUNICIPAL,Dia de Corpus Christi,MG,3164704
26/05/2016,Corpus Christi,MUNICIPAL,Dia de Corpus Christi,MG,3164704
26/05/2016,Corpus Christi,MUNICIPAL,"Dia de Corpus Christi, conforme lei 676 de 19 de fevereiro de 2001",MG,3168101
26/05/2016,Corpus Christi,MUNICIPAL,"Dia de Corpus Christi, conforme lei 676 de 19 de fevereiro de 2001",MG,3168101
26/05/2016,Corpus Christi,MUNICIPAL,conforme Lei Municipal nº 2.115 de 11/07/1973,MG,3170206
26/05/2016,Corpus Christi,MUNICIPAL,Corpus Christi,MG,3170404
26/05/2016,Corpus Christi,MUNICIPAL,Corpus Christi,MG,3170404
26/05/2016,Corpus Christi,MUNICIPAL,Lei Municipal nº 501/1968,MG,3170701
26/05/2016,Corpus Christi,MUNICIPAL,Lei Municipal nº 501/1968,MG,3170701
26/05/2016,Corpus Christi,MUNICIPAL,conforme Lei Municipal nº 3.901 de 29/10/2001 e Lei Municipal nº 95 de 27/10/1949,MS,5002704
26/05/2016,Corpus Christi,MUNICIPAL,conforme Lei Municipal nº 3.901 de 29/10/2001 e Lei Municipal nº 95 de 27/10/1949,MS,5002704
26/05/2016,Corpus Christi,MUNICIPAL,conforme Lei Municipal nº 1.077 de 02 de abril de 1968,MT,5103403
26/05/2016,Corpus Christi,MUNICIPAL,"Corpus Christi, conforme lei municipal 2.094/2010",MT,5105101
26/05/2016,Corpus Christi,MUNICIPAL,"Corpus Christi, conforme lei municipal 2.094/2010",MT,5105101
26/05/2016,Corpus Christi,MUNICIPAL,Dia de Corpus Christi,MT,5107602
26/05/2016,Corpus Christi,MUNICIPAL,Feriado de Corpus Crhisti segundo decreto n° 44/2017,MT,5108402
26/05/2016,Corpus Christi,MUNICIPAL,,PE,2606002
26/05/2016,Corpus Christi,MUNICIPAL,Corpus Christi,PR,4104303
26/05/2016,Corpus Christi,MUNICIPAL,conforme Lei Municipal nº 3.018 de 02/05/1967,PR,4106902
26/05/2016,Corpus Christi,MUNICIPAL,"conforme Lei Municipal nº 1.411, de 16 de julho de 1988",PR,4108304
26/05/2016,Corpus Christi,MUNICIPAL,"conforme Lei Municipal nº 1.411, de 16 de julho de 1988",PR,4108304
26/05/2016,Corpus Christi,MUNICIPAL,conforme Lei Municipal nº 3.016 de 18/06/1980,PR,4113700
26/05/2016,Corpus Christi,MUNICIPAL,conforme Lei Municipal nº 512 de 22 de março de 1967,PR,4115200
26/05/2016,Corpus Christi,MUNICIPAL,conforme Lei Municipal nº 512 de 22 de março de 1967,PR,4115200
26/05/2016,Corpus Christi,MUNICIPAL,Corpus Christi,PR,4116059
26/05/2016,Corpus Christi,MUNICIPAL,Corpus Christi,PR,4116059
26/05/2016,Corpus Christi,MUNICIPAL,De acordo com a Lei nº 2589/2005,PR,4118204
26/05/2016,Corpus Christi,MUNICIPAL,De acordo com a Lei nº 2589/2005,PR,4118204
26/05/2016,Corpus Christi,MUNICIPAL,"Corpus Christi, conforme da Lei Municipal nº 06/1984",PR,4120804
26/05/2016,Corpus Christi,MUNICIPAL,"Corpus Christi, conforme da Lei Municipal nº 06/1984",PR,4120804
26/05/2016,Corpus Christi,MUNICIPAL,Feriado de Corpus Christi,PR,4127106
26/05/2016,Corpus Christi,MUNICIPAL,Feriado de Corpus Christi,PR,4127106
26/05/2016,Corpus Christi,MUNICIPAL,Lei nº 3.429 de 11 de agosto de 2003,RJ,3300407
26/05/2016,Corpus Christi,MUNICIPAL,"Data religiosa móvel, conforme Lei Municipal nº 8.441 de 15/05/2013",RJ,3301009
26/05/2016,Corpus Christi,MUNICIPAL,Corpus Christi,RJ,3302254
26/05/2016,Corpus Christi,MUNICIPAL,Corpus Christi,RJ,3302254
26/05/2016,Corpus Christi,MUNICIPAL,"Feriado religioso móvel, conforme Lei Municipal nº 190 de 14/10/1980",RO,1100205
26/05/2016,Corpus Christi,MUNICIPAL,"Feriado religioso móvel, conforme Lei Municipal nº 190 de 14/10/1980",RO,1100205
26/05/2016,Corpus Christi,MUNICIPAL,Corpus Christi,RS,4308003
26/05/2016,Corpus Christi,MUNICIPAL,"Corpus Christi, conforme lei nº 1460, de 21 de março de 2014",RS,4308078
26/05/2016,Corpus Christi,MUNICIPAL,"Decreto nº 5375, de 17 de fevereiro de 2014",RS,4310207
26/05/2016,Corpus Christi,MUNICIPAL,,SC,4202008
26/05/2016,Corpus Christi,MUNICIPAL,conforme Lei Municipal nº 844 de 10/05/1967,SC,4209102
26/05/2016,Corpus Christi,MUNICIPAL,conforme Lei Municipal nº 844 de 10/05/1967,SC,4209102
26/05/2016,Corpus Christi,MUNICIPAL,Corpus Christi,SC,4211306
26/05/2016,Corpus Christi,MUNICIPAL,Corpus Christi,SC,4211504
26/05/2016,Corpus Christi,MUNICIPAL,"Corpus Christi, segundo lei 008/1973",SC,4211900
26/05/2016,Corpus Christi,MUNICIPAL,"Corpus Christi, segundo lei 008/1973",SC,4211900
26/05/2016,Corpus Christi,MUNICIPAL,Corpus Christi,SC,4213104
26/05/2016,Corpus Christi,MUNICIPAL,Corpus Christi,SC,4213104
26/05/2016,Corpus Christi,MUNICIPAL,Corpus Christi,SC,4215109
26/05/2016,Corpus Christi,MUNICIPAL,Corpus Christi,SC,4215109
26/05/2016,Corpus Christi,MUNICIPAL,Corpus Christi,SC,4216008
26/05/2016,Corpus Christi,MUNICIPAL,Corpus Christi,SC,4216008
26/05/2016,Corpus Christi,MUNICIPAL,"Corpus Christi, conforme Lei nº 3780/2010",SC,4216701
26/05/2016,Corpus Christi,MUNICIPAL,"Corpus Christi, conforme Lei nº 3780/2010",SC,4216701
26/05/2016,Corpus Christi,MUNICIPAL,Corpus Christi,SC,4217808
26/05/2016,Corpus Christi,MUNICIPAL,Corpus Christi,SC,4217808
26/05/2016,Corpus Christi,MUNICIPAL,"Corpus Christi, conforme lei 1738 de 30 de agosto de 2012",SC,4218608
26/05/2016,Corpus Christi,MUNICIPAL,"Corpus Christi, conforme lei 1738 de 30 de agosto de 2012",SC,4218608
26/05/2016,Corpus Christi,MUNICIPAL,Corpus Christi,SC,4218707
26/05/2016,Corpus Christi,MUNICIPAL,Corpus Christi,SC,4218707
26/05/2016,Corpus Christi,MUNICIPAL,"Corpus Christi, conforme lei nº 22/93",SC,4219176
26/05/2016,Corpus Christi,MUNICIPAL,"Corpus Christi, conforme lei nº 22/93",SC,4219176
26/05/2016,Corpus Christi,MUNICIPAL,Corpus Christi,SC,4219309
26/05/2016,Corpus Christi,MUNICIPAL,Dia de Corpus Christi,SP,3501608
26/05/2016,Corpus Christi,MUNICIPAL,"Corpus Christi conforme Lei 978/67, de 03 de Maio de 1967",SP,3504107
26/05/2016,Corpus Christi,MUNICIPAL,"conforme Lei Municipal nº 950, de 30 de setembro de 1969",SP,3508702
26/05/2016,Corpus Christi,MUNICIPAL,"conforme Lei Municipal no 173, de 28 de junho de 1949",SP,3509502
26/05/2016,Corpus Christi,MUNICIPAL,Corpus Christi,SP,3512001
26/05/2016,Corpus Christi,MUNICIPAL,Corpus Christi,SP,3512001
26/05/2016,Corpus Christi,MUNICIPAL,Corpus Christi,SP,3518701
26/05/2016,Corpus Christi,MUNICIPAL,Corpus Christi,SP,3519055
26/05/2016,Corpus Christi,MUNICIPAL,Corpus Christi,SP,3519055
26/05/2016,Corpus Christi,MUNICIPAL,Corpus Christi,SP,3520400
26/05/2016,Corpus Christi,MUNICIPAL,Corpus Christi,SP,3520400
26/05/2016,Corpus Christi,MUNICIPAL,Corpus Christi,SP,3520426
26/05/2016,Corpus Christi,MUNICIPAL,Corpus Christi,SP,3520426
26/05/2016,Corpus Christi,MUNICIPAL,Corpus Christi,SP,3523107
26/05/2016,Corpus Christi,MUNICIPAL,Corpus Christi,SP,3523107
26/05/2016,Corpus Christi,MUNICIPAL,Corpus Christi,SP,3523503
26/05/2016,Corpus Christi,MUNICIPAL,Corpus Christi. Lei nº 262/80,SP,3524006
26/05/2016,Corpus Christi,MUNICIPAL,conforme Lei Municipal nº 2.102 de 31/12/1975,SP,3525904
26/05/2016,Corpus Christi,MUNICIPAL,Corpus Christi,SP,3527306
26/05/2016,Corpus Christi,MUNICIPAL,,SP,3529401
26/05/2016,Corpus Christi,MUNICIPAL,,SP,3530201
26/05/2016,Corpus Christi,MUNICIPAL,,SP,3530201
26/05/2016,Corpus Christi,MUNICIPAL,Corpus Christi,SP,3531803
26/05/2016,Corpus Christi,MUNICIPAL,,SP,3538006
26/05/2016,Corpus Christi,MUNICIPAL,,SP,3538006
26/05/2016,Corpus Christi,MUNICIPAL,conforme Lei Municipal nº 11.919 de 10/03/2009,SP,3543402
26/05/2016,Corpus Christi,MUNICIPAL,Corpus Christi,SP,3547601
26/05/2016,Corpus Christi,MUNICIPAL,"conforme Decreto 16.465, DE 18 de dezembro de 2013",SP,3547809
26/05/2016,Corpus Christi,MUNICIPAL,conforme Decreto 18.735 de 19 de dezembro de 2013,SP,3548708
26/05/2016,Corpus Christi,MUNICIPAL,"Corpus Christi, conforme Lei Municipal nº 1.227 de 31/01/1967",SP,3549805
26/05/2016,Corpus Christi,MUNICIPAL,conforme Lei Municipal nº 1.324 de 23/02/1967,SP,3549904
26/05/2016,Corpus Christi,MUNICIPAL,conforme Lei Municipal nº 14.485 de 19 de julho de 2007,SP,3550308
26/05/2016,Corpus Christi,MUNICIPAL,"Corpus Christi, conforme Lei Municipal 1.332/67",SP,3551009
26/05/2016,Corpus Christi,MUNICIPAL,conforme Decreto Municipal nº 8652 de 06 de janeiro de 2015,SP,3552502
26/05/2016,Corpus Christi,MUNICIPAL,conforme Decreto Municipal nº 8652 de 06 de janeiro de 2015,SP,3552502
26/05/2016,Corpus Christi,MUNICIPAL,Feriado religioso municipal conforme Lei Municipal nº 495 de 22/03/1974.,SP,3552809
26/05/2016,Corpus Christi,MUNICIPAL,Feriado religioso municipal conforme Lei Municipal nº 495 de 22/03/1974.,SP,3552809
26/05/2016,Corpus Christi,MUNICIPAL,Corpus Christi,SP,3554102
26/05/2016,Corpus Christi,MUNICIPAL,"Feriado conforme lei nº 1242, de 26 de junho de 2014",SP,3554409
26/05/2016,Corpus-Christi,MUNICIPAL,Dia de Corpus-Christi,SC,4203204
26/05/2016,Cospus Christi,MUNICIPAL,"Feriado Municipal, segundo lei Lei nº 1917/2004",SP,3515103
26/05/2016,Feriado Municipal,MUNICIPAL,,BA,2901106
26/05/2016,Feriado Municipal,MUNICIPAL,,BA,2903201
26/05/2016,Feriado Municipal,MUNICIPAL,,MS,5005251
26/05/2016,Feriado Municipal,MUNICIPAL,,PB,2504306
26/05/2016,Feriado Municipal,MUNICIPAL,,PE,2602605
26/05/2016,Feriado Municipal,MUNICIPAL,,PR,4123501
26/05/2016,Feriado Municipal,MUNICIPAL,,RJ,3302700
26/05/2016,Feriado Municipal,MUNICIPAL,,RS,4300802
26/05/2016,Feriado Municipal,MUNICIPAL,,RS,4304408
26/05/2016,Feriado Municipal,MUNICIPAL,,RS,4307906
26/05/2016,Feriado Municipal,MUNICIPAL,,RS,4308201
26/05/2016,Feriado Municipal,MUNICIPAL,,RS,4310439
26/05/2016,Feriado Municipal,MUNICIPAL,,RS,4312385
26/05/2016,Feriado Municipal,MUNICIPAL,,RS,4313359
26/05/2016,Feriado Municipal,MUNICIPAL,,SC,4200309
26/05/2016,Feriado Municipal,MUNICIPAL,,SC,4206405
26/05/2016,Feriado Municipal,MUNICIPAL,,SC,4219002
26/05/2016,Feriado Municipal,MUNICIPAL,,SP,3554201
26/05/2016,Feriado Municipal,MUNICIPAL,,TO,1720978
26/05/2016,Nossa Senhora de Caravaggio,MUNICIPAL,conforme Lei Municipal nº 6.046 de 26/05/2003,RS,4305108
26/05/2016,Nossa Senhora do Caravaggio,MUNICIPAL,conforme Lei Municipal nº 1.017 de 14/05/2007,PR,4105805
26/05/2016,Nossa Sra de Caravággio,MUNICIPAL,"Nossa Senhora de Caravággio, padroeira da cidade, segundo Lei nº 308, 16 de Dezembro de 1997.",RS,4313086
26/05/2016,Nossa Sra. do Caravaggio,MUNICIPAL,"Nossa Sra. do Caravaggio, Padroeira de Matelândia",PR,4115606
27/05/2016,Feriado Municipal,MUNICIPAL,,BA,2908101
27/05/2016,Feriado Municipal,MUNICIPAL,,BA,2914505
27/05/2016,Feriado Municipal,MUNICIPAL,,MG,3145356
27/05/2016,Feriado Municipal,MUNICIPAL,,PE,2614600
27/05/2016,Feriado Municipal,MUNICIPAL,,PI,2202703
27/05/2016,Feriado Municipal,MUNICIPAL,,PR,4106555
27/05/2016,Feriado Municipal,MUNICIPAL,,RR,1400209
28/05/2016,Dia do município,MUNICIPAL,De acordo com a Lei nº 371/1986,ES,3201100
28/05/2016,Feriado Municipal,MUNICIPAL,,BA,2930105
28/05/2016,Feriado Municipal,MUNICIPAL,,GO,5205901
28/05/2016,Feriado Municipal,MUNICIPAL,,MG,3160900
28/05/2016,Feriado Municipal,MUNICIPAL,,RN,2400505
28/05/2016,Feriado Municipal,MUNICIPAL,,RS,4311700
28/05/2016,Feriado Municipal,MUNICIPAL,,RS,4322905
29/05/2016,Aniversário do município,MUNICIPAL,Emancipação Político – Administrativa,RS,4309902
29/05/2016,Feriado Municipal,MUNICIPAL,,BA,2928703
29/05/2016,Feriado Municipal,MUNICIPAL,,BA,2929107
29/05/2016,Feriado Municipal,MUNICIPAL,,MG,3145356
29/05/2016,Feriado Municipal,MUNICIPAL,,PA,1505403
29/05/2016,Feriado Municipal,MUNICIPAL,,PB,2517001
29/05/2016,Feriado Municipal,MUNICIPAL,,RS,4306304
29/05/2016,Feriado Municipal,MUNICIPAL,,SP,3510302
29/05/2016,Feriado Municipal,MUNICIPAL,,SP,3532306
29/05/2016,Feriado Municipal,MUNICIPAL,,SP,3550506
30/05/2016,Feriado Municipal,MUNICIPAL,,AC,1200336
30/05/2016,Feriado Municipal,MUNICIPAL,,MG,3130705
30/05/2016,Feriado Municipal,MUNICIPAL,,MG,3155702
30/05/2016,Feriado Municipal,MUNICIPAL,,MG,3172103
30/05/2016,Feriado Municipal,MUNICIPAL,,PA,1502707
30/05/2016,Feriado Municipal,MUNICIPAL,,RS,4301800
30/05/2016,Feriado Municipal,MUNICIPAL,,RS,4317806
30/05/2016,Feriado Municipal,MUNICIPAL,,SP,3549409
30/05/2016,Feriado Municipal,MUNICIPAL,,SP,3556305
31/05/2016,Feriado Municipal,MUNICIPAL,,AC,1200054
31/05/2016,Feriado Municipal,MUNICIPAL,,AC,1200450
31/05/2016,Feriado Municipal,MUNICIPAL,,AL,2701506
31/05/2016,Feriado Municipal,MUNICIPAL,,AL,2704203
31/05/2016,Feriado Municipal,MUNICIPAL,,AL,2706802
31/05/2016,Feriado Municipal,MUNICIPAL,,AL,2708808
31/05/2016,Feriado Municipal,MUNICIPAL,,AM,1301308
31/05/2016,Feriado Municipal,MUNICIPAL,,AM,1303908
31/05/2016,Feriado Municipal,MUNICIPAL,,BA,2901106
31/05/2016,Feriado Municipal,MUNICIPAL,,BA,2901353
31/05/2016,Feriado Municipal,MUNICIPAL,,BA,2909000
31/05/2016,Feriado Municipal,MUNICIPAL,,BA,2910008
31/05/2016,Feriado Municipal,MUNICIPAL,,BA,2910404
31/05/2016,Feriado Municipal,MUNICIPAL,,BA,2914604
31/05/2016,Feriado Municipal,MUNICIPAL,,BA,2918902
31/05/2016,Feriado Municipal,MUNICIPAL,,BA,2926400
31/05/2016,Feriado Municipal,MUNICIPAL,,ES,3202702
31/05/2016,Feriado Municipal,MUNICIPAL,,ES,3203007
31/05/2016,Feriado Municipal,MUNICIPAL,,ES,3203106
31/05/2016,Feriado Municipal,MUNICIPAL,,GO,5204607
31/05/2016,Feriado Municipal,MUNICIPAL,,GO,5211909
31/05/2016,Feriado Municipal,MUNICIPAL,,GO,5218607
31/05/2016,Feriado Municipal,MUNICIPAL,,MA,2104404
31/05/2016,Feriado Municipal,MUNICIPAL,,MA,2109601
31/05/2016,Feriado Municipal,MUNICIPAL,,MG,3106507
31/05/2016,Feriado Municipal,MUNICIPAL,,MG,3124807
31/05/2016,Feriado Municipal,MUNICIPAL,,MG,3131406
31/05/2016,Feriado Municipal,MUNICIPAL,,MG,3156908
31/05/2016,Feriado Municipal,MUNICIPAL,,MG,3159803
31/05/2016,Feriado Municipal,MUNICIPAL,,MG,3171808
31/05/2016,Feriado Municipal,MUNICIPAL,,MS,5006200
31/05/2016,Feriado Municipal,MUNICIPAL,,PB,2509008
31/05/2016,Feriado Municipal,MUNICIPAL,,PB,2512101
31/05/2016,Feriado Municipal,MUNICIPAL,,PE,2600203
31/05/2016,Feriado Municipal,MUNICIPAL,,PR,4103602
31/05/2016,Feriado Municipal,MUNICIPAL,,PR,4104501
31/05/2016,Feriado Municipal,MUNICIPAL,,PR,4109807
31/05/2016,Feriado Municipal,MUNICIPAL,,PR,4116406
31/05/2016,Feriado Municipal,MUNICIPAL,,PR,4116950
31/05/2016,Feriado Municipal,MUNICIPAL,,PR,4120408
31/05/2016,Feriado Municipal,MUNICIPAL,,PR,4123402
31/05/2016,Feriado Municipal,MUNICIPAL,,RS,4303806
31/05/2016,Feriado Municipal,MUNICIPAL,,RS,4312708
31/05/2016,Feriado Municipal,MUNICIPAL,,SP,3536109
31/05/2016,Nossa Senhora Medianeira,MUNICIPAL,"Data consagrada a Nossa Senhora Medianeira, Padroeira do Município",RS,4301925
01/06/2016,Aniversário da Cidade,MUNICIPAL,Comemorações do Aniversário do Municipio,MG,3128709
01/06/2016,Aniversário da Cidade,MUNICIPAL,Aniversário da Cidade de Itatiaia,RJ,3302254
01/06/2016,Aniversário da Cidade,MUNICIPAL,"Dia de São Justino Mártir, aniversário do Município,",RS,4311601
01/06/2016,Aniversário da Cidade,MUNICIPAL,Aniversário do Município,SC,4205159
01/06/2016,Dia do município,MUNICIPAL,Aniversário da Cidade de Presidente Getúlio,SC,4214003
01/06/2016,Emancipação do Município,MUNICIPAL,"feriado cívico instituído pela Lei Municipal 713, de 30 de dezembro de 1.976",MG,3107406
01/06/2016,Feriado Municipal,MUNICIPAL,,AL,2701506
01/06/2016,Feriado Municipal,MUNICIPAL,,AL,2704401
01/06/2016,Feriado Municipal,MUNICIPAL,,AM,1300805
01/06/2016,Feriado Municipal,MUNICIPAL,,BA,2908903
01/06/2016,Feriado Municipal,MUNICIPAL,,BA,2922904
01/06/2016,Feriado Municipal,MUNICIPAL,,BA,2929800
01/06/2016,Feriado Municipal,MUNICIPAL,,CE,2300705
01/06/2016,Feriado Municipal,MUNICIPAL,,GO,5209150
01/06/2016,Feriado Municipal,MUNICIPAL,,GO,5212956
01/06/2016,Feriado Municipal,MUNICIPAL,,GO,5215256
01/06/2016,Feriado Municipal,MUNICIPAL,,GO,5219258
01/06/2016,Feriado Municipal,MUNICIPAL,,GO,5220454
01/06/2016,Feriado Municipal,MUNICIPAL,,GO,5221551
01/06/2016,Feriado Municipal,MUNICIPAL,,MG,3109709
01/06/2016,Feriado Municipal,MUNICIPAL,,MG,3118809
01/06/2016,Feriado Municipal,MUNICIPAL,,MG,3122306
01/06/2016,Feriado Municipal,MUNICIPAL,,MG,3139904
01/06/2016,Feriado Municipal,MUNICIPAL,,MG,3141603
01/06/2016,Feriado Municipal,MUNICIPAL,,MG,3147402
01/06/2016,Feriado Municipal,MUNICIPAL,,MG,3148707
01/06/2016,Feriado Municipal,MUNICIPAL,,MG,3149606
01/06/2016,Feriado Municipal,MUNICIPAL,,MG,3149903
01/06/2016,Feriado Municipal,MUNICIPAL,,MG,3151206
01/06/2016,Feriado Municipal,MUNICIPAL,,MG,3154903
01/06/2016,Feriado Municipal,MUNICIPAL,,MG,3169604
01/06/2016,Feriado Municipal,MUNICIPAL,,MT,5101902
01/06/2016,Feriado Municipal,MUNICIPAL,,PA,1501204
01/06/2016,Feriado Municipal,MUNICIPAL,,RS,4303202
01/06/2016,Feriado Municipal,MUNICIPAL,,RS,4310900
01/06/2016,Feriado Municipal,MUNICIPAL,,RS,4311718
01/06/2016,Feriado Municipal,MUNICIPAL,,SC,4201257
01/06/2016,Feriado Municipal,MUNICIPAL,,SC,4207650
01/06/2016,Feriado Municipal,MUNICIPAL,,SC,4218954
01/06/2016,Feriado Municipal,MUNICIPAL,,SE,2801306
01/06/2016,Feriado Municipal,MUNICIPAL,,TO,1705557
01/06/2016,Feriado Municipal,MUNICIPAL,,TO,1707108
01/06/2016,Feriado Municipal,MUNICIPAL,,TO,1714203
02/06/2016,Feriado Municipal,MUNICIPAL,,GO,5215256
02/06/2016,Feriado Municipal,MUNICIPAL,,MA,2105203
02/06/2016,Feriado Municipal,MUNICIPAL,,MG,3154200
02/06/2016,Feriado Municipal,MUNICIPAL,,MT,5104104
02/06/2016,Feriado Municipal,MUNICIPAL,,PR,4127809
02/06/2016,Feriado Municipal,MUNICIPAL,,SC,4202206
03/06/2016,Coração de Jesus,MUNICIPAL,"Sagrado Coração de Jesus, padroeira da cidade",PB,2505808
03/06/2016,Feriado Municipal,MUNICIPAL,,AL,2707107
03/06/2016,Feriado Municipal,MUNICIPAL,,BA,2929800
03/06/2016,Feriado Municipal,MUNICIPAL,,MA,2102903
03/06/2016,Feriado Municipal,MUNICIPAL,,MS,5007935
03/06/2016,Feriado Municipal,MUNICIPAL,,PB,2511509
03/06/2016,Feriado Municipal,MUNICIPAL,,RS,4304002
03/06/2016,Feriado Municipal,MUNICIPAL,,RS,4305306
03/06/2016,Feriado Municipal,MUNICIPAL,,RS,4318903
03/06/2016,Sagrado Coração de Jesus,MUNICIPAL,"Dia do Sagrado Coração de Jesus, conforme lei 009 de 1961",PR,4106803
03/06/2016,Sagrado Coração de Jesus,MUNICIPAL,Sagrado Coração de Jesus – Padroeiro da Cidade,PR,4113700
03/06/2016,Sagrado Coração de Jesus,MUNICIPAL,"Dia do Sagrado Coração de Jesus, conforme lei Nº 10, de 13 de fevereiro de 1989",RS,4323507
04/06/2016,Feriado Municipal,MUNICIPAL,,MG,3120201
04/06/2016,Feriado Municipal,MUNICIPAL,,PA,1505106
04/06/2016,Feriado Municipal,MUNICIPAL,,PB,2503100
04/06/2016,Feriado Municipal,MUNICIPAL,,RS,4320206
04/06/2016,Feriado Municipal,MUNICIPAL,,SP,3540507
05/06/2016,Feriado Municipal,MUNICIPAL,,BA,2906709
05/06/2016,Feriado Municipal,MUNICIPAL,,GO,5203302
05/06/2016,Feriado Municipal,MUNICIPAL,,SC,4215901
06/06/2016,Feriado Municipal,MUNICIPAL,,MA,2100055
06/06/2016,Feriado Municipal,MUNICIPAL,,MG,3126109
06/06/2016,Feriado Municipal,MUNICIPAL,,MG,3137403
06/06/2016,Feriado Municipal,MUNICIPAL,,PR,4126504
06/06/2016,Feriado Municipal,MUNICIPAL,,SC,4200309
06/06/2016,Feriado Municipal,MUNICIPAL,,SC,4201901
06/06/2016,Feriado Municipal,MUNICIPAL,,SC,4203105
06/06/2016,Feriado Municipal,MUNICIPAL,,SP,3512605
06/06/2016,Feriado Municipal,MUNICIPAL,,SP,3534609
07/06/2016,Aniversário de Emancipação,MUNICIPAL,Aniversário de Emancipação Política do Município de Santa Maria da Boa Vista.,PE,2612604
07/06/2016,Feriado Municipal,MUNICIPAL,,GO,5201306
07/06/2016,Feriado Municipal,MUNICIPAL,,MG,3167400
07/06/2016,Feriado Municipal,MUNICIPAL,,RS,4307203
07/06/2016,Feriado Municipal,MUNICIPAL,,SE,2801108
07/06/2016,Feriado Municipal,MUNICIPAL,,SE,2807402
08/06/2016,Feriado Municipal,MUNICIPAL,,AL,2701407
08/06/2016,Feriado Municipal,MUNICIPAL,,BA,2929404
08/06/2016,Feriado Municipal,MUNICIPAL,,CE,2313104
08/06/2016,Feriado Municipal,MUNICIPAL,,PR,4120200
08/06/2016,Feriado Municipal,MUNICIPAL,,RJ,3301876
08/06/2016,Feriado Municipal,MUNICIPAL,,RJ,3304607
08/06/2016,Feriado Municipal,MUNICIPAL,,RS,4306767
08/06/2016,Feriado Municipal,MUNICIPAL,,SP,3503901
08/06/2016,Feriado Municipal,MUNICIPAL,,SP,3528858
09/06/2016,Emancipação do Município,MUNICIPAL,Aniversário de Emancipação do Município,SC,4202701
09/06/2016,Feriado Municipal,MUNICIPAL,,AM,1300508
09/06/2016,Feriado Municipal,MUNICIPAL,,BA,2907806
09/06/2016,Feriado Municipal,MUNICIPAL,,ES,3200409
09/06/2016,Feriado Municipal,MUNICIPAL,,MG,3151404
09/06/2016,Feriado Municipal,MUNICIPAL,,PE,2610004
09/06/2016,Feriado Municipal,MUNICIPAL,,PI,2204303
09/06/2016,Feriado Municipal,MUNICIPAL,,PR,4121901
09/06/2016,Feriado Municipal,MUNICIPAL,,RJ,3302502
09/06/2016,Feriado Municipal,MUNICIPAL,,SP,3522109
09/06/2016,Feriado Municipal,MUNICIPAL,,TO,1702208
10/06/2016,Aniversário da Cidade,MUNICIPAL,Aniversário da Cidade de Guabiruba,SC,4206306
10/06/2016,Aniversário do Município,MUNICIPAL,"conforme Lei Municipal nº 1.411, de 16 de julho de 1988",PR,4108304
10/06/2016,Feriado Municipal,MUNICIPAL,,GO,5214051
10/06/2016,Feriado Municipal,MUNICIPAL,,GO,5214861
10/06/2016,Feriado Municipal,MUNICIPAL,,GO,5222054
10/06/2016,Feriado Municipal,MUNICIPAL,,PA,1500404
10/06/2016,Feriado Municipal,MUNICIPAL,,PB,2503209
10/06/2016,Feriado Municipal,MUNICIPAL,,PE,2603454
10/06/2016,Feriado Municipal,MUNICIPAL,,PR,4111407
10/06/2016,Feriado Municipal,MUNICIPAL,,RJ,3305703
10/06/2016,Feriado Municipal,MUNICIPAL,,SP,3532405
10/06/2016,Feriado Municipal,MUNICIPAL,,TO,1707652
10/06/2016,Feriado Municipal,MUNICIPAL,,TO,1715754
10/06/2016,Feriado Municipal,MUNICIPAL,,TO,1720655
10/06/2016,Feriado Municipal,MUNICIPAL,,TO,1720903
11/06/2016,Aniversário da Cidade,MUNICIPAL,Aniversário da Cidade,BA,2904605
11/06/2016,Aniversário da Cidade,MUNICIPAL,Aniversário de Maracaju,MS,5005400
11/06/2016,Feriado Municipal,MUNICIPAL,,CE,2308708
11/06/2016,Feriado Municipal,MUNICIPAL,,GO,5205000
11/06/2016,Feriado Municipal,MUNICIPAL,,PE,2611903
11/06/2016,Feriado Municipal,MUNICIPAL,,SC,4204806
11/06/2016,Feriado Municipal,MUNICIPAL,,SC,4210555
11/06/2016,Feriado Municipal,MUNICIPAL,,SE,2803302
12/06/2016,Feriado Municipal,MUNICIPAL,,ES,3201902
12/06/2016,Feriado Municipal,MUNICIPAL,,ES,3202801
12/06/2016,Feriado Municipal,MUNICIPAL,,MA,2101400
12/06/2016,Feriado Municipal,MUNICIPAL,,MA,2111102
12/06/2016,Feriado Municipal,MUNICIPAL,,MA,2111409
12/06/2016,Feriado Municipal,MUNICIPAL,,MG,3159902
12/06/2016,Feriado Municipal,MUNICIPAL,,PE,2602001
12/06/2016,Feriado Municipal,MUNICIPAL,,PE,2614204
12/06/2016,Feriado Municipal,MUNICIPAL,,PR,4109757
12/06/2016,Feriado Municipal,MUNICIPAL,,PR,4115705
12/06/2016,Feriado Municipal,MUNICIPAL,,PR,4117453
12/06/2016,Feriado Municipal,MUNICIPAL,,PR,4124020
12/06/2016,Feriado Municipal,MUNICIPAL,,RJ,3302056
12/06/2016,Feriado Municipal,MUNICIPAL,,RJ,3304151
12/06/2016,Feriado Municipal,MUNICIPAL,,SC,4209508
12/06/2016,Feriado Municipal,MUNICIPAL,,SC,4217006
12/06/2016,Feriado Municipal,MUNICIPAL,,SE,2807105
13/06/2016,Dia de Santo Antonio,MUNICIPAL,Padroeiro do município.,RS,4302105
13/06/2016,Dia de Santo Antônio,MUNICIPAL,,AL,2704401
13/06/2016,Dia de Santo Antônio,MUNICIPAL,,AL,2704500
13/06/2016,Dia de Santo Antônio,MUNICIPAL,,AL,2705705
13/06/2016,Dia de Santo Antônio,MUNICIPAL,,AM,1300805
13/06/2016,Dia de Santo Antônio,MUNICIPAL,,AM,1303700
13/06/2016,Dia de Santo Antônio,MUNICIPAL,,AP,1600279
13/06/2016,Dia de Santo Antônio,MUNICIPAL,,BA,2900207
13/06/2016,Dia de Santo Antônio,MUNICIPAL,,BA,2900702
13/06/2016,Dia de Santo Antônio,MUNICIPAL,,BA,2901353
13/06/2016,Dia de Santo Antônio,MUNICIPAL,,BA,2904050
13/06/2016,Dia de Santo Antônio,MUNICIPAL,,BA,2904050
13/06/2016,Dia de Santo Antônio,MUNICIPAL,,BA,2906006
13/06/2016,Dia de Santo Antônio,MUNICIPAL,,BA,2906006
13/06/2016,Dia de Santo Antônio,MUNICIPAL,,BA,2906824
13/06/2016,Dia de Santo Antônio,MUNICIPAL,,BA,2906824
13/06/2016,Dia de Santo Antônio,MUNICIPAL,,BA,2906857
13/06/2016,Dia de Santo Antônio,MUNICIPAL,,BA,2906857
13/06/2016,Dia de Santo Antônio,MUNICIPAL,,BA,2906907
13/06/2016,Dia de Santo Antônio,MUNICIPAL,,BA,2906907
13/06/2016,Dia de Santo Antônio,MUNICIPAL,,BA,2908705
13/06/2016,Dia de Santo Antônio,MUNICIPAL,,BA,2909208
13/06/2016,Dia de Santo Antônio,MUNICIPAL,,BA,2911709
13/06/2016,Dia de Santo Antônio,MUNICIPAL,,BA,2913804
13/06/2016,Dia de Santo Antônio,MUNICIPAL,,BA,2914307
13/06/2016,Dia de Santo Antônio,MUNICIPAL,,BA,2915403
13/06/2016,Dia de Santo Antônio,MUNICIPAL,,BA,2916807
13/06/2016,Dia de Santo Antônio,MUNICIPAL,,BA,2916906
13/06/2016,Dia de Santo Antônio,MUNICIPAL,,BA,2917102
13/06/2016,Dia de Santo Antônio,MUNICIPAL,,BA,2917508
13/06/2016,Dia de Santo Antônio,MUNICIPAL,,BA,2917904
13/06/2016,Dia de Santo Antônio,MUNICIPAL,,BA,2918001
13/06/2016,Dia de Santo Antônio,MUNICIPAL,,BA,2918753
13/06/2016,Dia de Santo Antônio,MUNICIPAL,,BA,2919058
13/06/2016,Dia de Santo Antônio,MUNICIPAL,,BA,2919108
13/06/2016,Dia de Santo Antônio,MUNICIPAL,,BA,2919926
13/06/2016,Dia de Santo Antônio,MUNICIPAL,,BA,2920452
13/06/2016,Dia de Santo Antônio,MUNICIPAL,,BA,2922730
13/06/2016,Dia de Santo Antônio,MUNICIPAL,,BA,2923605
13/06/2016,Dia de Santo Antônio,MUNICIPAL,,BA,2923704
13/06/2016,Dia de Santo Antônio,MUNICIPAL,,BA,2924405
13/06/2016,Dia de Santo Antônio,MUNICIPAL,,BA,2925808
13/06/2016,Dia de Santo Antônio,MUNICIPAL,,BA,2926103
13/06/2016,Dia de Santo Antônio,MUNICIPAL,,BA,2926806
13/06/2016,Dia de Santo Antônio,MUNICIPAL,,BA,2927200
13/06/2016,Dia de Santo Antônio,MUNICIPAL,,BA,2928703
13/06/2016,Dia de Santo Antônio,MUNICIPAL,,BA,2930006
13/06/2016,Dia de Santo Antônio,MUNICIPAL,,BA,2930501
13/06/2016,Dia de Santo Antônio,MUNICIPAL,,BA,2931103
13/06/2016,Dia de Santo Antônio,MUNICIPAL,,BA,2931509
13/06/2016,Dia de Santo Antônio,MUNICIPAL,,BA,2931608
13/06/2016,Dia de Santo Antônio,MUNICIPAL,,BA,2931905
13/06/2016,Dia de Santo Antônio,MUNICIPAL,,BA,2932200
13/06/2016,Dia de Santo Antônio,MUNICIPAL,,BA,2932507
13/06/2016,Dia de Santo Antônio,MUNICIPAL,,BA,2932606
13/06/2016,Dia de Santo Antônio,MUNICIPAL,,BA,2933604
13/06/2016,Dia de Santo Antônio,MUNICIPAL,,CE,2301307
13/06/2016,Dia de Santo Antônio,MUNICIPAL,,CE,2301901
13/06/2016,Dia de Santo Antônio,MUNICIPAL,,CE,2302008
13/06/2016,Dia de Santo Antônio,MUNICIPAL,,CE,2303006
13/06/2016,Dia de Santo Antônio,MUNICIPAL,,CE,2303105
13/06/2016,Dia de Santo Antônio,MUNICIPAL,,CE,2306256
13/06/2016,Dia de Santo Antônio,MUNICIPAL,,CE,2307106
13/06/2016,Dia de Santo Antônio,MUNICIPAL,,CE,2307650
13/06/2016,Dia de Santo Antônio,MUNICIPAL,,CE,2309458
13/06/2016,Dia de Santo Antônio,MUNICIPAL,,CE,2311405
13/06/2016,Dia de Santo Antônio,MUNICIPAL,,ES,3200706
13/06/2016,Dia de Santo Antônio,MUNICIPAL,,ES,3202603
13/06/2016,Dia de Santo Antônio,MUNICIPAL,,ES,3204401
13/06/2016,Dia de Santo Antônio,MUNICIPAL,,GO,5204953
13/06/2016,Dia de Santo Antônio,MUNICIPAL,,GO,5205497
13/06/2016,Dia de Santo Antônio,MUNICIPAL,,GO,5205513
13/06/2016,Dia de Santo Antônio,MUNICIPAL,,GO,5206800
13/06/2016,Dia de Santo Antônio,MUNICIPAL,,GO,5207402
13/06/2016,Dia de Santo Antônio,MUNICIPAL,,GO,5209705
13/06/2016,Dia de Santo Antônio,MUNICIPAL,,GO,5212808
13/06/2016,Dia de Santo Antônio,MUNICIPAL,,GO,5213509
13/06/2016,Dia de Santo Antônio,MUNICIPAL,,GO,5214838
13/06/2016,Dia de Santo Antônio,MUNICIPAL,,GO,5217203
13/06/2016,Dia de Santo Antônio,MUNICIPAL,,GO,5217401
13/06/2016,Dia de Santo Antônio,MUNICIPAL,,GO,5219753
13/06/2016,Dia de Santo Antônio,MUNICIPAL,,GO,5221304
13/06/2016,Dia de Santo Antônio,MUNICIPAL,,MA,2101400
13/06/2016,Dia de Santo Antônio,MUNICIPAL,,MA,2101400
13/06/2016,Dia de Santo Antônio,MUNICIPAL,,MA,2101509
13/06/2016,Dia de Santo Antônio,MUNICIPAL,,MA,2101509
13/06/2016,Dia de Santo Antônio,MUNICIPAL,,MA,2101905
13/06/2016,Dia de Santo Antônio,MUNICIPAL,,MA,2101905
13/06/2016,Dia de Santo Antônio,MUNICIPAL,,MA,2102101
13/06/2016,Dia de Santo Antônio,MUNICIPAL,,MA,2102101
13/06/2016,Dia de Santo Antônio,MUNICIPAL,,MA,2102309
13/06/2016,Dia de Santo Antônio,MUNICIPAL,,MA,2102309
13/06/2016,Dia de Santo Antônio,MUNICIPAL,,MA,2103752
13/06/2016,Dia de Santo Antônio,MUNICIPAL,,MA,2103752
13/06/2016,Dia de Santo Antônio,MUNICIPAL,,MA,2110302
13/06/2016,Dia de Santo Antônio,MUNICIPAL,,MA,2110302
13/06/2016,Dia de Santo Antônio,MUNICIPAL,,MA,2112233
13/06/2016,Dia de Santo Antônio,MUNICIPAL,,MA,2112233
13/06/2016,Dia de Santo Antônio,MUNICIPAL,,MA,2114007
13/06/2016,Dia de Santo Antônio,MUNICIPAL,,MA,2114007
13/06/2016,Dia de Santo Antônio,MUNICIPAL,,MG,3100203
13/06/2016,Dia de Santo Antônio,MUNICIPAL,,MG,3100203
13/06/2016,Dia de Santo Antônio,MUNICIPAL,,MG,3104601
13/06/2016,Dia de Santo Antônio,MUNICIPAL,,MG,3116803
13/06/2016,Dia de Santo Antônio,MUNICIPAL,,MG,3120409
13/06/2016,Dia de Santo Antônio,MUNICIPAL,,MG,3126406
13/06/2016,Dia de Santo Antônio,MUNICIPAL,,MG,3127602
13/06/2016,Dia de Santo Antônio,MUNICIPAL,,MG,3127701
13/06/2016,Dia de Santo Antônio,MUNICIPAL,,MG,3127800
13/06/2016,Dia de Santo Antônio,MUNICIPAL,,MG,3131208
13/06/2016,Dia de Santo Antônio,MUNICIPAL,,MG,3137403
13/06/2016,Dia de Santo Antônio,MUNICIPAL,,MG,3139607
13/06/2016,Dia de Santo Antônio,MUNICIPAL,,MG,3139706
13/06/2016,Dia de Santo Antônio,MUNICIPAL,,MG,3140704
13/06/2016,Dia de Santo Antônio,MUNICIPAL,,MG,3141009
13/06/2016,Dia de Santo Antônio,MUNICIPAL,,MG,3141702
13/06/2016,Dia de Santo Antônio,MUNICIPAL,,MG,3142205
13/06/2016,Dia de Santo Antônio,MUNICIPAL,,MG,3147006
13/06/2016,Dia de Santo Antônio,MUNICIPAL,,MG,3148004
13/06/2016,Dia de Santo Antônio,MUNICIPAL,,MG,3148608
13/06/2016,Dia de Santo Antônio,MUNICIPAL,,MG,3149606
13/06/2016,Dia de Santo Antônio,MUNICIPAL,,MG,3151602
13/06/2016,Dia de Santo Antônio,MUNICIPAL,,MG,3151602
13/06/2016,Dia de Santo Antônio,MUNICIPAL,,MG,3153608
13/06/2016,Dia de Santo Antônio,MUNICIPAL,,MG,3154804
13/06/2016,Dia de Santo Antônio,MUNICIPAL,,MG,3167202
13/06/2016,Dia de Santo Antônio,MUNICIPAL,,MG,3167202
13/06/2016,Dia de Santo Antônio,MUNICIPAL,,MG,3168507
13/06/2016,Dia de Santo Antônio,MUNICIPAL,,MG,3168804
13/06/2016,Dia de Santo Antônio,MUNICIPAL,,MG,3168903
13/06/2016,Dia de Santo Antônio,MUNICIPAL,,MG,3172004
13/06/2016,Dia de Santo Antônio,MUNICIPAL,"Padroeiro do Município de Campo Grande-MS, Santo Antônio de Pádua, conforme Lei nº 3901 de 29 de outubro de 2001",MS,5002704
13/06/2016,Dia de Santo Antônio,MUNICIPAL,,MS,5003256
13/06/2016,Dia de Santo Antônio,MUNICIPAL,,MS,5005004
13/06/2016,Dia de Santo Antônio,MUNICIPAL,,MS,5006903
13/06/2016,Dia de Santo Antônio,MUNICIPAL,,MS,5008008
13/06/2016,Dia de Santo Antônio,MUNICIPAL,,MS,5008008
13/06/2016,Dia de Santo Antônio,MUNICIPAL,,MT,5101803
13/06/2016,Dia de Santo Antônio,MUNICIPAL,,MT,5106778
13/06/2016,Dia de Santo Antônio,MUNICIPAL,,MT,5107792
13/06/2016,Dia de Santo Antônio,MUNICIPAL,,MT,5107800
13/06/2016,Dia de Santo Antônio,MUNICIPAL,,MT,5107800
13/06/2016,Dia de Santo Antônio,MUNICIPAL,Dia do Padroeiro da Cidade,MT,5107909
13/06/2016,Dia de Santo Antônio,MUNICIPAL,,PA,1500404
13/06/2016,Dia de Santo Antônio,MUNICIPAL,,PA,1500404
13/06/2016,Dia de Santo Antônio,MUNICIPAL,,PA,1501204
13/06/2016,Dia de Santo Antônio,MUNICIPAL,,PA,1503705
13/06/2016,Dia de Santo Antônio,MUNICIPAL,,PB,2502409
13/06/2016,Dia de Santo Antônio,MUNICIPAL,,PB,2506103
13/06/2016,Dia de Santo Antônio,MUNICIPAL,,PB,2509800
13/06/2016,Dia de Santo Antônio,MUNICIPAL,,PB,2516003
13/06/2016,Dia de Santo Antônio,MUNICIPAL,,PE,2600500
13/06/2016,Dia de Santo Antônio,MUNICIPAL,"padroeiro do município, conforme o Decreto nº 1300 de 17 de dezembro de 2014",PE,2602902
13/06/2016,Dia de Santo Antônio,MUNICIPAL,,PE,2603108
13/06/2016,Dia de Santo Antônio,MUNICIPAL,,PE,2603900
13/06/2016,Dia de Santo Antônio,MUNICIPAL,Padroeiro de Garanhuns,PE,2606002
13/06/2016,Dia de Santo Antônio,MUNICIPAL,,PE,2606606
13/06/2016,Dia de Santo Antônio,MUNICIPAL,,PE,2608800
13/06/2016,Dia de Santo Antônio,MUNICIPAL,,PE,2612208
13/06/2016,Dia de Santo Antônio,MUNICIPAL,,PE,2615706
13/06/2016,Dia de Santo Antônio,MUNICIPAL,,PI,2202208
13/06/2016,Dia de Santo Antônio,MUNICIPAL,,PR,4100608
13/06/2016,Dia de Santo Antônio,MUNICIPAL,,PR,4101705
13/06/2016,Dia de Santo Antônio,MUNICIPAL,,PR,4101705
13/06/2016,Dia de Santo Antônio,MUNICIPAL,,PR,4103107
13/06/2016,Dia de Santo Antônio,MUNICIPAL,Padroeiro da cidade,PR,4103701
13/06/2016,Dia de Santo Antônio,MUNICIPAL,,PR,4107207
13/06/2016,Dia de Santo Antônio,MUNICIPAL,,PR,4107207
13/06/2016,Dia de Santo Antônio,MUNICIPAL,,PR,4108106
13/06/2016,Dia de Santo Antônio,MUNICIPAL,,PR,4108106
13/06/2016,Dia de Santo Antônio,MUNICIPAL,,PR,4110102
13/06/2016,Dia de Santo Antônio,MUNICIPAL,,PR,4110102
13/06/2016,Dia de Santo Antônio,MUNICIPAL,,PR,4110607
13/06/2016,Dia de Santo Antônio,MUNICIPAL,,PR,4112306
13/06/2016,Dia de Santo Antônio,MUNICIPAL,,PR,4112306
13/06/2016,Dia de Santo Antônio,MUNICIPAL,Padroeiro da Cidade - Leis Municipais nº 1.558/2001 e 2.530/2010,PR,4113205
13/06/2016,Dia de Santo Antônio,MUNICIPAL,Padroeiro da Cidade - Leis Municipais nº 1.558/2001 e 2.530/2010,PR,4113205
13/06/2016,Dia de Santo Antônio,MUNICIPAL,,PR,4114500
13/06/2016,Dia de Santo Antônio,MUNICIPAL,,PR,4114500
13/06/2016,Dia de Santo Antônio,MUNICIPAL,,PR,4118303
13/06/2016,Dia de Santo Antônio,MUNICIPAL,,PR,4118303
13/06/2016,Dia de Santo Antônio,MUNICIPAL,,PR,4121208
13/06/2016,Dia de Santo Antônio,MUNICIPAL,"Dia de Santo Antônio, padroeiro da cidade, conforme Lei Municipal nº 1.096 de 24/06/1991",RJ,3301702
13/06/2016,Dia de Santo Antônio,MUNICIPAL,"Dia de Santo Antônio, padroeiro da cidade, conforme Lei Municipal nº 1.096 de 24/06/1991",RJ,3301702
13/06/2016,Dia de Santo Antônio,MUNICIPAL,,RJ,3302908
13/06/2016,Dia de Santo Antônio,MUNICIPAL,,RJ,3303005
13/06/2016,Dia de Santo Antônio,MUNICIPAL,"Padroeiro do município, conforme Lei Municipal nº 3.593 de 05/04/2004",RJ,3303500
13/06/2016,Dia de Santo Antônio,MUNICIPAL,,RJ,3304102
13/06/2016,Dia de Santo Antônio,MUNICIPAL,,RJ,3304607
13/06/2016,Dia de Santo Antônio,MUNICIPAL,,RJ,3304607
13/06/2016,Dia de Santo Antônio,MUNICIPAL,,RJ,3304706
13/06/2016,Dia de Santo Antônio,MUNICIPAL,,RJ,3305406
13/06/2016,Dia de Santo Antônio,MUNICIPAL,,RJ,3305505
13/06/2016,Dia de Santo Antônio,MUNICIPAL,,RJ,3305802
13/06/2016,Dia de Santo Antônio,MUNICIPAL,,RJ,3305802
13/06/2016,Dia de Santo Antônio,MUNICIPAL,,RN,2411502
13/06/2016,Dia de Santo Antônio,MUNICIPAL,,RN,2411502
13/06/2016,Dia de Santo Antônio,MUNICIPAL,,RS,4301636
13/06/2016,Dia de Santo Antônio,MUNICIPAL,,RS,4305132
13/06/2016,Dia de Santo Antônio,MUNICIPAL,,RS,4305132
13/06/2016,Dia de Santo Antônio,MUNICIPAL,,RS,4305900
13/06/2016,Dia de Santo Antônio,MUNICIPAL,,RS,4305900
13/06/2016,Dia de Santo Antônio,MUNICIPAL,,RS,4307864
13/06/2016,Dia de Santo Antônio,MUNICIPAL,,RS,4307864
13/06/2016,Dia de Santo Antônio,MUNICIPAL,,RS,4308508
13/06/2016,Dia de Santo Antônio,MUNICIPAL,,RS,4310900
13/06/2016,Dia de Santo Antônio,MUNICIPAL,,RS,4312104
13/06/2016,Dia de Santo Antônio,MUNICIPAL,,RS,4312104
13/06/2016,Dia de Santo Antônio,MUNICIPAL,,RS,4315131
13/06/2016,Dia de Santo Antônio,MUNICIPAL,,RS,4315131
13/06/2016,Dia de Santo Antônio,MUNICIPAL,,RS,4315453
13/06/2016,Dia de Santo Antônio,MUNICIPAL,,RS,4315453
13/06/2016,Dia de Santo Antônio,MUNICIPAL,,RS,4316204
13/06/2016,Dia de Santo Antônio,MUNICIPAL,,RS,4317608
13/06/2016,Dia de Santo Antônio,MUNICIPAL,,RS,4317608
13/06/2016,Dia de Santo Antônio,MUNICIPAL,,RS,4317707
13/06/2016,Dia de Santo Antônio,MUNICIPAL,,RS,4320107
13/06/2016,Dia de Santo Antônio,MUNICIPAL,,RS,4321352
13/06/2016,Dia de Santo Antônio,MUNICIPAL,,RS,4322525
13/06/2016,Dia de Santo Antônio,MUNICIPAL,,RS,4322525
13/06/2016,Dia de Santo Antônio,MUNICIPAL,,RS,4323309
13/06/2016,Dia de Santo Antônio,MUNICIPAL,,RS,4323309
13/06/2016,Dia de Santo Antônio,MUNICIPAL,,SC,4207403
13/06/2016,Dia de Santo Antônio,MUNICIPAL,,SC,4207403
13/06/2016,Dia de Santo Antônio,MUNICIPAL,,SC,4213401
13/06/2016,Dia de Santo Antônio,MUNICIPAL,,SC,4217907
13/06/2016,Dia de Santo Antônio,MUNICIPAL,,SC,4218004
13/06/2016,Dia de Santo Antônio,MUNICIPAL,,SE,2802908
13/06/2016,Dia de Santo Antônio,MUNICIPAL,,SE,2804409
13/06/2016,Dia de Santo Antônio,MUNICIPAL,,SE,2805703
13/06/2016,Dia de Santo Antônio,MUNICIPAL,,SP,3500105
13/06/2016,Dia de Santo Antônio,MUNICIPAL,,SP,3501509
13/06/2016,Dia de Santo Antônio,MUNICIPAL,,SP,3501608
13/06/2016,Dia de Santo Antônio,MUNICIPAL,,SP,3502705
13/06/2016,Dia de Santo Antônio,MUNICIPAL,,SP,3503000
13/06/2016,Dia de Santo Antônio,MUNICIPAL,,SP,3507209
13/06/2016,Dia de Santo Antônio,MUNICIPAL,,SP,3508009
13/06/2016,Dia de Santo Antônio,MUNICIPAL,,SP,3508009
13/06/2016,Dia de Santo Antônio,MUNICIPAL,,SP,3508900
13/06/2016,Dia de Santo Antônio,MUNICIPAL,Dia do Padroeiro da Cidade,SP,3509007
13/06/2016,Dia de Santo Antônio,MUNICIPAL,,SP,3509254
13/06/2016,Dia de Santo Antônio,MUNICIPAL,,SP,3509254
13/06/2016,Dia de Santo Antônio,MUNICIPAL,,SP,3510104
13/06/2016,Dia de Santo Antônio,MUNICIPAL,,SP,3510104
13/06/2016,Dia de Santo Antônio,MUNICIPAL,,SP,3510500
13/06/2016,Dia de Santo Antônio,MUNICIPAL,,SP,3512308
13/06/2016,Dia de Santo Antônio,MUNICIPAL,,SP,3512308
13/06/2016,Dia de Santo Antônio,MUNICIPAL,,SP,3512407
13/06/2016,Dia de Santo Antônio,MUNICIPAL,,SP,3512506
13/06/2016,Dia de Santo Antônio,MUNICIPAL,,SP,3512506
13/06/2016,Dia de Santo Antônio,MUNICIPAL,,SP,3512902
13/06/2016,Dia de Santo Antônio,MUNICIPAL,,SP,3518008
13/06/2016,Dia de Santo Antônio,MUNICIPAL,,SP,3518008
13/06/2016,Dia de Santo Antônio,MUNICIPAL,"Aniversário da cidade e dia de Santo Antônio, padroeiro",SP,3518404
13/06/2016,Dia de Santo Antônio,MUNICIPAL,,SP,3521002
13/06/2016,Dia de Santo Antônio,MUNICIPAL,,SP,3521804
13/06/2016,Dia de Santo Antônio,MUNICIPAL,,SP,3523602
13/06/2016,Dia de Santo Antônio,MUNICIPAL,,SP,3526001
13/06/2016,Dia de Santo Antônio,MUNICIPAL,,SP,3526100
13/06/2016,Dia de Santo Antônio,MUNICIPAL,,SP,3528007
13/06/2016,Dia de Santo Antônio,MUNICIPAL,,SP,3528601
13/06/2016,Dia de Santo Antônio,MUNICIPAL,,SP,3528601
13/06/2016,Dia de Santo Antônio,MUNICIPAL,,SP,3528700
13/06/2016,Dia de Santo Antônio,MUNICIPAL,,SP,3529203
13/06/2016,Dia de Santo Antônio,MUNICIPAL,,SP,3530409
13/06/2016,Dia de Santo Antônio,MUNICIPAL,,SP,3530409
13/06/2016,Dia de Santo Antônio,MUNICIPAL,,SP,3531605
13/06/2016,Dia de Santo Antônio,MUNICIPAL,,SP,3533700
13/06/2016,Dia de Santo Antônio,MUNICIPAL,conforme Lei Municipal nº 1.121 de 16/05/1972,SP,3534401
13/06/2016,Dia de Santo Antônio,MUNICIPAL,conforme Lei Municipal nº 1.121 de 16/05/1972,SP,3534401
13/06/2016,Dia de Santo Antônio,MUNICIPAL,,SP,3535606
13/06/2016,Dia de Santo Antônio,MUNICIPAL,,SP,3538105
13/06/2016,Dia de Santo Antônio,MUNICIPAL,,SP,3538600
13/06/2016,Dia de Santo Antônio,MUNICIPAL,"Padroeiro da cidade, conforme Lei Municipal nº 1.459 de 17/11/1966",SP,3538709
13/06/2016,Dia de Santo Antônio,MUNICIPAL,"Padroeiro da cidade, conforme Lei Municipal nº 1.459 de 17/11/1966",SP,3538709
13/06/2016,Dia de Santo Antônio,MUNICIPAL,,SP,3539004
13/06/2016,Dia de Santo Antônio,MUNICIPAL,,SP,3539905
13/06/2016,Dia de Santo Antônio,MUNICIPAL,,SP,3540507
13/06/2016,Dia de Santo Antônio,MUNICIPAL,,SP,3540507
13/06/2016,Dia de Santo Antônio,MUNICIPAL,,SP,3541703
13/06/2016,Dia de Santo Antônio,MUNICIPAL,,SP,3542206
13/06/2016,Dia de Santo Antônio,MUNICIPAL,,SP,3543204
13/06/2016,Dia de Santo Antônio,MUNICIPAL,,SP,3543600
13/06/2016,Dia de Santo Antônio,MUNICIPAL,,SP,3544202
13/06/2016,Dia de Santo Antônio,MUNICIPAL,,SP,3545506
13/06/2016,Dia de Santo Antônio,MUNICIPAL,,SP,3545506
13/06/2016,Dia de Santo Antônio,MUNICIPAL,,SP,3547908
13/06/2016,Dia de Santo Antônio,MUNICIPAL,,SP,3548005
13/06/2016,Dia de Santo Antônio,MUNICIPAL,,SP,3548104
13/06/2016,Dia de Santo Antônio,MUNICIPAL,,SP,3555802
13/06/2016,Dia de Santo Antônio,MUNICIPAL,,SP,3555802
13/06/2016,Dia de Santo Antônio,MUNICIPAL,,SP,3555901
13/06/2016,Dia de Santo Antônio,MUNICIPAL,,SP,3555901
13/06/2016,Dia de Santo Antônio,MUNICIPAL,,SP,3556354
13/06/2016,Dia de Santo Antônio,MUNICIPAL,,TO,1713304
13/06/2016,Feriado Municipal,MUNICIPAL,Dia de Santo Antônio,PE,2607000
13/06/2016,Retomada de Corumbá,MUNICIPAL,"Comemorativo a Retomada de Corumbá, feito heróico de Antonio Maria Coelho no ano de 1.867",MS,5003207
13/06/2016,Santo Antônio,MUNICIPAL,Dia de Santo Antônio,MG,3106903
13/06/2016,Santo Antônio,MUNICIPAL,"Dia de Santo Antônio, padroeiro da cidade",MG,3157203
13/06/2016,Santo Antônio,MUNICIPAL,Dia Consagrado a Santo Antônio do Boqueirão,MG,3170404
13/06/2016,Santo Antônio,MUNICIPAL,Dia de Santo Antônio,RJ,3306305
13/06/2016,Santo Antônio,MUNICIPAL,Dia de Santo Antônio,SC,4209409
13/06/2016,Sto. Antônio do Povo,MUNICIPAL,Dia de Santo Antônio do Povo,RN,2402204
14/06/2016,Feriado Municipal,MUNICIPAL,,BA,2914653
14/06/2016,Feriado Municipal,MUNICIPAL,,BA,2917904
14/06/2016,Feriado Municipal,MUNICIPAL,,GO,5221502
14/06/2016,Feriado Municipal,MUNICIPAL,,MA,2111003
14/06/2016,Feriado Municipal,MUNICIPAL,,MG,3101300
14/06/2016,Feriado Municipal,MUNICIPAL,,MG,3104908
14/06/2016,Feriado Municipal,MUNICIPAL,,MS,5006259
15/06/2016,Aniversário,MUNICIPAL,Dia do Aniversário do Município de Valparaíso de Goiás,GO,5221858
15/06/2016,Aniversário da Cidade,MUNICIPAL,Aniversário da Cidade de Três Lagoas,MS,5008305
15/06/2016,Aniversário do Município,MUNICIPAL,"Data magna que celebra a emancipação político-administrativa de Itajaí, conforme Art. 3º da Lei Orgânica Municipal e Lei Municipal nº 3.064 de 16/05/1996",SC,4208203
15/06/2016,Feriado Municipal,MUNICIPAL,,AM,1304203
15/06/2016,Feriado Municipal,MUNICIPAL,,BA,2916807
15/06/2016,Feriado Municipal,MUNICIPAL,,ES,3201159
15/06/2016,Feriado Municipal,MUNICIPAL,,GO,5215231
15/06/2016,Feriado Municipal,MUNICIPAL,,MG,3112604
15/06/2016,Feriado Municipal,MUNICIPAL,,MG,3141900
15/06/2016,Feriado Municipal,MUNICIPAL,,MS,5006903
15/06/2016,Feriado Municipal,MUNICIPAL,,MT,5107107
15/06/2016,Feriado Municipal,MUNICIPAL,,PR,4113601
15/06/2016,Feriado Municipal,MUNICIPAL,,PR,4121802
15/06/2016,Feriado Municipal,MUNICIPAL,,PR,4128203
15/06/2016,Feriado Municipal,MUNICIPAL,,SC,4219408
15/06/2016,Feriado Municipal,MUNICIPAL,,SP,3538501
15/06/2016,Feriado Municipal,MUNICIPAL,,SP,3556602
15/06/2016,Feriado Municipal,MUNICIPAL,,TO,1702109
16/06/2016,Feriado Municipal,MUNICIPAL,,BA,2902708
16/06/2016,Feriado Municipal,MUNICIPAL,,BA,2906105
16/06/2016,Feriado Municipal,MUNICIPAL,,GO,5205059
16/06/2016,Feriado Municipal,MUNICIPAL,,PE,2608750
16/06/2016,Feriado Municipal,MUNICIPAL,,RO,1100064
16/06/2016,Feriado Municipal,MUNICIPAL,,RO,1100080
16/06/2016,Feriado Municipal,MUNICIPAL,,RO,1100098
16/06/2016,Feriado Municipal,MUNICIPAL,,RO,1100155
16/06/2016,Feriado Municipal,MUNICIPAL,,RO,1100254
16/06/2016,Feriado Municipal,MUNICIPAL,,SP,3505203
16/06/2016,Feriado Municipal,MUNICIPAL,,SP,3529104
16/06/2016,Feriado Municipal,MUNICIPAL,,SP,3538600
16/06/2016,Feriado Municipal,MUNICIPAL,,SP,3553302
17/06/2016,Feriado Municipal,MUNICIPAL,,GO,5200506
17/06/2016,Feriado Municipal,MUNICIPAL,,MG,3124005
17/06/2016,Feriado Municipal,MUNICIPAL,,MG,3144003
17/06/2016,Feriado Municipal,MUNICIPAL,,MG,3155801
17/06/2016,Feriado Municipal,MUNICIPAL,,RJ,3305000
17/06/2016,Feriado Municipal,MUNICIPAL,,SP,3550100
18/06/2016,Feriado Municipal,MUNICIPAL,,PA,1503507
18/06/2016,Feriado Municipal,MUNICIPAL,,PR,4107538
18/06/2016,Feriado Municipal,MUNICIPAL,,PR,4108205
18/06/2016,Feriado Municipal,MUNICIPAL,,PR,4118451
18/06/2016,Feriado Municipal,MUNICIPAL,,SC,4205209
18/06/2016,Feriado Municipal,MUNICIPAL,,SP,3505807
19/06/2016,Aniversário da Cidade e Dia de Santa Juliana Falconieri,MUNICIPAL,conforme Lei Municipal nº 11.919 de 10/03/2009,SP,3543402
19/06/2016,Feriado Municipal,MUNICIPAL,,BA,2901007
19/06/2016,Feriado Municipal,MUNICIPAL,,MA,2101905
19/06/2016,Feriado Municipal,MUNICIPAL,,MS,5002803
19/06/2016,Feriado Municipal,MUNICIPAL,,RO,1100148
20/06/2016,Feriado Municipal,MUNICIPAL,,BA,2907202
20/06/2016,Feriado Municipal,MUNICIPAL,,BA,2925808
20/06/2016,Feriado Municipal,MUNICIPAL,,MS,5001508
20/06/2016,Feriado Municipal,MUNICIPAL,,MS,5008404
20/06/2016,Feriado Municipal,MUNICIPAL,,PE,2602605
20/06/2016,Feriado Municipal,MUNICIPAL,,PE,2605707
20/06/2016,Feriado Municipal,MUNICIPAL,,PR,4103453
20/06/2016,Feriado Municipal,MUNICIPAL,,RJ,3300456
20/06/2016,Feriado Municipal,MUNICIPAL,,TO,1716604
21/06/2016,Dia do município,MUNICIPAL,,CE,2304202
21/06/2016,Feriado Municipal,MUNICIPAL,,CE,2306108
21/06/2016,Feriado Municipal,MUNICIPAL,,GO,5220108
21/06/2016,Feriado Municipal,MUNICIPAL,,MA,2109007
21/06/2016,Feriado Municipal,MUNICIPAL,,MA,2111409
21/06/2016,Feriado Municipal,MUNICIPAL,,MG,3138674
21/06/2016,Feriado Municipal,MUNICIPAL,,PI,2210508
21/06/2016,Feriado Municipal,MUNICIPAL,,RS,4304903
21/06/2016,Feriado Municipal,MUNICIPAL,,SC,4207106
21/06/2016,Feriado Municipal,MUNICIPAL,,SC,4211603
21/06/2016,Feriado Municipal,MUNICIPAL,,SC,4214904
21/06/2016,Feriado Municipal,MUNICIPAL,,SC,4215505
21/06/2016,Feriado Municipal,MUNICIPAL,,SC,4219705
21/06/2016,Feriado Municipal,MUNICIPAL,,SP,3502002
21/06/2016,Feriado Municipal,MUNICIPAL,,SP,3511300
21/06/2016,Feriado Municipal,MUNICIPAL,,SP,3519204
22/06/2016,Emancipação Política de Juazeiro,MUNICIPAL,,CE,2307304
22/06/2016,Feriado Municipal,MUNICIPAL,,BA,2902906
22/06/2016,Feriado Municipal,MUNICIPAL,,BA,2932002
22/06/2016,Feriado Municipal,MUNICIPAL,,MA,2101707
22/06/2016,Feriado Municipal,MUNICIPAL,,MG,3117900
22/06/2016,Feriado Municipal,MUNICIPAL,,MG,3137106
22/06/2016,Feriado Municipal,MUNICIPAL,,MG,3137700
22/06/2016,Feriado Municipal,MUNICIPAL,,PA,1506807
22/06/2016,Feriado Municipal,MUNICIPAL,,RO,1100940
23/06/2016,Feriado Municipal,MUNICIPAL,,BA,2903003
23/06/2016,Feriado Municipal,MUNICIPAL,,BA,2909109
23/06/2016,Feriado Municipal,MUNICIPAL,,BA,2910602
23/06/2016,Feriado Municipal,MUNICIPAL,,BA,2911303
23/06/2016,Feriado Municipal,MUNICIPAL,,BA,2918100
23/06/2016,Feriado Municipal,MUNICIPAL,,BA,2924306
23/06/2016,Feriado Municipal,MUNICIPAL,,BA,2924504
23/06/2016,Feriado Municipal,MUNICIPAL,,BA,2925709
23/06/2016,Feriado Municipal,MUNICIPAL,,BA,2925907
23/06/2016,Feriado Municipal,MUNICIPAL,,CE,2304285
23/06/2016,Feriado Municipal,MUNICIPAL,,CE,2306504
23/06/2016,Feriado Municipal,MUNICIPAL,,CE,2310100
23/06/2016,Feriado Municipal,MUNICIPAL,,GO,5203401
23/06/2016,Feriado Municipal,MUNICIPAL,,GO,5206305
23/06/2016,Feriado Municipal,MUNICIPAL,,GO,5208400
23/06/2016,Feriado Municipal,MUNICIPAL,,MG,3115003
23/06/2016,Feriado Municipal,MUNICIPAL,,MG,3131406
23/06/2016,Feriado Municipal,MUNICIPAL,,MG,3145356
23/06/2016,Feriado Municipal,MUNICIPAL,,MG,3146750
23/06/2016,Feriado Municipal,MUNICIPAL,,PA,1503200
23/06/2016,Feriado Municipal,MUNICIPAL,,SC,4214607
23/06/2016,Feriado Municipal,MUNICIPAL,,SP,3524600
23/06/2016,Feriado Municipal,MUNICIPAL,,TO,1706100
24/06/2016,Aniversário da Cidade,MUNICIPAL,"Aniversário de Atibaia, conforme Lei 978/67, de 03 de Maio de 1967",SP,3504107
24/06/2016,Aniversário do Município,MUNICIPAL,,MG,3113404
24/06/2016,Dia São João,MUNICIPAL,Dia São João,CE,2300309
24/06/2016,Dia de São João,MUNICIPAL,Comemorações dos festejos juninos,BA,2905701
24/06/2016,Dia de São João,MUNICIPAL,,BA,2910800
24/06/2016,Dia de São João,MUNICIPAL,"Feriado de São João, conforme Lei Municipal nº 2.052 de 03/07/2007",BA,2914802
24/06/2016,Dia de São João,MUNICIPAL,conforme Lei Municipal nº 1997 de 21 de junho de 1967,BA,2927408
24/06/2016,Dia de São João,MUNICIPAL,Dia de São João,BA,2930204
24/06/2016,Dia de São João,MUNICIPAL,conforme Lei Municipal nº 8805 de 23/05/1999,PB,2507507
24/06/2016,Dia de São João,MUNICIPAL,"conforme Lei nº 3805, de 03 de dezembro de 2009",SE,2800308
24/06/2016,Dia de São João (Padroeiro da Cidade),MUNICIPAL,conforme Lei Municipal nº 2.142 de 31/03/2004,RJ,3303302
24/06/2016,Feriado Municipal,MUNICIPAL,,AM,1300904
24/06/2016,Feriado Municipal,MUNICIPAL,,AM,1301852
24/06/2016,Feriado Municipal,MUNICIPAL,,BA,2900702
24/06/2016,Feriado Municipal,MUNICIPAL,,BA,2901007
24/06/2016,Feriado Municipal,MUNICIPAL,,BA,2901106
24/06/2016,Feriado Municipal,MUNICIPAL,,BA,2901205
24/06/2016,Feriado Municipal,MUNICIPAL,,BA,2901403
24/06/2016,Feriado Municipal,MUNICIPAL,,BA,2901502
24/06/2016,Feriado Municipal,MUNICIPAL,,BA,2901809
24/06/2016,Feriado Municipal,MUNICIPAL,,BA,2901908
24/06/2016,Feriado Municipal,MUNICIPAL,,BA,2902005
24/06/2016,Feriado Municipal,MUNICIPAL,,BA,2902500
24/06/2016,Feriado Municipal,MUNICIPAL,,BA,2902609
24/06/2016,Feriado Municipal,MUNICIPAL,,BA,2902708
24/06/2016,Feriado Municipal,MUNICIPAL,,BA,2902906
24/06/2016,Feriado Municipal,MUNICIPAL,,BA,2903003
24/06/2016,Feriado Municipal,MUNICIPAL,,BA,2903201
24/06/2016,Feriado Municipal,MUNICIPAL,,BA,2903276
24/06/2016,Feriado Municipal,MUNICIPAL,,BA,2903607
24/06/2016,Feriado Municipal,MUNICIPAL,,BA,2904001
24/06/2016,Feriado Municipal,MUNICIPAL,,BA,2904100
24/06/2016,Feriado Municipal,MUNICIPAL,,BA,2904308
24/06/2016,Feriado Municipal,MUNICIPAL,,BA,2904506
24/06/2016,Feriado Municipal,MUNICIPAL,,BA,2904704
24/06/2016,Feriado Municipal,MUNICIPAL,,BA,2904803
24/06/2016,Feriado Municipal,MUNICIPAL,,BA,2904902
24/06/2016,Feriado Municipal,MUNICIPAL,,BA,2905008
24/06/2016,Feriado Municipal,MUNICIPAL,,BA,2905602
24/06/2016,Feriado Municipal,MUNICIPAL,,BA,2905800
24/06/2016,Feriado Municipal,MUNICIPAL,,BA,2905909
24/06/2016,Feriado Municipal,MUNICIPAL,,BA,2906006
24/06/2016,Feriado Municipal,MUNICIPAL,,BA,2906501
24/06/2016,Feriado Municipal,MUNICIPAL,,BA,2906709
24/06/2016,Feriado Municipal,MUNICIPAL,,BA,2906808
24/06/2016,Feriado Municipal,MUNICIPAL,,BA,2906873
24/06/2016,Feriado Municipal,MUNICIPAL,,BA,2907004
24/06/2016,Feriado Municipal,MUNICIPAL,,BA,2907301
24/06/2016,Feriado Municipal,MUNICIPAL,,BA,2908200
24/06/2016,Feriado Municipal,MUNICIPAL,,BA,2908309
24/06/2016,Feriado Municipal,MUNICIPAL,,BA,2908408
24/06/2016,Feriado Municipal,MUNICIPAL,,BA,2908507
24/06/2016,Feriado Municipal,MUNICIPAL,,BA,2908606
24/06/2016,Feriado Municipal,MUNICIPAL,,BA,2908705
24/06/2016,Feriado Municipal,MUNICIPAL,,BA,2908804
24/06/2016,Feriado Municipal,MUNICIPAL,,BA,2909000
24/06/2016,Feriado Municipal,MUNICIPAL,,BA,2909109
24/06/2016,Feriado Municipal,MUNICIPAL,,BA,2909307
24/06/2016,Feriado Municipal,MUNICIPAL,,BA,2909406
24/06/2016,Feriado Municipal,MUNICIPAL,,BA,2909703
24/06/2016,Feriado Municipal,MUNICIPAL,,BA,2909802
24/06/2016,Feriado Municipal,MUNICIPAL,,BA,2910107
24/06/2016,Feriado Municipal,MUNICIPAL,,BA,2910404
24/06/2016,Feriado Municipal,MUNICIPAL,,BA,2910503
24/06/2016,Feriado Municipal,MUNICIPAL,,BA,2910701
24/06/2016,Feriado Municipal,MUNICIPAL,,BA,2910750
24/06/2016,Feriado Municipal,MUNICIPAL,,BA,2911006
24/06/2016,Feriado Municipal,MUNICIPAL,,BA,2911204
24/06/2016,Feriado Municipal,MUNICIPAL,,BA,2911253
24/06/2016,Feriado Municipal,MUNICIPAL,,BA,2911600
24/06/2016,Feriado Municipal,MUNICIPAL,,BA,2911808
24/06/2016,Feriado Municipal,MUNICIPAL,,BA,2911907
24/06/2016,Feriado Municipal,MUNICIPAL,,BA,2912004
24/06/2016,Feriado Municipal,MUNICIPAL,,BA,2912202
24/06/2016,Feriado Municipal,MUNICIPAL,,BA,2912509
24/06/2016,Feriado Municipal,MUNICIPAL,,BA,2912905
24/06/2016,Feriado Municipal,MUNICIPAL,,BA,2913309
24/06/2016,Feriado Municipal,MUNICIPAL,,BA,2913507
24/06/2016,Feriado Municipal,MUNICIPAL,,BA,2913705
24/06/2016,Feriado Municipal,MUNICIPAL,,BA,2913804
24/06/2016,Feriado Municipal,MUNICIPAL,,BA,2913903
24/06/2016,Feriado Municipal,MUNICIPAL,,BA,2914000
24/06/2016,Feriado Municipal,MUNICIPAL,,BA,2914109
24/06/2016,Feriado Municipal,MUNICIPAL,,BA,2914307
24/06/2016,Feriado Municipal,MUNICIPAL,,BA,2914505
24/06/2016,Feriado Municipal,MUNICIPAL,,BA,2914653
24/06/2016,Feriado Municipal,MUNICIPAL,,BA,2914703
24/06/2016,Feriado Municipal,MUNICIPAL,,BA,2915106
24/06/2016,Feriado Municipal,MUNICIPAL,,BA,2915403
24/06/2016,Feriado Municipal,MUNICIPAL,,BA,2915502
24/06/2016,Feriado Municipal,MUNICIPAL,,BA,2915601
24/06/2016,Feriado Municipal,MUNICIPAL,,BA,2915809
24/06/2016,Feriado Municipal,MUNICIPAL,,BA,2916005
24/06/2016,Feriado Municipal,MUNICIPAL,,BA,2916104
24/06/2016,Feriado Municipal,MUNICIPAL,,BA,2916401
24/06/2016,Feriado Municipal,MUNICIPAL,,BA,2916500
24/06/2016,Feriado Municipal,MUNICIPAL,,BA,2916609
24/06/2016,Feriado Municipal,MUNICIPAL,,BA,2916807
24/06/2016,Feriado Municipal,MUNICIPAL,,BA,2917003
24/06/2016,Feriado Municipal,MUNICIPAL,,BA,2917201
24/06/2016,Feriado Municipal,MUNICIPAL,,BA,2917607
24/06/2016,Feriado Municipal,MUNICIPAL,,BA,2917706
24/06/2016,Feriado Municipal,MUNICIPAL,,BA,2917904
24/06/2016,Feriado Municipal,MUNICIPAL,,BA,2918100
24/06/2016,Feriado Municipal,MUNICIPAL,,BA,2918209
24/06/2016,Feriado Municipal,MUNICIPAL,,BA,2918753
24/06/2016,Feriado Municipal,MUNICIPAL,,BA,2918803
24/06/2016,Feriado Municipal,MUNICIPAL,,BA,2919157
24/06/2016,Feriado Municipal,MUNICIPAL,,BA,2919306
24/06/2016,Feriado Municipal,MUNICIPAL,,BA,2919405
24/06/2016,Feriado Municipal,MUNICIPAL,,BA,2919553
24/06/2016,Feriado Municipal,MUNICIPAL,,BA,2919801
24/06/2016,Feriado Municipal,MUNICIPAL,,BA,2919900
24/06/2016,Feriado Municipal,MUNICIPAL,,BA,2919926
24/06/2016,Feriado Municipal,MUNICIPAL,,BA,2920007
24/06/2016,Feriado Municipal,MUNICIPAL,,BA,2920502
24/06/2016,Feriado Municipal,MUNICIPAL,,BA,2920601
24/06/2016,Feriado Municipal,MUNICIPAL,,BA,2920908
24/06/2016,Feriado Municipal,MUNICIPAL,,BA,2921005
24/06/2016,Feriado Municipal,MUNICIPAL,,BA,2921203
24/06/2016,Feriado Municipal,MUNICIPAL,,BA,2921302
24/06/2016,Feriado Municipal,MUNICIPAL,,BA,2921401
24/06/2016,Feriado Municipal,MUNICIPAL,,BA,2922300
24/06/2016,Feriado Municipal,MUNICIPAL,,BA,2922409
24/06/2016,Feriado Municipal,MUNICIPAL,,BA,2922508
24/06/2016,Feriado Municipal,MUNICIPAL,,BA,2922607
24/06/2016,Feriado Municipal,MUNICIPAL,,BA,2922656
24/06/2016,Feriado Municipal,MUNICIPAL,,BA,2922706
24/06/2016,Feriado Municipal,MUNICIPAL,,BA,2922730
24/06/2016,Feriado Municipal,MUNICIPAL,,BA,2922904
24/06/2016,Feriado Municipal,MUNICIPAL,,BA,2923308
24/06/2016,Feriado Municipal,MUNICIPAL,,BA,2923407
24/06/2016,Feriado Municipal,MUNICIPAL,,BA,2923506
24/06/2016,Feriado Municipal,MUNICIPAL,,BA,2924009
24/06/2016,Feriado Municipal,MUNICIPAL,,BA,2924108
24/06/2016,Feriado Municipal,MUNICIPAL,,BA,2924306
24/06/2016,Feriado Municipal,MUNICIPAL,,BA,2924504
24/06/2016,Feriado Municipal,MUNICIPAL,,BA,2924702
24/06/2016,Feriado Municipal,MUNICIPAL,,BA,2924900
24/06/2016,Feriado Municipal,MUNICIPAL,,BA,2925105
24/06/2016,Feriado Municipal,MUNICIPAL,,BA,2925204
24/06/2016,Feriado Municipal,MUNICIPAL,,BA,2925402
24/06/2016,Feriado Municipal,MUNICIPAL,,BA,2925600
24/06/2016,Feriado Municipal,MUNICIPAL,,BA,2925709
24/06/2016,Feriado Municipal,MUNICIPAL,,BA,2925808
24/06/2016,Feriado Municipal,MUNICIPAL,,BA,2925907
24/06/2016,Feriado Municipal,MUNICIPAL,,BA,2926301
24/06/2016,Feriado Municipal,MUNICIPAL,,BA,2926707
24/06/2016,Feriado Municipal,MUNICIPAL,,BA,2926905
24/06/2016,Feriado Municipal,MUNICIPAL,,BA,2927101
24/06/2016,Feriado Municipal,MUNICIPAL,,BA,2927200
24/06/2016,Feriado Municipal,MUNICIPAL,,BA,2927903
24/06/2016,Feriado Municipal,MUNICIPAL,,BA,2928000
24/06/2016,Feriado Municipal,MUNICIPAL,,BA,2928208
24/06/2016,Feriado Municipal,MUNICIPAL,,BA,2928307
24/06/2016,Feriado Municipal,MUNICIPAL,,BA,2928703
24/06/2016,Feriado Municipal,MUNICIPAL,,BA,2928802
24/06/2016,Feriado Municipal,MUNICIPAL,,BA,2929008
24/06/2016,Feriado Municipal,MUNICIPAL,,BA,2929107
24/06/2016,Feriado Municipal,MUNICIPAL,,BA,2929305
24/06/2016,Feriado Municipal,MUNICIPAL,,BA,2929404
24/06/2016,Feriado Municipal,MUNICIPAL,,BA,2929503
24/06/2016,Feriado Municipal,MUNICIPAL,,BA,2929602
24/06/2016,Feriado Municipal,MUNICIPAL,,BA,2929701
24/06/2016,Feriado Municipal,MUNICIPAL,,BA,2929800
24/06/2016,Feriado Municipal,MUNICIPAL,,BA,2929909
24/06/2016,Feriado Municipal,MUNICIPAL,,BA,2930105
24/06/2016,Feriado Municipal,MUNICIPAL,,BA,2930402
24/06/2016,Feriado Municipal,MUNICIPAL,,BA,2930774
24/06/2016,Feriado Municipal,MUNICIPAL,,BA,2930808
24/06/2016,Feriado Municipal,MUNICIPAL,,BA,2931053
24/06/2016,Feriado Municipal,MUNICIPAL,,BA,2931400
24/06/2016,Feriado Municipal,MUNICIPAL,,BA,2931608
24/06/2016,Feriado Municipal,MUNICIPAL,,BA,2931707
24/06/2016,Feriado Municipal,MUNICIPAL,,BA,2931905
24/06/2016,Feriado Municipal,MUNICIPAL,,BA,2932002
24/06/2016,Feriado Municipal,MUNICIPAL,,BA,2932309
24/06/2016,Feriado Municipal,MUNICIPAL,,BA,2932705
24/06/2016,Feriado Municipal,MUNICIPAL,,BA,2932804
24/06/2016,Feriado Municipal,MUNICIPAL,,BA,2932903
24/06/2016,Feriado Municipal,MUNICIPAL,,BA,2933000
24/06/2016,Feriado Municipal,MUNICIPAL,,BA,2933109
24/06/2016,Feriado Municipal,MUNICIPAL,,BA,2933208
24/06/2016,Feriado Municipal,MUNICIPAL,,BA,2933406
24/06/2016,Feriado Municipal,MUNICIPAL,,BA,2933455
24/06/2016,Feriado Municipal,MUNICIPAL,,BA,2933505
24/06/2016,Feriado Municipal,MUNICIPAL,,CE,2301703
24/06/2016,Feriado Municipal,MUNICIPAL,,CE,2302503
24/06/2016,Feriado Municipal,MUNICIPAL,,CE,2303808
24/06/2016,Feriado Municipal,MUNICIPAL,,CE,2305233
24/06/2016,Feriado Municipal,MUNICIPAL,,CE,2313807
24/06/2016,Feriado Municipal,MUNICIPAL,,ES,3200607
24/06/2016,Feriado Municipal,MUNICIPAL,,ES,3201605
24/06/2016,Feriado Municipal,MUNICIPAL,,ES,3202652
24/06/2016,Feriado Municipal,MUNICIPAL,,ES,3203163
24/06/2016,Feriado Municipal,MUNICIPAL,,ES,3203502
24/06/2016,Feriado Municipal,MUNICIPAL,,ES,3203809
24/06/2016,Feriado Municipal,MUNICIPAL,,ES,3204252
24/06/2016,Feriado Municipal,MUNICIPAL,,ES,3205036
24/06/2016,Feriado Municipal,MUNICIPAL,,GO,5203401
24/06/2016,Feriado Municipal,MUNICIPAL,,GO,5203906
24/06/2016,Feriado Municipal,MUNICIPAL,,GO,5208301
24/06/2016,Feriado Municipal,MUNICIPAL,,GO,5208608
24/06/2016,Feriado Municipal,MUNICIPAL,,GO,5209150
24/06/2016,Feriado Municipal,MUNICIPAL,,GO,5210802
24/06/2016,Feriado Municipal,MUNICIPAL,,GO,5220009
24/06/2016,Feriado Municipal,MUNICIPAL,,MA,2100303
24/06/2016,Feriado Municipal,MUNICIPAL,,MA,2103703
24/06/2016,Feriado Municipal,MUNICIPAL,,MA,2104099
24/06/2016,Feriado Municipal,MUNICIPAL,,MA,2111003
24/06/2016,Feriado Municipal,MUNICIPAL,,MA,2111029
24/06/2016,Feriado Municipal,MUNICIPAL,,MA,2111052
24/06/2016,Feriado Municipal,MUNICIPAL,,MA,2111102
24/06/2016,Feriado Municipal,MUNICIPAL,,MA,2112902
24/06/2016,Feriado Municipal,MUNICIPAL,,MG,3100906
24/06/2016,Feriado Municipal,MUNICIPAL,,MG,3101003
24/06/2016,Feriado Municipal,MUNICIPAL,,MG,3101706
24/06/2016,Feriado Municipal,MUNICIPAL,,MG,3102704
24/06/2016,Feriado Municipal,MUNICIPAL,,MG,3104106
24/06/2016,Feriado Municipal,MUNICIPAL,,MG,3104700
24/06/2016,Feriado Municipal,MUNICIPAL,,MG,3105400
24/06/2016,Feriado Municipal,MUNICIPAL,,MG,3109709
24/06/2016,Feriado Municipal,MUNICIPAL,,MG,3109808
24/06/2016,Feriado Municipal,MUNICIPAL,,MG,3110103
24/06/2016,Feriado Municipal,MUNICIPAL,,MG,3115003
24/06/2016,Feriado Municipal,MUNICIPAL,,MG,3117504
24/06/2016,Feriado Municipal,MUNICIPAL,,MG,3122454
24/06/2016,Feriado Municipal,MUNICIPAL,,MG,3124302
24/06/2016,Feriado Municipal,MUNICIPAL,,MG,3127305
24/06/2016,Feriado Municipal,MUNICIPAL,,MG,3131505
24/06/2016,Feriado Municipal,MUNICIPAL,,MG,3132107
24/06/2016,Feriado Municipal,MUNICIPAL,,MG,3132503
24/06/2016,Feriado Municipal,MUNICIPAL,,MG,3132909
24/06/2016,Feriado Municipal,MUNICIPAL,,MG,3133303
24/06/2016,Feriado Municipal,MUNICIPAL,,MG,3134103
24/06/2016,Feriado Municipal,MUNICIPAL,,MG,3135100
24/06/2016,Feriado Municipal,MUNICIPAL,,MG,3135209
24/06/2016,Feriado Municipal,MUNICIPAL,,MG,3136009
24/06/2016,Feriado Municipal,MUNICIPAL,,MG,3136504
24/06/2016,Feriado Municipal,MUNICIPAL,,MG,3138906
24/06/2016,Feriado Municipal,MUNICIPAL,,MG,3140902
24/06/2016,Feriado Municipal,MUNICIPAL,,MG,3141009
24/06/2016,Feriado Municipal,MUNICIPAL,,MG,3141801
24/06/2016,Feriado Municipal,MUNICIPAL,,MG,3142908
24/06/2016,Feriado Municipal,MUNICIPAL,,MG,3146206
24/06/2016,Feriado Municipal,MUNICIPAL,,MG,3146305
24/06/2016,Feriado Municipal,MUNICIPAL,,MG,3146750
24/06/2016,Feriado Municipal,MUNICIPAL,,MG,3148707
24/06/2016,Feriado Municipal,MUNICIPAL,,MG,3154457
24/06/2016,Feriado Municipal,MUNICIPAL,,MG,3155108
24/06/2016,Feriado Municipal,MUNICIPAL,,MG,3155603
24/06/2016,Feriado Municipal,MUNICIPAL,,MG,3156502
24/06/2016,Feriado Municipal,MUNICIPAL,,MG,3156601
24/06/2016,Feriado Municipal,MUNICIPAL,,MG,3157005
24/06/2016,Feriado Municipal,MUNICIPAL,,MG,3162203
24/06/2016,Feriado Municipal,MUNICIPAL,,MG,3162302
24/06/2016,Feriado Municipal,MUNICIPAL,,MG,3162575
24/06/2016,Feriado Municipal,MUNICIPAL,,MG,3162609
24/06/2016,Feriado Municipal,MUNICIPAL,,MG,3162708
24/06/2016,Feriado Municipal,MUNICIPAL,,MG,3163300
24/06/2016,Feriado Municipal,MUNICIPAL,,MG,3166402
24/06/2016,Feriado Municipal,MUNICIPAL,,MG,3168002
24/06/2016,Feriado Municipal,MUNICIPAL,,MG,3170008
24/06/2016,Feriado Municipal,MUNICIPAL,,MG,3172004
24/06/2016,Feriado Municipal,MUNICIPAL,,MS,5000807
24/06/2016,Feriado Municipal,MUNICIPAL,,MS,5001904
24/06/2016,Feriado Municipal,MUNICIPAL,,MS,5002605
24/06/2016,Feriado Municipal,MUNICIPAL,,MS,5006358
24/06/2016,Feriado Municipal,MUNICIPAL,,MS,5006903
24/06/2016,Feriado Municipal,MUNICIPAL,,MS,5007802
24/06/2016,Feriado Municipal,MUNICIPAL,,MT,5103205
24/06/2016,Feriado Municipal,MUNICIPAL,,MT,5104203
24/06/2016,Feriado Municipal,MUNICIPAL,,MT,5107008
24/06/2016,Feriado Municipal,MUNICIPAL,,MT,5107180
24/06/2016,Feriado Municipal,MUNICIPAL,,PA,1501600
24/06/2016,Feriado Municipal,MUNICIPAL,,PA,1502103
24/06/2016,Feriado Municipal,MUNICIPAL,,PA,1503804
24/06/2016,Feriado Municipal,MUNICIPAL,,PA,1505908
24/06/2016,Feriado Municipal,MUNICIPAL,,PB,2500403
24/06/2016,Feriado Municipal,MUNICIPAL,,PB,2500601
24/06/2016,Feriado Municipal,MUNICIPAL,,PB,2500700
24/06/2016,Feriado Municipal,MUNICIPAL,,PB,2500809
24/06/2016,Feriado Municipal,MUNICIPAL,,PB,2500908
24/06/2016,Feriado Municipal,MUNICIPAL,,PB,2501005
24/06/2016,Feriado Municipal,MUNICIPAL,,PB,2501104
24/06/2016,Feriado Municipal,MUNICIPAL,,PB,2501575
24/06/2016,Feriado Municipal,MUNICIPAL,,PB,2501609
24/06/2016,Feriado Municipal,MUNICIPAL,,PB,2502409
24/06/2016,Feriado Municipal,MUNICIPAL,,PB,2502508
24/06/2016,Feriado Municipal,MUNICIPAL,,PB,2502805
24/06/2016,Feriado Municipal,MUNICIPAL,,PB,2503001
24/06/2016,Feriado Municipal,MUNICIPAL,,PB,2503100
24/06/2016,Feriado Municipal,MUNICIPAL,,PB,2503209
24/06/2016,Feriado Municipal,MUNICIPAL,,PB,2504355
24/06/2016,Feriado Municipal,MUNICIPAL,,PB,2504801
24/06/2016,Feriado Municipal,MUNICIPAL,,PB,2505105
24/06/2016,Feriado Municipal,MUNICIPAL,,PB,2505709
24/06/2016,Feriado Municipal,MUNICIPAL,,PB,2506103
24/06/2016,Feriado Municipal,MUNICIPAL,,PB,2506400
24/06/2016,Feriado Municipal,MUNICIPAL,,PB,2506806
24/06/2016,Feriado Municipal,MUNICIPAL,,PB,2506905
24/06/2016,Feriado Municipal,MUNICIPAL,,PB,2507002
24/06/2016,Feriado Municipal,MUNICIPAL,,PB,2507101
24/06/2016,Feriado Municipal,MUNICIPAL,,PB,2507309
24/06/2016,Feriado Municipal,MUNICIPAL,,PB,2508208
24/06/2016,Feriado Municipal,MUNICIPAL,,PB,2508307
24/06/2016,Feriado Municipal,MUNICIPAL,,PB,2509008
24/06/2016,Feriado Municipal,MUNICIPAL,,PB,2509107
24/06/2016,Feriado Municipal,MUNICIPAL,,PB,2509800
24/06/2016,Feriado Municipal,MUNICIPAL,,PB,2510808
24/06/2016,Feriado Municipal,MUNICIPAL,,PB,2511202
24/06/2016,Feriado Municipal,MUNICIPAL,,PB,2511806
24/06/2016,Feriado Municipal,MUNICIPAL,,PB,2512002
24/06/2016,Feriado Municipal,MUNICIPAL,,PB,2512101
24/06/2016,Feriado Municipal,MUNICIPAL,,PB,2512309
24/06/2016,Feriado Municipal,MUNICIPAL,,PB,2512507
24/06/2016,Feriado Municipal,MUNICIPAL,,PB,2512903
24/06/2016,Feriado Municipal,MUNICIPAL,,PB,2513406
24/06/2016,Feriado Municipal,MUNICIPAL,,PB,2515302
24/06/2016,Feriado Municipal,MUNICIPAL,,PB,2515500
24/06/2016,Feriado Municipal,MUNICIPAL,,PB,2515906
24/06/2016,Feriado Municipal,MUNICIPAL,,PB,2516102
24/06/2016,Feriado Municipal,MUNICIPAL,,PB,2516201
24/06/2016,Feriado Municipal,MUNICIPAL,,PB,2516300
24/06/2016,Feriado Municipal,MUNICIPAL,,PB,2516409
24/06/2016,Feriado Municipal,MUNICIPAL,,PB,2516508
24/06/2016,Feriado Municipal,MUNICIPAL,,PB,2516607
24/06/2016,Feriado Municipal,MUNICIPAL,,PB,2516706
24/06/2016,Feriado Municipal,MUNICIPAL,,PB,2517001
24/06/2016,Feriado Municipal,MUNICIPAL,,PI,2204501
24/06/2016,Feriado Municipal,MUNICIPAL,,PI,2208908
24/06/2016,Feriado Municipal,MUNICIPAL,,PI,2210003
24/06/2016,Feriado Municipal,MUNICIPAL,,PR,4101606
24/06/2016,Feriado Municipal,MUNICIPAL,,PR,4102802
24/06/2016,Feriado Municipal,MUNICIPAL,,PR,4103479
24/06/2016,Feriado Municipal,MUNICIPAL,,PR,4104006
24/06/2016,Feriado Municipal,MUNICIPAL,,PR,4106209
24/06/2016,Feriado Municipal,MUNICIPAL,,PR,4108007
24/06/2016,Feriado Municipal,MUNICIPAL,,PR,4110656
24/06/2016,Feriado Municipal,MUNICIPAL,,PR,4112108
24/06/2016,Feriado Municipal,MUNICIPAL,,PR,4115903
24/06/2016,Feriado Municipal,MUNICIPAL,,PR,4116109
24/06/2016,Feriado Municipal,MUNICIPAL,,PR,4116802
24/06/2016,Feriado Municipal,MUNICIPAL,,PR,4118808
24/06/2016,Feriado Municipal,MUNICIPAL,,PR,4120606
24/06/2016,Feriado Municipal,MUNICIPAL,,PR,4121703
24/06/2016,Feriado Municipal,MUNICIPAL,,PR,4124806
24/06/2016,Feriado Municipal,MUNICIPAL,,PR,4124905
24/06/2016,Feriado Municipal,MUNICIPAL,,PR,4125001
24/06/2016,Feriado Municipal,MUNICIPAL,,PR,4125100
24/06/2016,Feriado Municipal,MUNICIPAL,,RJ,3300902
24/06/2016,Feriado Municipal,MUNICIPAL,,RJ,3301306
24/06/2016,Feriado Municipal,MUNICIPAL,,RJ,3301900
24/06/2016,Feriado Municipal,MUNICIPAL,,RJ,3302403
24/06/2016,Feriado Municipal,MUNICIPAL,,RJ,3302452
24/06/2016,Feriado Municipal,MUNICIPAL,,RJ,3305000
24/06/2016,Feriado Municipal,MUNICIPAL,,RJ,3305109
24/06/2016,Feriado Municipal,MUNICIPAL,,RN,2401008
24/06/2016,Feriado Municipal,MUNICIPAL,,RN,2402105
24/06/2016,Feriado Municipal,MUNICIPAL,,RN,2404705
24/06/2016,Feriado Municipal,MUNICIPAL,,RN,2406502
24/06/2016,Feriado Municipal,MUNICIPAL,,RN,2408904
24/06/2016,Feriado Municipal,MUNICIPAL,,RN,2411205
24/06/2016,Feriado Municipal,MUNICIPAL,,RO,1100114
24/06/2016,Feriado Municipal,MUNICIPAL,,RO,1100254
24/06/2016,Feriado Municipal,MUNICIPAL,,RO,1100940
24/06/2016,Feriado Municipal,MUNICIPAL,,RO,1101708
24/06/2016,Feriado Municipal,MUNICIPAL,,RR,1400506
24/06/2016,Feriado Municipal,MUNICIPAL,,RS,4301404
24/06/2016,Feriado Municipal,MUNICIPAL,,RS,4303509
24/06/2016,Feriado Municipal,MUNICIPAL,,RS,4305454
24/06/2016,Feriado Municipal,MUNICIPAL,,RS,4305603
24/06/2016,Feriado Municipal,MUNICIPAL,,RS,4307104
24/06/2016,Feriado Municipal,MUNICIPAL,,RS,4307401
24/06/2016,Feriado Municipal,MUNICIPAL,,RS,4308409
24/06/2016,Feriado Municipal,MUNICIPAL,,RS,4311908
24/06/2016,Feriado Municipal,MUNICIPAL,,RS,4312401
24/06/2016,Feriado Municipal,MUNICIPAL,,RS,4313003
24/06/2016,Feriado Municipal,MUNICIPAL,,RS,4313300
24/06/2016,Feriado Municipal,MUNICIPAL,,RS,4315305
24/06/2016,Feriado Municipal,MUNICIPAL,,RS,4316600
24/06/2016,Feriado Municipal,MUNICIPAL,,RS,4317806
24/06/2016,Feriado Municipal,MUNICIPAL,,SC,4203600
24/06/2016,Feriado Municipal,MUNICIPAL,,SC,4203956
24/06/2016,Feriado Municipal,MUNICIPAL,,SC,4206108
24/06/2016,Feriado Municipal,MUNICIPAL,,SC,4207205
24/06/2016,Feriado Municipal,MUNICIPAL,,SC,4210704
24/06/2016,Feriado Municipal,MUNICIPAL,,SC,4218301
24/06/2016,Feriado Municipal,MUNICIPAL,,SE,2800506
24/06/2016,Feriado Municipal,MUNICIPAL,,SE,2800670
24/06/2016,Feriado Municipal,MUNICIPAL,,SE,2801702
24/06/2016,Feriado Municipal,MUNICIPAL,,SE,2802106
24/06/2016,Feriado Municipal,MUNICIPAL,,SE,2803005
24/06/2016,Feriado Municipal,MUNICIPAL,,SE,2803203
24/06/2016,Feriado Municipal,MUNICIPAL,,SE,2803302
24/06/2016,Feriado Municipal,MUNICIPAL,,SE,2803500
24/06/2016,Feriado Municipal,MUNICIPAL,,SE,2804102
24/06/2016,Feriado Municipal,MUNICIPAL,,SE,2804409
24/06/2016,Feriado Municipal,MUNICIPAL,,SE,2804607
24/06/2016,Feriado Municipal,MUNICIPAL,,SE,2804706
24/06/2016,Feriado Municipal,MUNICIPAL,,SE,2804904
24/06/2016,Feriado Municipal,MUNICIPAL,,SE,2805406
24/06/2016,Feriado Municipal,MUNICIPAL,,SE,2805505
24/06/2016,Feriado Municipal,MUNICIPAL,,SE,2806206
24/06/2016,Feriado Municipal,MUNICIPAL,,SE,2806602
24/06/2016,Feriado Municipal,MUNICIPAL,,SE,2806701
24/06/2016,Feriado Municipal,MUNICIPAL,,SE,2807105
24/06/2016,Feriado Municipal,MUNICIPAL,,SE,2807501
24/06/2016,Feriado Municipal,MUNICIPAL,,SE,2807600
24/06/2016,Feriado Municipal,MUNICIPAL,,SP,3501103
24/06/2016,Feriado Municipal,MUNICIPAL,,SP,3501202
24/06/2016,Feriado Municipal,MUNICIPAL,,SP,3501806
24/06/2016,Feriado Municipal,MUNICIPAL,,SP,3503703
24/06/2016,Feriado Municipal,MUNICIPAL,,SP,3504701
24/06/2016,Feriado Municipal,MUNICIPAL,,SP,3505609
24/06/2016,Feriado Municipal,MUNICIPAL,,SP,3506102
24/06/2016,Feriado Municipal,MUNICIPAL,,SP,3506805
24/06/2016,Feriado Municipal,MUNICIPAL,,SP,3508504
24/06/2016,Feriado Municipal,MUNICIPAL,,SP,3509809
24/06/2016,Feriado Municipal,MUNICIPAL,,SP,3509908
24/06/2016,Feriado Municipal,MUNICIPAL,,SP,3510401
24/06/2016,Feriado Municipal,MUNICIPAL,,SP,3511904
24/06/2016,Feriado Municipal,MUNICIPAL,,SP,3514304
24/06/2016,Feriado Municipal,MUNICIPAL,,SP,3516804
24/06/2016,Feriado Municipal,MUNICIPAL,,SP,3517109
24/06/2016,Feriado Municipal,MUNICIPAL,,SP,3517208
24/06/2016,Feriado Municipal,MUNICIPAL,,SP,3518503
24/06/2016,Feriado Municipal,MUNICIPAL,,SP,3519105
24/06/2016,Feriado Municipal,MUNICIPAL,,SP,3519303
24/06/2016,Feriado Municipal,MUNICIPAL,,SP,3519907
24/06/2016,Feriado Municipal,MUNICIPAL,,SP,3520707
24/06/2016,Feriado Municipal,MUNICIPAL,,SP,3522802
24/06/2016,Feriado Municipal,MUNICIPAL,,SP,3525508
24/06/2016,Feriado Municipal,MUNICIPAL,,SP,3525607
24/06/2016,Feriado Municipal,MUNICIPAL,,SP,3525706
24/06/2016,Feriado Municipal,MUNICIPAL,,SP,3526407
24/06/2016,Feriado Municipal,MUNICIPAL,,SP,3527405
24/06/2016,Feriado Municipal,MUNICIPAL,,SP,3530102
24/06/2016,Feriado Municipal,MUNICIPAL,,SP,3532603
24/06/2016,Feriado Municipal,MUNICIPAL,,SP,3534005
24/06/2016,Feriado Municipal,MUNICIPAL,,SP,3534757
24/06/2016,Feriado Municipal,MUNICIPAL,,SP,3535002
24/06/2016,Feriado Municipal,MUNICIPAL,,SP,3537602
24/06/2016,Feriado Municipal,MUNICIPAL,,SP,3538907
24/06/2016,Feriado Municipal,MUNICIPAL,,SP,3539202
24/06/2016,Feriado Municipal,MUNICIPAL,,SP,3540408
24/06/2016,Feriado Municipal,MUNICIPAL,,SP,3541901
24/06/2016,Feriado Municipal,MUNICIPAL,,SP,3542800
24/06/2016,Feriado Municipal,MUNICIPAL,,SP,3545100
24/06/2016,Feriado Municipal,MUNICIPAL,,SP,3545308
24/06/2016,Feriado Municipal,MUNICIPAL,,SP,3545704
24/06/2016,Feriado Municipal,MUNICIPAL,,SP,3546603
24/06/2016,Feriado Municipal,MUNICIPAL,,SP,3549102
24/06/2016,Feriado Municipal,MUNICIPAL,,SP,3549201
24/06/2016,Feriado Municipal,MUNICIPAL,,SP,3549300
24/06/2016,Feriado Municipal,MUNICIPAL,,SP,3551801
24/06/2016,Feriado Municipal,MUNICIPAL,,SP,3555703
24/06/2016,Feriado Municipal,MUNICIPAL,,TO,1700350
24/06/2016,Feriado Municipal,MUNICIPAL,,TO,1707652
24/06/2016,Feriado Municipal,MUNICIPAL,,TO,1708205
24/06/2016,Padroeiro,MUNICIPAL,Festa do padroeiro do município,SC,4216305
24/06/2016,São João,MUNICIPAL,Dia de São João,BA,2904605
24/06/2016,São João,MUNICIPAL,Dia de São João,BA,2919207
24/06/2016,São João,MUNICIPAL,,BA,2921104
24/06/2016,São João,MUNICIPAL,"Dia de São João, conforme Lei Municipal nº 1.391 de 16/08/2006",BA,2933307
24/06/2016,São João,MUNICIPAL,Homenagem a São João Batista,CE,2306553
24/06/2016,São João,MUNICIPAL,conforme Lei Municipal nº 348 de 10/03/1967,PB,2504009
24/06/2016,São João,MUNICIPAL,Dia de São João,PB,2504405
24/06/2016,São João,MUNICIPAL,Dia de São João,PB,2506004
24/06/2016,São João,MUNICIPAL,Dia de São João,PB,2506301
24/06/2016,São João,MUNICIPAL,"Dia de São João, padroeiro do Município",RN,2400208
24/06/2016,São João,MUNICIPAL,"Dia de São João, padroeiro do Município",SC,4205803
24/06/2016,São João,MUNICIPAL,"Dia de São João Batista, padroeiro do município",SP,3506359
24/06/2016,São João Batista,MUNICIPAL,,BA,2918001
24/06/2016,São João Batista,MUNICIPAL,"Dia de São João Batista, Aniversário de Cariacica - conforme Lei Municipal nº 317/1967",ES,3201308
24/06/2016,São João Batista,MUNICIPAL,"conforme Lei Municipal nº 1.411, de 16 de julho de 1988",PR,4108304
24/06/2016,São João Batista,MUNICIPAL,"Dia de São João Batista, Padroeiro da Paróquia de Nova Laranjeiras, segundo lei nº919-2013",PR,4117057
24/06/2016,São João Batista,MUNICIPAL,"Dia do Padroeiro da Cidade, São João Batista",SP,3533908
24/06/2016,São João Batista (Padroeiro),MUNICIPAL,conforme Lei Municipal nº 354 de 16/03/1982,SP,3505708
24/06/2016,São João Batista e Aniversário de Rio Claro,MUNICIPAL,Dia de São João Batista (Padroeiro) e Aniversário da Cidade conforme Lei Municipal nº 1.487 de 12/12/1977,SP,3543907
25/06/2016,Feriado Municipal,MUNICIPAL,,AM,1302900
25/06/2016,Feriado Municipal,MUNICIPAL,,BA,2904902
25/06/2016,Feriado Municipal,MUNICIPAL,,BA,2909109
25/06/2016,Feriado Municipal,MUNICIPAL,,BA,2923704
25/06/2016,Feriado Municipal,MUNICIPAL,,ES,3204955
25/06/2016,Feriado Municipal,MUNICIPAL,,MG,3141801
25/06/2016,Feriado Municipal,MUNICIPAL,,MT,5107701
25/06/2016,Feriado Municipal,MUNICIPAL,Alusivo à morte do ex-prefeito Luiz Goncalves de Lima.,PB,2509404
25/06/2016,Feriado Municipal,MUNICIPAL,,PI,2210607
25/06/2016,Feriado Municipal,MUNICIPAL,,TO,1713205
26/06/2016,Feriado Municipal,MUNICIPAL,,BA,2907301
26/06/2016,Feriado Municipal,MUNICIPAL,,BA,2907509
26/06/2016,Feriado Municipal,MUNICIPAL,,BA,2925105
26/06/2016,Feriado Municipal,MUNICIPAL,,BA,2928109
26/06/2016,Feriado Municipal,MUNICIPAL,,ES,3204609
26/06/2016,Feriado Municipal,MUNICIPAL,,PE,2613503
26/06/2016,Feriado Municipal,MUNICIPAL,,PR,4128104
27/06/2016,Dia da Padroeira da Cidade,MUNICIPAL,"Homenagem a Nossa Senhora do Perpetuo Socorro, a Padroeira de Feijó, por meio da Lei Municipal de Nº 452 de 01 de junho de 2009",AC,1200302
27/06/2016,Feriado Municipal,MUNICIPAL,,AM,1303536
27/06/2016,Feriado Municipal,MUNICIPAL,,BA,2905800
27/06/2016,Feriado Municipal,MUNICIPAL,,GO,5214002
27/06/2016,Feriado Municipal,MUNICIPAL,,MA,2101004
27/06/2016,Feriado Municipal,MUNICIPAL,,MA,2104008
27/06/2016,Feriado Municipal,MUNICIPAL,,MA,2104677
27/06/2016,Feriado Municipal,MUNICIPAL,,MG,3154101
27/06/2016,Feriado Municipal,MUNICIPAL,,MS,5000906
27/06/2016,Feriado Municipal,MUNICIPAL,,MS,5002159
27/06/2016,Feriado Municipal,MUNICIPAL,,MS,5004601
27/06/2016,Feriado Municipal,MUNICIPAL,,PR,4100806
27/06/2016,Feriado Municipal,MUNICIPAL,,RS,4304507
27/06/2016,Feriado Municipal,MUNICIPAL,,RS,4320107
27/06/2016,Feriado Municipal,MUNICIPAL,,SC,4202503
27/06/2016,Feriado Municipal,MUNICIPAL,,SC,4202602
27/06/2016,Feriado Municipal,MUNICIPAL,,SC,4208450
27/06/2016,Feriado Municipal,MUNICIPAL,,SP,3526605
27/06/2016,Feriado Municipal,MUNICIPAL,,SP,3554300
27/06/2016,N. Sra do Perpétuo Socorro,MUNICIPAL,"Nossa Senhora do Perpétuo Socorro, Padroeira do Município",PR,4127106
28/06/2016,Feriado Municipal,MUNICIPAL,,BA,2913606
28/06/2016,Feriado Municipal,MUNICIPAL,,GO,5221403
28/06/2016,Feriado Municipal,MUNICIPAL,,MA,2109106
28/06/2016,Feriado Municipal,MUNICIPAL,,PA,1500503
28/06/2016,Feriado Municipal,MUNICIPAL,,PB,2509701
28/06/2016,Feriado Municipal,MUNICIPAL,,PE,2600807
28/06/2016,Feriado Municipal,MUNICIPAL,,PR,4105706
28/06/2016,Feriado Municipal,MUNICIPAL,,SP,3542404
29/06/2016,Cidadania Franciscana,MUNICIPAL,"Data maior, consagrada à memória dos Franciscanos que participaram das lutas pela independência, de acordo com a Lei nº 415 de 14 de março de 1975.",BA,2929206
29/06/2016,Dia de São Pedro,MUNICIPAL,conforme Lei Municipal nº 228 de 14/08/1967,ES,3205002
29/06/2016,Dia de São Pedro,MUNICIPAL,,MA,2101251
29/06/2016,Dia de São Pedro,MUNICIPAL,Dia 29 – Festividades de São Pedro (Lei nº 01/99),PB,2501906
29/06/2016,Dia de São Pedro,MUNICIPAL,"Dia de São Pedro, padroeiro do Município",SP,3515152
29/06/2016,Dia de São Pedro,MUNICIPAL,"Feriado municipal em louvor a São Pedro, Padroeiro da Cidade, conforme Lei Municipal nº 701 de 18/06/1991",SP,3541000
29/06/2016,"Dia de São Pedro, padroeiro da cidade",MUNICIPAL,,PR,4118857
29/06/2016,"Dia de São Pedro, padroeiro do município.",MUNICIPAL,,SC,4212254
29/06/2016,Feriado Municipal,MUNICIPAL,,AM,1300706
29/06/2016,Feriado Municipal,MUNICIPAL,,AM,1301902
29/06/2016,Feriado Municipal,MUNICIPAL,,AM,1303569
29/06/2016,Feriado Municipal,MUNICIPAL,,AM,1303908
29/06/2016,Feriado Municipal,MUNICIPAL,,AP,1600154
29/06/2016,Feriado Municipal,MUNICIPAL,,BA,2900801
29/06/2016,Feriado Municipal,MUNICIPAL,,BA,2901403
29/06/2016,Feriado Municipal,MUNICIPAL,,BA,2902005
29/06/2016,Feriado Municipal,MUNICIPAL,,BA,2908903
29/06/2016,Feriado Municipal,MUNICIPAL,,BA,2919702
29/06/2016,Feriado Municipal,MUNICIPAL,,BA,2921609
29/06/2016,Feriado Municipal,MUNICIPAL,,BA,2922003
29/06/2016,Feriado Municipal,MUNICIPAL,,BA,2922300
29/06/2016,Feriado Municipal,MUNICIPAL,,BA,2923001
29/06/2016,Feriado Municipal,MUNICIPAL,,BA,2924108
29/06/2016,Feriado Municipal,MUNICIPAL,,BA,2927606
29/06/2016,Feriado Municipal,MUNICIPAL,,BA,2927705
29/06/2016,Feriado Municipal,MUNICIPAL,,BA,2928307
29/06/2016,Feriado Municipal,MUNICIPAL,,BA,2931350
29/06/2016,Feriado Municipal,MUNICIPAL,,BA,2931509
29/06/2016,Feriado Municipal,MUNICIPAL,,BA,2932705
29/06/2016,Feriado Municipal,MUNICIPAL,,CE,2301950
29/06/2016,Feriado Municipal,MUNICIPAL,,CE,2302206
29/06/2016,Feriado Municipal,MUNICIPAL,,CE,2302602
29/06/2016,Feriado Municipal,MUNICIPAL,,CE,2303204
29/06/2016,Feriado Municipal,MUNICIPAL,,CE,2304459
29/06/2016,Feriado Municipal,MUNICIPAL,,CE,2305308
29/06/2016,Feriado Municipal,MUNICIPAL,,CE,2310209
29/06/2016,Feriado Municipal,MUNICIPAL,,CE,2310308
29/06/2016,Feriado Municipal,MUNICIPAL,,CE,2313351
29/06/2016,Feriado Municipal,MUNICIPAL,,ES,3200409
29/06/2016,Feriado Municipal,MUNICIPAL,,ES,3200805
29/06/2016,Feriado Municipal,MUNICIPAL,,ES,3201209
29/06/2016,Feriado Municipal,MUNICIPAL,,ES,3201605
29/06/2016,Feriado Municipal,MUNICIPAL,,ES,3202405
29/06/2016,Feriado Municipal,MUNICIPAL,,ES,3204203
29/06/2016,Feriado Municipal,MUNICIPAL,,ES,3205150
29/06/2016,Feriado Municipal,MUNICIPAL,,GO,5202353
29/06/2016,Feriado Municipal,MUNICIPAL,,GO,5203807
29/06/2016,Feriado Municipal,MUNICIPAL,,GO,5215256
29/06/2016,Feriado Municipal,MUNICIPAL,,GO,5221403
29/06/2016,Feriado Municipal,MUNICIPAL,,MA,2102002
29/06/2016,Feriado Municipal,MUNICIPAL,,MA,2102606
29/06/2016,Feriado Municipal,MUNICIPAL,,MA,2103000
29/06/2016,Feriado Municipal,MUNICIPAL,,MA,2103406
29/06/2016,Feriado Municipal,MUNICIPAL,,MA,2103703
29/06/2016,Feriado Municipal,MUNICIPAL,,MA,2103802
29/06/2016,Feriado Municipal,MUNICIPAL,,MA,2103901
29/06/2016,Feriado Municipal,MUNICIPAL,,MA,2104503
29/06/2016,Feriado Municipal,MUNICIPAL,,MA,2105005
29/06/2016,Feriado Municipal,MUNICIPAL,,MA,2105104
29/06/2016,Feriado Municipal,MUNICIPAL,,MA,2106003
29/06/2016,Feriado Municipal,MUNICIPAL,,MA,2106755
29/06/2016,Feriado Municipal,MUNICIPAL,,MA,2107506
29/06/2016,Feriado Municipal,MUNICIPAL,,MA,2107803
29/06/2016,Feriado Municipal,MUNICIPAL,,MA,2108207
29/06/2016,Feriado Municipal,MUNICIPAL,,MA,2108702
29/06/2016,Feriado Municipal,MUNICIPAL,,MA,2108900
29/06/2016,Feriado Municipal,MUNICIPAL,,MA,2109601
29/06/2016,Feriado Municipal,MUNICIPAL,,MA,2110005
29/06/2016,Feriado Municipal,MUNICIPAL,,MA,2110039
29/06/2016,Feriado Municipal,MUNICIPAL,,MA,2110104
29/06/2016,Feriado Municipal,MUNICIPAL,,MA,2110203
29/06/2016,Feriado Municipal,MUNICIPAL,,MA,2110302
29/06/2016,Feriado Municipal,MUNICIPAL,,MA,2111201
29/06/2016,Feriado Municipal,MUNICIPAL,,MA,2111706
29/06/2016,Feriado Municipal,MUNICIPAL,,MA,2112506
29/06/2016,Feriado Municipal,MUNICIPAL,,MA,2112704
29/06/2016,Feriado Municipal,MUNICIPAL,,MG,3112604
29/06/2016,Feriado Municipal,MUNICIPAL,,MG,3113503
29/06/2016,Feriado Municipal,MUNICIPAL,,MG,3122009
29/06/2016,Feriado Municipal,MUNICIPAL,,MG,3122405
29/06/2016,Feriado Municipal,MUNICIPAL,,MG,3128808
29/06/2016,Feriado Municipal,MUNICIPAL,,MG,3138005
29/06/2016,Feriado Municipal,MUNICIPAL,,MG,3138104
29/06/2016,Feriado Municipal,MUNICIPAL,,MG,3138625
29/06/2016,Feriado Municipal,MUNICIPAL,,MG,3142403
29/06/2016,Feriado Municipal,MUNICIPAL,,MG,3143906
29/06/2016,Feriado Municipal,MUNICIPAL,,MG,3146750
29/06/2016,Feriado Municipal,MUNICIPAL,,MG,3149507
29/06/2016,Feriado Municipal,MUNICIPAL,,MG,3162708
29/06/2016,Feriado Municipal,MUNICIPAL,,MG,3163904
29/06/2016,Feriado Municipal,MUNICIPAL,,MG,3164001
29/06/2016,Feriado Municipal,MUNICIPAL,,MG,3165602
29/06/2016,Feriado Municipal,MUNICIPAL,,MG,3168606
29/06/2016,Feriado Municipal,MUNICIPAL,,MS,5000856
29/06/2016,Feriado Municipal,MUNICIPAL,,MS,5002209
29/06/2016,Feriado Municipal,MUNICIPAL,,MS,5002951
29/06/2016,Feriado Municipal,MUNICIPAL,,MS,5005103
29/06/2016,Feriado Municipal,MUNICIPAL,,MT,5104559
29/06/2016,Feriado Municipal,MUNICIPAL,,MT,5106299
29/06/2016,Feriado Municipal,MUNICIPAL,,MT,5106307
29/06/2016,Feriado Municipal,MUNICIPAL,,MT,5106372
29/06/2016,Feriado Municipal,MUNICIPAL,,MT,5108600
29/06/2016,Feriado Municipal,MUNICIPAL,,PA,1502756
29/06/2016,Feriado Municipal,MUNICIPAL,,PA,1507904
29/06/2016,Feriado Municipal,MUNICIPAL,,PB,2500403
29/06/2016,Feriado Municipal,MUNICIPAL,,PB,2500700
29/06/2016,Feriado Municipal,MUNICIPAL,,PB,2502409
29/06/2016,Feriado Municipal,MUNICIPAL,,PB,2503100
29/06/2016,Feriado Municipal,MUNICIPAL,,PB,2504801
29/06/2016,Feriado Municipal,MUNICIPAL,,PB,2507002
29/06/2016,Feriado Municipal,MUNICIPAL,,PB,2508307
29/06/2016,Feriado Municipal,MUNICIPAL,,PB,2508901
29/06/2016,Feriado Municipal,MUNICIPAL,,PB,2509107
29/06/2016,Feriado Municipal,MUNICIPAL,,PB,2511400
29/06/2016,Feriado Municipal,MUNICIPAL,,PB,2511806
29/06/2016,Feriado Municipal,MUNICIPAL,,PB,2512101
29/06/2016,Feriado Municipal,MUNICIPAL,,PB,2514909
29/06/2016,Feriado Municipal,MUNICIPAL,,PB,2515302
29/06/2016,Feriado Municipal,MUNICIPAL,,PB,2516706
29/06/2016,Feriado Municipal,MUNICIPAL,,PB,2516904
29/06/2016,Feriado Municipal,MUNICIPAL,,PB,2517001
29/06/2016,Feriado Municipal,MUNICIPAL,,PE,2600807
29/06/2016,Feriado Municipal,MUNICIPAL,,PE,2600906
29/06/2016,Feriado Municipal,MUNICIPAL,,PE,2602209
29/06/2016,Feriado Municipal,MUNICIPAL,,PE,2603108
29/06/2016,Feriado Municipal,MUNICIPAL,,PE,2605004
29/06/2016,Feriado Municipal,MUNICIPAL,,PE,2605459
29/06/2016,Feriado Municipal,MUNICIPAL,,PE,2605905
29/06/2016,Feriado Municipal,MUNICIPAL,,PE,2607703
29/06/2016,Feriado Municipal,MUNICIPAL,,PE,2607752
29/06/2016,Feriado Municipal,MUNICIPAL,,PE,2608909
29/06/2016,Feriado Municipal,MUNICIPAL,,PE,2609105
29/06/2016,Feriado Municipal,MUNICIPAL,,PE,2612802
29/06/2016,Feriado Municipal,MUNICIPAL,,PE,2614857
29/06/2016,Feriado Municipal,MUNICIPAL,,PI,2205706
29/06/2016,Feriado Municipal,MUNICIPAL,,PI,2210508
29/06/2016,Feriado Municipal,MUNICIPAL,,PR,4106555
29/06/2016,Feriado Municipal,MUNICIPAL,,PR,4107306
29/06/2016,Feriado Municipal,MUNICIPAL,,PR,4110300
29/06/2016,Feriado Municipal,MUNICIPAL,,PR,4111258
29/06/2016,Feriado Municipal,MUNICIPAL,,PR,4113908
29/06/2016,Feriado Municipal,MUNICIPAL,,PR,4115705
29/06/2016,Feriado Municipal,MUNICIPAL,,PR,4115754
29/06/2016,Feriado Municipal,MUNICIPAL,,PR,4117271
29/06/2016,Feriado Municipal,MUNICIPAL,,PR,4118501
29/06/2016,Feriado Municipal,MUNICIPAL,,PR,4119004
29/06/2016,Feriado Municipal,MUNICIPAL,,PR,4121000
29/06/2016,Feriado Municipal,MUNICIPAL,,PR,4121307
29/06/2016,Feriado Municipal,MUNICIPAL,,PR,4125753
29/06/2016,Feriado Municipal,MUNICIPAL,,PR,4125803
29/06/2016,Feriado Municipal,MUNICIPAL,,RJ,3301108
29/06/2016,Feriado Municipal,MUNICIPAL,,RJ,3303609
29/06/2016,Feriado Municipal,MUNICIPAL,,RJ,3303708
29/06/2016,Feriado Municipal,MUNICIPAL,,RJ,3303906
29/06/2016,Feriado Municipal,MUNICIPAL,,RJ,3304607
29/06/2016,Feriado Municipal,MUNICIPAL,,RJ,3305208
29/06/2016,Feriado Municipal,MUNICIPAL,,RN,2402600
29/06/2016,Feriado Municipal,MUNICIPAL,,RN,2405801
29/06/2016,Feriado Municipal,MUNICIPAL,,RN,2408300
29/06/2016,Feriado Municipal,MUNICIPAL,,RN,2409704
29/06/2016,Feriado Municipal,MUNICIPAL,,RN,2409803
29/06/2016,Feriado Municipal,MUNICIPAL,,RN,2412609
29/06/2016,Feriado Municipal,MUNICIPAL,,RN,2414100
29/06/2016,Feriado Municipal,MUNICIPAL,,RN,2414407
29/06/2016,Feriado Municipal,MUNICIPAL,,RS,4302907
29/06/2016,Feriado Municipal,MUNICIPAL,,RS,4306809
29/06/2016,Feriado Municipal,MUNICIPAL,,RS,4308458
29/06/2016,Feriado Municipal,MUNICIPAL,,RS,4308607
29/06/2016,Feriado Municipal,MUNICIPAL,,RS,4309753
29/06/2016,Feriado Municipal,MUNICIPAL,,RS,4315602
29/06/2016,Feriado Municipal,MUNICIPAL,,RS,4318507
29/06/2016,Feriado Municipal,MUNICIPAL,,RS,4319307
29/06/2016,Feriado Municipal,MUNICIPAL,,RS,4319406
29/06/2016,Feriado Municipal,MUNICIPAL,,RS,4321600
29/06/2016,Feriado Municipal,MUNICIPAL,,RS,4323804
29/06/2016,Feriado Municipal,MUNICIPAL,,SC,4208005
29/06/2016,Feriado Municipal,MUNICIPAL,,SC,4211108
29/06/2016,Feriado Municipal,MUNICIPAL,,SC,4213005
29/06/2016,Feriado Municipal,MUNICIPAL,,SC,4216800
29/06/2016,Feriado Municipal,MUNICIPAL,,SC,4219101
29/06/2016,Feriado Municipal,MUNICIPAL,,SE,2801702
29/06/2016,Feriado Municipal,MUNICIPAL,,SE,2803203
29/06/2016,Feriado Municipal,MUNICIPAL,,SE,2804409
29/06/2016,Feriado Municipal,MUNICIPAL,,SE,2804904
29/06/2016,Feriado Municipal,MUNICIPAL,,SE,2805208
29/06/2016,Feriado Municipal,MUNICIPAL,,SE,2805307
29/06/2016,Feriado Municipal,MUNICIPAL,,SE,2805703
29/06/2016,Feriado Municipal,MUNICIPAL,,SE,2806206
29/06/2016,Feriado Municipal,MUNICIPAL,,SE,2806701
29/06/2016,Feriado Municipal,MUNICIPAL,,SP,3509106
29/06/2016,Feriado Municipal,MUNICIPAL,,SP,3510609
29/06/2016,Feriado Municipal,MUNICIPAL,,SP,3510906
29/06/2016,Feriado Municipal,MUNICIPAL,,SP,3515301
29/06/2016,Feriado Municipal,MUNICIPAL,,SP,3516507
29/06/2016,Feriado Municipal,MUNICIPAL,,SP,3516705
29/06/2016,Feriado Municipal,MUNICIPAL,,SP,3518206
29/06/2016,Feriado Municipal,MUNICIPAL,,SP,3518909
29/06/2016,Feriado Municipal,MUNICIPAL,,SP,3519204
29/06/2016,Feriado Municipal,MUNICIPAL,,SP,3523206
29/06/2016,Feriado Municipal,MUNICIPAL,,SP,3524600
29/06/2016,Feriado Municipal,MUNICIPAL,,SP,3525102
29/06/2016,Feriado Municipal,MUNICIPAL,,SP,3527504
29/06/2016,Feriado Municipal,MUNICIPAL,,SP,3528908
29/06/2016,Feriado Municipal,MUNICIPAL,,SP,3529203
29/06/2016,Feriado Municipal,MUNICIPAL,,SP,3530300
29/06/2016,Feriado Municipal,MUNICIPAL,,SP,3530904
29/06/2016,Feriado Municipal,MUNICIPAL,,SP,3531506
29/06/2016,Feriado Municipal,MUNICIPAL,,SP,3532009
29/06/2016,Feriado Municipal,MUNICIPAL,,SP,3532207
29/06/2016,Feriado Municipal,MUNICIPAL,,SP,3533106
29/06/2016,Feriado Municipal,MUNICIPAL,,SP,3533304
29/06/2016,Feriado Municipal,MUNICIPAL,,SP,3534807
29/06/2016,Feriado Municipal,MUNICIPAL,,SP,3536208
29/06/2016,Feriado Municipal,MUNICIPAL,,SP,3536406
29/06/2016,Feriado Municipal,MUNICIPAL,,SP,3538105
29/06/2016,Feriado Municipal,MUNICIPAL,,SP,3541307
29/06/2016,Feriado Municipal,MUNICIPAL,,SP,3549300
29/06/2016,Feriado Municipal,MUNICIPAL,,SP,3550407
29/06/2016,Feriado Municipal,MUNICIPAL,,SP,3550506
29/06/2016,Feriado Municipal,MUNICIPAL,,SP,3554201
29/06/2016,Feriado Municipal,MUNICIPAL,,SP,3555000
29/06/2016,Feriado Municipal,MUNICIPAL,,SP,3555406
29/06/2016,Feriado Municipal,MUNICIPAL,,SP,3556800
29/06/2016,Feriado Municipal,MUNICIPAL,,TO,1701002
29/06/2016,Feriado Municipal,MUNICIPAL,,TO,1709302
29/06/2016,Feriado Municipal,MUNICIPAL,,TO,1716505
29/06/2016,São Pedro,MUNICIPAL,"conforme Lei nº 3432, de 06 de fevereiro de 1996",MA,2111300
29/06/2016,São Pedro,MUNICIPAL,São Pedro - Padroeiro de Sorriso/MT,MT,5107925
29/06/2016,São Pedro,MUNICIPAL,De acordo com a Lei nº 2.959 de 1985,PE,2604106
29/06/2016,São Pedro,MUNICIPAL,"Dia de São Pedro, padroeiro do municipio",PR,4122503
29/06/2016,São Pedro,MUNICIPAL,http://www.boavista.rr.gov.br/comum/code/MostrarArquivo.php?C=MTAzMA%2C%2C,RR,1400100
29/06/2016,São Pedro,MUNICIPAL,"São Pedro, padroeiro da cidade",RS,4321436
29/06/2016,São Pedro Apóstolo,MUNICIPAL,Feriado municipal em comemoração ao Padroeiro da Cidade de Feliz Natal,MT,5103700
30/06/2016,Feriado Municipal,MUNICIPAL,,BA,2909406
30/06/2016,Feriado Municipal,MUNICIPAL,,BA,2925303
30/06/2016,Feriado Municipal,MUNICIPAL,,BA,2932101
30/06/2016,Feriado Municipal,MUNICIPAL,,GO,5208509
30/06/2016,Feriado Municipal,MUNICIPAL,,MG,3138302
30/06/2016,Feriado Municipal,MUNICIPAL,,PI,2210805
30/06/2016,Feriado Municipal,MUNICIPAL,,RJ,3300951
30/06/2016,Feriado Municipal,MUNICIPAL,,RJ,3302270
30/06/2016,Feriado Municipal,MUNICIPAL,,SP,3545159
01/07/2016,Feriado Municipal,MUNICIPAL,,BA,2927002
01/07/2016,Feriado Municipal,MUNICIPAL,,MG,3117603
01/07/2016,Feriado Municipal,MUNICIPAL,,MG,3121407
01/07/2016,Feriado Municipal,MUNICIPAL,,MG,3128204
01/07/2016,Feriado Municipal,MUNICIPAL,,MG,3148509
01/07/2016,Feriado Municipal,MUNICIPAL,,MG,3163607
01/07/2016,Feriado Municipal,MUNICIPAL,,PE,2600104
01/07/2016,Feriado Municipal,MUNICIPAL,,PE,2610400
01/07/2016,Feriado Municipal,MUNICIPAL,,PE,2611002
01/07/2016,Feriado Municipal,MUNICIPAL,,PI,2200202
01/07/2016,Feriado Municipal,MUNICIPAL,,PR,4121802
01/07/2016,Feriado Municipal,MUNICIPAL,,RR,1400308
01/07/2016,Feriado Municipal,MUNICIPAL,,RR,1400506
01/07/2016,Feriado Municipal,MUNICIPAL,,RS,4310504
01/07/2016,Feriado Municipal,MUNICIPAL,,SP,3504008
02/07/2016,Feriado Municipal,MUNICIPAL,,CE,2304707
02/07/2016,Feriado Municipal,MUNICIPAL,,GO,5215256
02/07/2016,Feriado Municipal,MUNICIPAL,,GO,5221403
02/07/2016,Feriado Municipal,MUNICIPAL,,PA,1503903
02/07/2016,Feriado Municipal,MUNICIPAL,,PI,2203909
02/07/2016,Feriado Municipal,MUNICIPAL,,SP,3500501
03/07/2016,Aniversário da Cidade,MUNICIPAL,conforme Lei Municipal nº 1.258 de 22/06/1979,MG,3143302
03/07/2016,Feriado Municipal,MUNICIPAL,,AC,1200104
03/07/2016,Feriado Municipal,MUNICIPAL,,GO,5205513
03/07/2016,Feriado Municipal,MUNICIPAL,,MG,3169406
03/07/2016,Feriado Municipal,MUNICIPAL,,MG,3169901
03/07/2016,Feriado Municipal,MUNICIPAL,,PR,4126108
03/07/2016,Feriado Municipal,MUNICIPAL,,SP,3500402
04/07/2016,Aniversário da Cidade,MUNICIPAL,Emancipação do Município,MT,5102637
04/07/2016,Emancipação do Município,MUNICIPAL,Aniversário da Emancipação do Município de Campo Verde,MT,5102678
04/07/2016,Feriado Municipal,MUNICIPAL,,ES,3201902
04/07/2016,Feriado Municipal,MUNICIPAL,,GO,5221601
04/07/2016,Feriado Municipal,MUNICIPAL,,MG,3129202
04/07/2016,Feriado Municipal,MUNICIPAL,,MG,3151008
04/07/2016,Feriado Municipal,MUNICIPAL,,MS,5006309
04/07/2016,Feriado Municipal,MUNICIPAL,,MT,5103056
04/07/2016,Feriado Municipal,MUNICIPAL,,MT,5105176
04/07/2016,Feriado Municipal,MUNICIPAL,,MT,5105606
04/07/2016,Feriado Municipal,MUNICIPAL,,MT,5106224
04/07/2016,Feriado Municipal,MUNICIPAL,,MT,5108006
04/07/2016,Feriado Municipal,MUNICIPAL,,PI,2208403
04/07/2016,Feriado Municipal,MUNICIPAL,,PR,4110656
04/07/2016,Feriado Municipal,MUNICIPAL,,RS,4321303
04/07/2016,Feriado Municipal,MUNICIPAL,,SP,3511201
04/07/2016,Feriado Municipal,MUNICIPAL,,SP,3519600
04/07/2016,Feriado Municipal,MUNICIPAL,,SP,3546801
05/07/2016,Aniversário da cidade,MUNICIPAL,http://itaguai.rj.gov.br/pdfjornal/Edicao384.pdf,RJ,3302007
05/07/2016,Feriado Municipal,MUNICIPAL,,BA,2901403
05/07/2016,Feriado Municipal,MUNICIPAL,,BA,2906709
05/07/2016,Feriado Municipal,MUNICIPAL,,BA,2914406
05/07/2016,Feriado Municipal,MUNICIPAL,,BA,2927804
05/07/2016,Feriado Municipal,MUNICIPAL,,BA,2930808
05/07/2016,Feriado Municipal,MUNICIPAL,,CE,2302206
05/07/2016,Feriado Municipal,MUNICIPAL,,CE,2312908
05/07/2016,Feriado Municipal,MUNICIPAL,,MA,2100204
05/07/2016,Feriado Municipal,MUNICIPAL,,MA,2102309
05/07/2016,Feriado Municipal,MUNICIPAL,,PA,1502301
05/07/2016,Feriado Municipal,MUNICIPAL,,PB,2506905
05/07/2016,Feriado Municipal,MUNICIPAL,,PI,2210003
05/07/2016,Feriado Municipal,MUNICIPAL,,RN,2411502
05/07/2016,Feriado Municipal,MUNICIPAL,,SP,3515608
06/07/2016,Aniversário da Cidade,MUNICIPAL,Emancipação politica do município,BA,2930204
06/07/2016,Feriado Municipal,MUNICIPAL,,BA,2915205
06/07/2016,Feriado Municipal,MUNICIPAL,,BA,2918100
06/07/2016,Feriado Municipal,MUNICIPAL,,BA,2919801
06/07/2016,Feriado Municipal,MUNICIPAL,,CE,2304103
06/07/2016,Feriado Municipal,MUNICIPAL,,GO,5215702
06/07/2016,Feriado Municipal,MUNICIPAL,,PA,1504406
06/07/2016,Feriado Municipal,MUNICIPAL,,PA,1508308
06/07/2016,Feriado Municipal,MUNICIPAL,,PR,4105607
06/07/2016,Feriado Municipal,MUNICIPAL,,RJ,3305802
06/07/2016,Feriado Municipal,MUNICIPAL,,RO,1100031
06/07/2016,Feriado Municipal,MUNICIPAL,,RS,4314605
06/07/2016,Feriado Municipal,MUNICIPAL,,SE,2803609
07/07/2016,Feriado Municipal,MUNICIPAL,,BA,2908408
07/07/2016,Feriado Municipal,MUNICIPAL,,SE,2804805
07/07/2016,Feriado Municipal,MUNICIPAL,,TO,1721208
08/07/2016,Feriado Municipal,MUNICIPAL,,AL,2702504
08/07/2016,Feriado Municipal,MUNICIPAL,,BA,2907905
08/07/2016,Feriado Municipal,MUNICIPAL,,MA,2102804
08/07/2016,Feriado Municipal,MUNICIPAL,,MA,2112803
08/07/2016,Feriado Municipal,MUNICIPAL,,MG,3146107
08/07/2016,Feriado Municipal,MUNICIPAL,,MG,3165107
08/07/2016,Feriado Municipal,MUNICIPAL,,PA,1501709
08/07/2016,Feriado Municipal,MUNICIPAL,,PI,2203909
08/07/2016,Feriado Municipal,MUNICIPAL,,SP,3555604
09/07/2016,Comemoração da fundação do município,MUNICIPAL,conforme o Decreto nº 1300 de 17 de dezembro de 2014,PE,2602902
09/07/2016,Dia do Evangélico,MUNICIPAL,"Feriado no Segundo Sábado de Julho, do dia do evangélico, segundo Lei nº 094/1997",MT,5103353
09/07/2016,Dia do Evangélico,MUNICIPAL,Dia do Evangélico,PB,2505808
09/07/2016,Feriado Municipal,MUNICIPAL,,AL,2704005
09/07/2016,Feriado Municipal,MUNICIPAL,,BA,2911303
09/07/2016,Feriado Municipal,MUNICIPAL,,BA,2918605
09/07/2016,Feriado Municipal,MUNICIPAL,,BA,2929057
09/07/2016,Feriado Municipal,MUNICIPAL,,BA,2932002
09/07/2016,Feriado Municipal,MUNICIPAL,,GO,5205802
09/07/2016,Feriado Municipal,MUNICIPAL,,MS,5003801
09/07/2016,Feriado Municipal,MUNICIPAL,,PE,2606101
09/07/2016,Feriado Municipal,MUNICIPAL,,RS,4308300
09/07/2016,Feriado Municipal,MUNICIPAL,,RS,4314001
09/07/2016,Santa Paulina,MUNICIPAL,Aniversário de Morte de Santa Paulina,SC,4211504
10/07/2016,Feriado Municipal,MUNICIPAL,,GO,5206602
10/07/2016,Feriado Municipal,MUNICIPAL,,MG,3105103
10/07/2016,Feriado Municipal,MUNICIPAL,,PB,2501005
10/07/2016,Feriado Municipal,MUNICIPAL,,PB,2516201
10/07/2016,Feriado Municipal,MUNICIPAL,,SC,4215703
10/07/2016,Feriado Municipal,MUNICIPAL,,SP,3504909
10/07/2016,Feriado Municipal,MUNICIPAL,,SP,3535606
10/07/2016,Feriado Municipal,MUNICIPAL,,SP,3544004
11/07/2016,Feriado Municipal,MUNICIPAL,,BA,2912202
11/07/2016,Feriado Municipal,MUNICIPAL,,BA,2924306
11/07/2016,Feriado Municipal,MUNICIPAL,,CE,2300754
11/07/2016,Feriado Municipal,MUNICIPAL,,CE,2308401
11/07/2016,Feriado Municipal,MUNICIPAL,,MA,2102101
11/07/2016,Feriado Municipal,MUNICIPAL,,MA,2112407
11/07/2016,Feriado Municipal,MUNICIPAL,,MG,3133501
11/07/2016,Feriado Municipal,MUNICIPAL,,MG,3145307
11/07/2016,Feriado Municipal,MUNICIPAL,,PR,4123857
11/07/2016,Feriado Municipal,MUNICIPAL,,RJ,3302809
11/07/2016,Feriado Municipal,MUNICIPAL,,SP,3502101
11/07/2016,Feriado Municipal,MUNICIPAL,,SP,3509403
11/07/2016,Feriado Municipal,MUNICIPAL,,SP,3548609
12/07/2016,Anísio Teixeira,MUNICIPAL,Nascimento do Educador Anísio Teixeira,BA,2905206
12/07/2016,Feriado Municipal,MUNICIPAL,,BA,2902005
12/07/2016,Feriado Municipal,MUNICIPAL,,CE,2310902
12/07/2016,Feriado Municipal,MUNICIPAL,,RN,2404309
12/07/2016,Feriado Municipal,MUNICIPAL,,SC,4201604
12/07/2016,Feriado Municipal,MUNICIPAL,,SC,4204558
12/07/2016,Feriado Municipal,MUNICIPAL,,SC,4218806
13/07/2016,Feriado Municipal,MUNICIPAL,,AL,2707701
13/07/2016,Feriado Municipal,MUNICIPAL,,BA,2900405
13/07/2016,Feriado Municipal,MUNICIPAL,,BA,2928307
13/07/2016,Feriado Municipal,MUNICIPAL,,PR,4113007
13/07/2016,Feriado Municipal,MUNICIPAL,,PR,4127205
13/07/2016,Feriado Municipal,MUNICIPAL,,TO,1718204
14/07/2016,Feriado Municipal,MUNICIPAL,,BA,2906303
14/07/2016,Feriado Municipal,MUNICIPAL,,GO,5206602
14/07/2016,Feriado Municipal,MUNICIPAL,,GO,5208608
14/07/2016,Feriado Municipal,MUNICIPAL,,MG,3107307
14/07/2016,Feriado Municipal,MUNICIPAL,,MG,3111804
14/07/2016,Feriado Municipal,MUNICIPAL,,PA,1503705
14/07/2016,Feriado Municipal,MUNICIPAL,,PR,4122008
14/07/2016,Feriado Municipal,MUNICIPAL,,PR,4127007
14/07/2016,Feriado Municipal,MUNICIPAL,,RS,4311205
15/07/2016,Feriado Municipal,MUNICIPAL,,BA,2902807
15/07/2016,Feriado Municipal,MUNICIPAL,,BA,2918407
15/07/2016,Feriado Municipal,MUNICIPAL,,MA,2111805
15/07/2016,Feriado Municipal,MUNICIPAL,,MG,3100906
15/07/2016,Feriado Municipal,MUNICIPAL,,MG,3138708
15/07/2016,Feriado Municipal,MUNICIPAL,,MG,3155603
15/07/2016,Feriado Municipal,MUNICIPAL,,PR,4110706
15/07/2016,Feriado Municipal,MUNICIPAL,,TO,1716505
16/07/2016,Aniversário,MUNICIPAL,Aniversário da Cidade de Mariana,MG,3140001
16/07/2016,Dia de Nossa Senhora do Carmo,MUNICIPAL,"Padroeira da cidade, conforme Lei Municipal nº 4.731 de 22/12/2008",MG,3106705
16/07/2016,Feriado Municipal,MUNICIPAL,,AL,2702108
16/07/2016,Feriado Municipal,MUNICIPAL,,AL,2706000
16/07/2016,Feriado Municipal,MUNICIPAL,,AM,1302504
16/07/2016,Feriado Municipal,MUNICIPAL,,AM,1303403
16/07/2016,Feriado Municipal,MUNICIPAL,,BA,2903409
16/07/2016,Feriado Municipal,MUNICIPAL,,BA,2912707
16/07/2016,Feriado Municipal,MUNICIPAL,,BA,2920007
16/07/2016,Feriado Municipal,MUNICIPAL,,BA,2927309
16/07/2016,Feriado Municipal,MUNICIPAL,,CE,2302206
16/07/2016,Feriado Municipal,MUNICIPAL,,CE,2307403
16/07/2016,Feriado Municipal,MUNICIPAL,,CE,2309706
16/07/2016,Feriado Municipal,MUNICIPAL,,ES,3204401
16/07/2016,Feriado Municipal,MUNICIPAL,,GO,5205406
16/07/2016,Feriado Municipal,MUNICIPAL,,GO,5213806
16/07/2016,Feriado Municipal,MUNICIPAL,,GO,5215009
16/07/2016,Feriado Municipal,MUNICIPAL,,GO,5215603
16/07/2016,Feriado Municipal,MUNICIPAL,,GO,5218607
16/07/2016,Feriado Municipal,MUNICIPAL,,MA,2104057
16/07/2016,Feriado Municipal,MUNICIPAL,,MA,2105302
16/07/2016,Feriado Municipal,MUNICIPAL,,MA,2106904
16/07/2016,Feriado Municipal,MUNICIPAL,,MA,2112001
16/07/2016,Feriado Municipal,MUNICIPAL,,MG,3101102
16/07/2016,Feriado Municipal,MUNICIPAL,,MG,3104205
16/07/2016,Feriado Municipal,MUNICIPAL,,MG,3108305
16/07/2016,Feriado Municipal,MUNICIPAL,,MG,3110608
16/07/2016,Feriado Municipal,MUNICIPAL,,MG,3111002
16/07/2016,Feriado Municipal,MUNICIPAL,,MG,3111606
16/07/2016,Feriado Municipal,MUNICIPAL,,MG,3113909
16/07/2016,Feriado Municipal,MUNICIPAL,,MG,3114006
16/07/2016,Feriado Municipal,MUNICIPAL,,MG,3114105
16/07/2016,Feriado Municipal,MUNICIPAL,,MG,3114204
16/07/2016,Feriado Municipal,MUNICIPAL,,MG,3114303
16/07/2016,Feriado Municipal,MUNICIPAL,,MG,3114402
16/07/2016,Feriado Municipal,MUNICIPAL,,MG,3115805
16/07/2016,Feriado Municipal,MUNICIPAL,,MG,3136603
16/07/2016,Feriado Municipal,MUNICIPAL,,MG,3138104
16/07/2016,Feriado Municipal,MUNICIPAL,,MG,3138708
16/07/2016,Feriado Municipal,MUNICIPAL,,MG,3143104
16/07/2016,Feriado Municipal,MUNICIPAL,,MG,3146503
16/07/2016,Feriado Municipal,MUNICIPAL,,MG,3147402
16/07/2016,Feriado Municipal,MUNICIPAL,,MG,3152808
16/07/2016,Feriado Municipal,MUNICIPAL,,MS,5005608
16/07/2016,Feriado Municipal,MUNICIPAL,,MT,5104609
16/07/2016,Feriado Municipal,MUNICIPAL,,PA,1501501
16/07/2016,Feriado Municipal,MUNICIPAL,,PA,1503309
16/07/2016,Feriado Municipal,MUNICIPAL,,PB,2512408
16/07/2016,Feriado Municipal,MUNICIPAL,,PE,2609907
16/07/2016,Feriado Municipal,MUNICIPAL,,PI,2208304
16/07/2016,Feriado Municipal,MUNICIPAL,,PR,4102000
16/07/2016,Feriado Municipal,MUNICIPAL,,PR,4125753
16/07/2016,Feriado Municipal,MUNICIPAL,,PR,4128807
16/07/2016,Feriado Municipal,MUNICIPAL,,RJ,3301207
16/07/2016,Feriado Municipal,MUNICIPAL,,RO,1100601
16/07/2016,Feriado Municipal,MUNICIPAL,,RS,4302303
16/07/2016,Feriado Municipal,MUNICIPAL,,RS,4321105
16/07/2016,Feriado Municipal,MUNICIPAL,,SE,2801504
16/07/2016,Feriado Municipal,MUNICIPAL,,SP,3512100
16/07/2016,Feriado Municipal,MUNICIPAL,,SP,3521507
16/07/2016,Feriado Municipal,MUNICIPAL,,SP,3524105
16/07/2016,Feriado Municipal,MUNICIPAL,,SP,3524303
16/07/2016,Feriado Municipal,MUNICIPAL,,SP,3525201
16/07/2016,Feriado Municipal,MUNICIPAL,,SP,3534500
16/07/2016,Feriado Municipal,MUNICIPAL,,SP,3539707
16/07/2016,Feriado Municipal,MUNICIPAL,,TO,1707108
16/07/2016,Mártires do Cunhaú,MUNICIPAL,Mártires do Cunhaú,RN,2402204
16/07/2016,N. Senhora do Carmo,MUNICIPAL,Dia da Padroeira Nossa Senhora do Carmo,MG,3114501
16/07/2016,Nossa Senhora do Carmo,MUNICIPAL,"Feriado em homenagem a Nossa Senhora do Carmo, Padroeira da cidade do Recife, conforme Lei Municipal nº 9.777 de 06/04/1967",PE,2611606
17/07/2016,Aniversário do Município,MUNICIPAL,,BA,2902609
17/07/2016,Feriado Municipal,MUNICIPAL,,MG,3138708
17/07/2016,Feriado Municipal,MUNICIPAL,,MG,3156700
17/07/2016,Feriado Municipal,MUNICIPAL,,PB,2505105
17/07/2016,Feriado Municipal,MUNICIPAL,,RJ,3306305
17/07/2016,Feriado Municipal,MUNICIPAL,,RS,4306700
18/07/2016,Aniversário da Cidade,MUNICIPAL,Aniversário da Cidade de Ponta Porã,MS,5006606
18/07/2016,Aniversário do Municipio,MUNICIPAL,"Data comemorativa à emancipação política do Município de Palmeira, conforme lei nº 25/1997",SC,4212056
18/07/2016,Feriado Municipal,MUNICIPAL,,AL,2700201
18/07/2016,Feriado Municipal,MUNICIPAL,,BA,2908309
18/07/2016,Feriado Municipal,MUNICIPAL,,BA,2912004
18/07/2016,Feriado Municipal,MUNICIPAL,,BA,2930600
18/07/2016,Feriado Municipal,MUNICIPAL,,GO,5206206
18/07/2016,Feriado Municipal,MUNICIPAL,,MG,3127008
18/07/2016,Feriado Municipal,MUNICIPAL,,MS,5005806
19/07/2016,Aniversário da Cidade,MUNICIPAL,Aniversário da Cidade de Penha,SC,4212502
19/07/2016,Emancipação,MUNICIPAL,Dia da emancipação política do município,SC,4216305
19/07/2016,Feriado Municipal,MUNICIPAL,,BA,2900207
19/07/2016,Feriado Municipal,MUNICIPAL,,BA,2903409
19/07/2016,Feriado Municipal,MUNICIPAL,,BA,2903805
19/07/2016,Feriado Municipal,MUNICIPAL,,BA,2906105
19/07/2016,Feriado Municipal,MUNICIPAL,,BA,2909703
19/07/2016,Feriado Municipal,MUNICIPAL,,BA,2913804
19/07/2016,Feriado Municipal,MUNICIPAL,,BA,2915403
19/07/2016,Feriado Municipal,MUNICIPAL,,BA,2916708
19/07/2016,Feriado Municipal,MUNICIPAL,,BA,2920908
19/07/2016,Feriado Municipal,MUNICIPAL,,BA,2926202
19/07/2016,Feriado Municipal,MUNICIPAL,,BA,2931608
19/07/2016,Feriado Municipal,MUNICIPAL,,BA,2933505
19/07/2016,Feriado Municipal,MUNICIPAL,,CE,2301604
19/07/2016,Feriado Municipal,MUNICIPAL,,GO,5218300
19/07/2016,Feriado Municipal,MUNICIPAL,,MG,3134806
19/07/2016,Feriado Municipal,MUNICIPAL,,PE,2601409
19/07/2016,Feriado Municipal,MUNICIPAL,,PE,2602209
19/07/2016,Feriado Municipal,MUNICIPAL,,SP,3555208
20/07/2016,Aniversário da Cidade,MUNICIPAL,Comemoração do aniversário da cidade,SC,4202008
20/07/2016,Feriado Municipal,MUNICIPAL,,AL,2700201
20/07/2016,Feriado Municipal,MUNICIPAL,,AL,2701001
20/07/2016,Feriado Municipal,MUNICIPAL,,AL,2702504
20/07/2016,Feriado Municipal,MUNICIPAL,,AL,2704104
20/07/2016,Feriado Municipal,MUNICIPAL,,AL,2707206
20/07/2016,Feriado Municipal,MUNICIPAL,,AM,1303205
20/07/2016,Feriado Municipal,MUNICIPAL,,BA,2912202
20/07/2016,Feriado Municipal,MUNICIPAL,,BA,2918803
20/07/2016,Feriado Municipal,MUNICIPAL,,BA,2933406
20/07/2016,Feriado Municipal,MUNICIPAL,,CE,2306306
20/07/2016,Feriado Municipal,MUNICIPAL,,ES,3203007
20/07/2016,Feriado Municipal,MUNICIPAL,,MG,3102803
20/07/2016,Feriado Municipal,MUNICIPAL,,MG,3110509
20/07/2016,Feriado Municipal,MUNICIPAL,,MG,3119104
20/07/2016,Feriado Municipal,MUNICIPAL,,MG,3157906
20/07/2016,Feriado Municipal,MUNICIPAL,,MS,5002100
20/07/2016,Feriado Municipal,MUNICIPAL,,PE,2602407
20/07/2016,Feriado Municipal,MUNICIPAL,,PR,4103479
20/07/2016,Feriado Municipal,MUNICIPAL,,SC,4204707
20/07/2016,Feriado Municipal,MUNICIPAL,,SC,4206108
21/07/2016,Feriado Municipal,MUNICIPAL,,GO,5211305
21/07/2016,Feriado Municipal,MUNICIPAL,,MA,2105401
21/07/2016,Feriado Municipal,MUNICIPAL,,PB,2512101
21/07/2016,Feriado Municipal,MUNICIPAL,,RO,1100338
21/07/2016,Feriado Municipal,MUNICIPAL,,SP,3506706
21/07/2016,Feriado Municipal,MUNICIPAL,,SP,3540507
22/07/2016,Dia do Município,MUNICIPAL,,CE,2307304
22/07/2016,Dia do Município,MUNICIPAL,"Aniversário da Cidade de Trombudo, conforme lei 1738 de 30 de agosto de 2012",SC,4218608
22/07/2016,Feriado Municipal,MUNICIPAL,,AL,2707305
22/07/2016,Feriado Municipal,MUNICIPAL,,AL,2709301
22/07/2016,Feriado Municipal,MUNICIPAL,,CE,2303402
22/07/2016,Feriado Municipal,MUNICIPAL,,MG,3170503
22/07/2016,Feriado Municipal,MUNICIPAL,,PB,2500809
22/07/2016,Feriado Municipal,MUNICIPAL,,PB,2516706
22/07/2016,Feriado Municipal,MUNICIPAL,,PE,2600104
22/07/2016,Feriado Municipal,MUNICIPAL,,PI,2210706
22/07/2016,Feriado Municipal,MUNICIPAL,,SC,4207908
23/07/2016,Feriado Municipal,MUNICIPAL,,BA,2908200
23/07/2016,Feriado Municipal,MUNICIPAL,,BA,2927705
23/07/2016,Feriado Municipal,MUNICIPAL,,BA,2930600
23/07/2016,Feriado Municipal,MUNICIPAL,,ES,3205101
23/07/2016,Feriado Municipal,MUNICIPAL,,MG,3112307
23/07/2016,Feriado Municipal,MUNICIPAL,,MG,3116803
23/07/2016,Feriado Municipal,MUNICIPAL,,PE,2600906
23/07/2016,Feriado Municipal,MUNICIPAL,,RS,4309654
23/07/2016,Feriado Municipal,MUNICIPAL,,SC,4208708
23/07/2016,Feriado Municipal,MUNICIPAL,,SC,4213708
24/07/2016,Aniversário da Cidade,MUNICIPAL,Aniversário de Itatinga,SP,3523503
24/07/2016,Feriado Municipal,MUNICIPAL,,PI,2200608
25/07/2016,Aniversário,MUNICIPAL,Aniversário de Jaraguá do Sul,SC,4208906
25/07/2016,Aniversário da Cidade,MUNICIPAL,Emancipação Político-Administrativa de Matelândia,PR,4115606
25/07/2016,Colono e Motorista,MUNICIPAL,"Dia do Colono e Dia do Motorista, conforme lei 344, de 15 de outubro de 1997",SC,4218855
25/07/2016,Dia de São Cristóvão,MUNICIPAL,Dia de São Cristóvão - Padroeiro do Município,MT,5102637
25/07/2016,Dia do Colono,MUNICIPAL,"Dia do Colono, conforme lei 884 de 08 de junho de 1993.",SC,4205100
25/07/2016,Dia do Colono e Motorista,MUNICIPAL,Dia do Colono e Motorista,SC,4216008
25/07/2016,Dia do Colono e Motorista,MUNICIPAL,Dia do Colono e Motorista,SC,4219606
25/07/2016,Dia do motorista e agricultor,MUNICIPAL,Feriado em homenagem ao motorista e agricultor,RS,4301925
25/07/2016,Feriado Municipal,MUNICIPAL,,BA,2906873
25/07/2016,Feriado Municipal,MUNICIPAL,,BA,2912202
25/07/2016,Feriado Municipal,MUNICIPAL,,BA,2921302
25/07/2016,Feriado Municipal,MUNICIPAL,,GO,5205455
25/07/2016,Feriado Municipal,MUNICIPAL,,GO,5214606
25/07/2016,Feriado Municipal,MUNICIPAL,,MA,2103752
25/07/2016,Feriado Municipal,MUNICIPAL,,MG,3127305
25/07/2016,Feriado Municipal,MUNICIPAL,,MG,3128808
25/07/2016,Feriado Municipal,MUNICIPAL,,MG,3151107
25/07/2016,Feriado Municipal,MUNICIPAL,,MG,3154150
25/07/2016,Feriado Municipal,MUNICIPAL,,MG,3154457
25/07/2016,Feriado Municipal,MUNICIPAL,,MG,3157906
25/07/2016,Feriado Municipal,MUNICIPAL,,MG,3165008
25/07/2016,Feriado Municipal,MUNICIPAL,,MS,5006002
25/07/2016,Feriado Municipal,MUNICIPAL,,MT,5102702
25/07/2016,Feriado Municipal,MUNICIPAL,,MT,5103452
25/07/2016,Feriado Municipal,MUNICIPAL,,MT,5105606
25/07/2016,Feriado Municipal,MUNICIPAL,,MT,5107040
25/07/2016,Feriado Municipal,MUNICIPAL,,MT,5107248
25/07/2016,Feriado Municipal,MUNICIPAL,,PA,1504455
25/07/2016,Feriado Municipal,MUNICIPAL,,PB,2507705
25/07/2016,Feriado Municipal,MUNICIPAL,,PR,4100202
25/07/2016,Feriado Municipal,MUNICIPAL,,PR,4100707
25/07/2016,Feriado Municipal,MUNICIPAL,,PR,4102505
25/07/2016,Feriado Municipal,MUNICIPAL,,PR,4103057
25/07/2016,Feriado Municipal,MUNICIPAL,,PR,4104451
25/07/2016,Feriado Municipal,MUNICIPAL,,PR,4105003
25/07/2016,Feriado Municipal,MUNICIPAL,,PR,4105607
25/07/2016,Feriado Municipal,MUNICIPAL,,PR,4107157
25/07/2016,Feriado Municipal,MUNICIPAL,,PR,4107702
25/07/2016,Feriado Municipal,MUNICIPAL,,PR,4110953
25/07/2016,Feriado Municipal,MUNICIPAL,,PR,4114302
25/07/2016,Feriado Municipal,MUNICIPAL,,PR,4114351
25/07/2016,Feriado Municipal,MUNICIPAL,,PR,4114609
25/07/2016,Feriado Municipal,MUNICIPAL,,PR,4114708
25/07/2016,Feriado Municipal,MUNICIPAL,,PR,4115309
25/07/2016,Feriado Municipal,MUNICIPAL,,PR,4115507
25/07/2016,Feriado Municipal,MUNICIPAL,,PR,4115804
25/07/2016,Feriado Municipal,MUNICIPAL,,PR,4116109
25/07/2016,Feriado Municipal,MUNICIPAL,,PR,4116604
25/07/2016,Feriado Municipal,MUNICIPAL,,PR,4116950
25/07/2016,Feriado Municipal,MUNICIPAL,,PR,4117255
25/07/2016,Feriado Municipal,MUNICIPAL,,PR,4117404
25/07/2016,Feriado Municipal,MUNICIPAL,,PR,4117909
25/07/2016,Feriado Municipal,MUNICIPAL,,PR,4119004
25/07/2016,Feriado Municipal,MUNICIPAL,,PR,4123006
25/07/2016,Feriado Municipal,MUNICIPAL,,PR,4123501
25/07/2016,Feriado Municipal,MUNICIPAL,,PR,4124301
25/07/2016,Feriado Municipal,MUNICIPAL,,PR,4124806
25/07/2016,Feriado Municipal,MUNICIPAL,,PR,4125704
25/07/2016,Feriado Municipal,MUNICIPAL,,PR,4126108
25/07/2016,Feriado Municipal,MUNICIPAL,,PR,4126652
25/07/2016,Feriado Municipal,MUNICIPAL,,PR,4127908
25/07/2016,Feriado Municipal,MUNICIPAL,,RS,4300109
25/07/2016,Feriado Municipal,MUNICIPAL,,RS,4300703
25/07/2016,Feriado Municipal,MUNICIPAL,,RS,4300901
25/07/2016,Feriado Municipal,MUNICIPAL,,RS,4301206
25/07/2016,Feriado Municipal,MUNICIPAL,,RS,4301651
25/07/2016,Feriado Municipal,MUNICIPAL,,RS,4302006
25/07/2016,Feriado Municipal,MUNICIPAL,,RS,4302451
25/07/2016,Feriado Municipal,MUNICIPAL,,RS,4302600
25/07/2016,Feriado Municipal,MUNICIPAL,,RS,4302659
25/07/2016,Feriado Municipal,MUNICIPAL,,RS,4304200
25/07/2016,Feriado Municipal,MUNICIPAL,,RS,4304309
25/07/2016,Feriado Municipal,MUNICIPAL,,RS,4304507
25/07/2016,Feriado Municipal,MUNICIPAL,,RS,4305405
25/07/2016,Feriado Municipal,MUNICIPAL,,RS,4305702
25/07/2016,Feriado Municipal,MUNICIPAL,,RS,4306056
25/07/2016,Feriado Municipal,MUNICIPAL,,RS,4306734
25/07/2016,Feriado Municipal,MUNICIPAL,,RS,4307815
25/07/2016,Feriado Municipal,MUNICIPAL,,RS,4308102
25/07/2016,Feriado Municipal,MUNICIPAL,,RS,4309001
25/07/2016,Feriado Municipal,MUNICIPAL,,RS,4309506
25/07/2016,Feriado Municipal,MUNICIPAL,,RS,4309605
25/07/2016,Feriado Municipal,MUNICIPAL,,RS,4309704
25/07/2016,Feriado Municipal,MUNICIPAL,,RS,4309753
25/07/2016,Feriado Municipal,MUNICIPAL,,RS,4309951
25/07/2016,Feriado Municipal,MUNICIPAL,,RS,4310009
25/07/2016,Feriado Municipal,MUNICIPAL,,RS,4312427
25/07/2016,Feriado Municipal,MUNICIPAL,,RS,4312674
25/07/2016,Feriado Municipal,MUNICIPAL,,RS,4313060
25/07/2016,Feriado Municipal,MUNICIPAL,,RS,4313201
25/07/2016,Feriado Municipal,MUNICIPAL,,RS,4313391
25/07/2016,Feriado Municipal,MUNICIPAL,,RS,4313904
25/07/2016,Feriado Municipal,MUNICIPAL,,RS,4314027
25/07/2016,Feriado Municipal,MUNICIPAL,,RS,4314050
25/07/2016,Feriado Municipal,MUNICIPAL,,RS,4314076
25/07/2016,Feriado Municipal,MUNICIPAL,,RS,4314472
25/07/2016,Feriado Municipal,MUNICIPAL,,RS,4315156
25/07/2016,Feriado Municipal,MUNICIPAL,,RS,4315354
25/07/2016,Feriado Municipal,MUNICIPAL,,RS,4315404
25/07/2016,Feriado Municipal,MUNICIPAL,,RS,4316105
25/07/2016,Feriado Municipal,MUNICIPAL,,RS,4316451
25/07/2016,Feriado Municipal,MUNICIPAL,,RS,4316808
25/07/2016,Feriado Municipal,MUNICIPAL,,RS,4316956
25/07/2016,Feriado Municipal,MUNICIPAL,,RS,4318705
25/07/2016,Feriado Municipal,MUNICIPAL,,RS,4319109
25/07/2016,Feriado Municipal,MUNICIPAL,,RS,4319752
25/07/2016,Feriado Municipal,MUNICIPAL,,RS,4320263
25/07/2016,Feriado Municipal,MUNICIPAL,,RS,4320305
25/07/2016,Feriado Municipal,MUNICIPAL,,RS,4320404
25/07/2016,Feriado Municipal,MUNICIPAL,,RS,4320552
25/07/2016,Feriado Municipal,MUNICIPAL,,RS,4320677
25/07/2016,Feriado Municipal,MUNICIPAL,,RS,4321857
25/07/2016,Feriado Municipal,MUNICIPAL,,RS,4321907
25/07/2016,Feriado Municipal,MUNICIPAL,,RS,4321956
25/07/2016,Feriado Municipal,MUNICIPAL,,RS,4322525
25/07/2016,Feriado Municipal,MUNICIPAL,,RS,4322533
25/07/2016,Feriado Municipal,MUNICIPAL,,RS,4322707
25/07/2016,Feriado Municipal,MUNICIPAL,,SC,4200200
25/07/2016,Feriado Municipal,MUNICIPAL,,SC,4200507
25/07/2016,Feriado Municipal,MUNICIPAL,,SC,4200804
25/07/2016,Feriado Municipal,MUNICIPAL,,SC,4201802
25/07/2016,Feriado Municipal,MUNICIPAL,,SC,4206405
25/07/2016,Feriado Municipal,MUNICIPAL,,SC,4206603
25/07/2016,Feriado Municipal,MUNICIPAL,,SC,4207601
25/07/2016,Feriado Municipal,MUNICIPAL,,SC,4207650
25/07/2016,Feriado Municipal,MUNICIPAL,,SC,4207759
25/07/2016,Feriado Municipal,MUNICIPAL,,SC,4208401
25/07/2016,Feriado Municipal,MUNICIPAL,,SC,4209904
25/07/2016,Feriado Municipal,MUNICIPAL,,SC,4210209
25/07/2016,Feriado Municipal,MUNICIPAL,,SC,4210407
25/07/2016,Feriado Municipal,MUNICIPAL,,SC,4211405
25/07/2016,Feriado Municipal,MUNICIPAL,,SC,4212007
25/07/2016,Feriado Municipal,MUNICIPAL,,SC,4212106
25/07/2016,Feriado Municipal,MUNICIPAL,,SC,4214102
25/07/2016,Feriado Municipal,MUNICIPAL,,SC,4215208
25/07/2016,Feriado Municipal,MUNICIPAL,,SC,4215604
25/07/2016,Feriado Municipal,MUNICIPAL,,SC,4216255
25/07/2016,Feriado Municipal,MUNICIPAL,,SC,4217501
25/07/2016,Feriado Municipal,MUNICIPAL,,SC,4218756
25/07/2016,Feriado Municipal,MUNICIPAL,,SC,4219408
25/07/2016,Feriado Municipal,MUNICIPAL,,SP,3500600
25/07/2016,Fundação de Missal,MUNICIPAL,Aniversário de Fundação de Missal,PR,4116059
25/07/2016,São Cristóvão,MUNICIPAL,"Dia de São Cristóvão, Padroeiro do Município",MT,5102678
25/07/2016,São Cristóvão,MUNICIPAL,"Dia de São Cristóvão, padroeiro do município e dia do Colono, a ser comemorado no dia 25 de julho, conforme lei nº 1460, de 21 de março de 2014",RS,4308078
26/07/2016,Dia de SantAnna,MUNICIPAL,Dia de SantAnna,SP,3507506
26/07/2016,"Dia de Senhora Santana, padroeira da cidade",MUNICIPAL,,BA,2910800
26/07/2016,Feriado Municipal,MUNICIPAL,,AL,2700607
26/07/2016,Feriado Municipal,MUNICIPAL,,AL,2708006
26/07/2016,Feriado Municipal,MUNICIPAL,,AM,1301209
26/07/2016,Feriado Municipal,MUNICIPAL,,AM,1304302
26/07/2016,Feriado Municipal,MUNICIPAL,,AP,1600600
26/07/2016,Feriado Municipal,MUNICIPAL,,BA,2901403
26/07/2016,Feriado Municipal,MUNICIPAL,,BA,2904407
26/07/2016,Feriado Municipal,MUNICIPAL,,BA,2904704
26/07/2016,Feriado Municipal,MUNICIPAL,,BA,2906808
26/07/2016,Feriado Municipal,MUNICIPAL,,BA,2907509
26/07/2016,Feriado Municipal,MUNICIPAL,,BA,2911006
26/07/2016,Feriado Municipal,MUNICIPAL,,BA,2914000
26/07/2016,Feriado Municipal,MUNICIPAL,,BA,2926202
26/07/2016,Feriado Municipal,MUNICIPAL,,BA,2928208
26/07/2016,Feriado Municipal,MUNICIPAL,,BA,2930501
26/07/2016,Feriado Municipal,MUNICIPAL,,BA,2930774
26/07/2016,Feriado Municipal,MUNICIPAL,,BA,2931905
26/07/2016,Feriado Municipal,MUNICIPAL,,CE,2304285
26/07/2016,Feriado Municipal,MUNICIPAL,,CE,2305506
26/07/2016,Feriado Municipal,MUNICIPAL,,CE,2305605
26/07/2016,Feriado Municipal,MUNICIPAL,,CE,2307007
26/07/2016,Feriado Municipal,MUNICIPAL,,CE,2312007
26/07/2016,Feriado Municipal,MUNICIPAL,,CE,2312106
26/07/2016,Feriado Municipal,MUNICIPAL,,CE,2313401
26/07/2016,Feriado Municipal,MUNICIPAL,,CE,2313955
26/07/2016,Feriado Municipal,MUNICIPAL,,ES,3200508
26/07/2016,Feriado Municipal,MUNICIPAL,,ES,3203346
26/07/2016,Feriado Municipal,MUNICIPAL,,GO,5201108
26/07/2016,Feriado Municipal,MUNICIPAL,,GO,5205307
26/07/2016,Feriado Municipal,MUNICIPAL,,GO,5210000
26/07/2016,Feriado Municipal,MUNICIPAL,,GO,5218300
26/07/2016,Feriado Municipal,MUNICIPAL,,GO,5221601
26/07/2016,Feriado Municipal,MUNICIPAL,,MA,2102200
26/07/2016,Feriado Municipal,MUNICIPAL,,MA,2103406
26/07/2016,Feriado Municipal,MUNICIPAL,,MA,2105005
26/07/2016,Feriado Municipal,MUNICIPAL,,MA,2107001
26/07/2016,Feriado Municipal,MUNICIPAL,,MA,2108702
26/07/2016,Feriado Municipal,MUNICIPAL,,MG,3100302
26/07/2016,Feriado Municipal,MUNICIPAL,,MG,3100609
26/07/2016,Feriado Municipal,MUNICIPAL,,MG,3102001
26/07/2016,Feriado Municipal,MUNICIPAL,,MG,3102902
26/07/2016,Feriado Municipal,MUNICIPAL,,MG,3105103
26/07/2016,Feriado Municipal,MUNICIPAL,,MG,3105905
26/07/2016,Feriado Municipal,MUNICIPAL,,MG,3106408
26/07/2016,Feriado Municipal,MUNICIPAL,,MG,3108602
26/07/2016,Feriado Municipal,MUNICIPAL,,MG,3113206
26/07/2016,Feriado Municipal,MUNICIPAL,,MG,3119203
26/07/2016,Feriado Municipal,MUNICIPAL,,MG,3125903
26/07/2016,Feriado Municipal,MUNICIPAL,,MG,3128204
26/07/2016,Feriado Municipal,MUNICIPAL,,MG,3128808
26/07/2016,Feriado Municipal,MUNICIPAL,,MG,3130705
26/07/2016,Feriado Municipal,MUNICIPAL,,MG,3133808
26/07/2016,Feriado Municipal,MUNICIPAL,,MG,3135506
26/07/2016,Feriado Municipal,MUNICIPAL,,MG,3136306
26/07/2016,Feriado Municipal,MUNICIPAL,,MG,3138203
26/07/2016,Feriado Municipal,MUNICIPAL,,MG,3142304
26/07/2016,Feriado Municipal,MUNICIPAL,,MG,3145802
26/07/2016,Feriado Municipal,MUNICIPAL,,MG,3151107
26/07/2016,Feriado Municipal,MUNICIPAL,,MG,3154309
26/07/2016,Feriado Municipal,MUNICIPAL,,MG,3158300
26/07/2016,Feriado Municipal,MUNICIPAL,,MG,3158508
26/07/2016,Feriado Municipal,MUNICIPAL,,MG,3158805
26/07/2016,Feriado Municipal,MUNICIPAL,,MG,3158953
26/07/2016,Feriado Municipal,MUNICIPAL,,MG,3162922
26/07/2016,Feriado Municipal,MUNICIPAL,,MG,3165008
26/07/2016,Feriado Municipal,MUNICIPAL,,MG,3165404
26/07/2016,Feriado Municipal,MUNICIPAL,,MG,3167400
26/07/2016,Feriado Municipal,MUNICIPAL,,MS,5006309
26/07/2016,Feriado Municipal,MUNICIPAL,,MT,5101407
26/07/2016,Feriado Municipal,MUNICIPAL,,MT,5103007
26/07/2016,Feriado Municipal,MUNICIPAL,,MT,5106000
26/07/2016,Feriado Municipal,MUNICIPAL,,MT,5106281
26/07/2016,Feriado Municipal,MUNICIPAL,,PA,1500909
26/07/2016,Feriado Municipal,MUNICIPAL,,PA,1501808
26/07/2016,Feriado Municipal,MUNICIPAL,,PA,1503309
26/07/2016,Feriado Municipal,MUNICIPAL,,PA,1503606
26/07/2016,Feriado Municipal,MUNICIPAL,,PA,1505106
26/07/2016,Feriado Municipal,MUNICIPAL,,PE,2606408
26/07/2016,Feriado Municipal,MUNICIPAL,,PE,2611804
26/07/2016,Feriado Municipal,MUNICIPAL,,PE,2613305
26/07/2016,Feriado Municipal,MUNICIPAL,,PE,2616308
26/07/2016,Feriado Municipal,MUNICIPAL,,PI,2202307
26/07/2016,Feriado Municipal,MUNICIPAL,,PI,2205706
26/07/2016,Feriado Municipal,MUNICIPAL,,PI,2208908
26/07/2016,Feriado Municipal,MUNICIPAL,,PR,4101051
26/07/2016,Feriado Municipal,MUNICIPAL,,PR,4104907
26/07/2016,Feriado Municipal,MUNICIPAL,,PR,4105508
26/07/2016,Feriado Municipal,MUNICIPAL,,PR,4113304
26/07/2016,Feriado Municipal,MUNICIPAL,,PR,4119608
26/07/2016,Feriado Municipal,MUNICIPAL,,PR,4119905
26/07/2016,Feriado Municipal,MUNICIPAL,,PR,4124004
26/07/2016,Feriado Municipal,MUNICIPAL,,PR,4126207
26/07/2016,Feriado Municipal,MUNICIPAL,,PR,4127502
26/07/2016,Feriado Municipal,MUNICIPAL,,PR,4128609
26/07/2016,Feriado Municipal,MUNICIPAL,,PR,4128807
26/07/2016,Feriado Municipal,MUNICIPAL,,RJ,3300308
26/07/2016,Feriado Municipal,MUNICIPAL,,RJ,3304003
26/07/2016,Feriado Municipal,MUNICIPAL,,RN,2403103
26/07/2016,Feriado Municipal,MUNICIPAL,,RN,2411403
26/07/2016,Feriado Municipal,MUNICIPAL,,RN,2412203
26/07/2016,Feriado Municipal,MUNICIPAL,,RS,4304689
26/07/2016,Feriado Municipal,MUNICIPAL,,RS,4317004
26/07/2016,Feriado Municipal,MUNICIPAL,,RS,4322400
26/07/2016,Feriado Municipal,MUNICIPAL,,SC,4205308
26/07/2016,Feriado Municipal,MUNICIPAL,,SC,4213302
26/07/2016,Feriado Municipal,MUNICIPAL,,SC,4216909
26/07/2016,Feriado Municipal,MUNICIPAL,,SC,4218954
26/07/2016,Feriado Municipal,MUNICIPAL,,SE,2800670
26/07/2016,Feriado Municipal,MUNICIPAL,,SE,2807105
26/07/2016,Feriado Municipal,MUNICIPAL,,SP,3502002
26/07/2016,Feriado Municipal,MUNICIPAL,,SP,3519006
26/07/2016,Feriado Municipal,MUNICIPAL,,SP,3521200
26/07/2016,Feriado Municipal,MUNICIPAL,,SP,3521309
26/07/2016,Feriado Municipal,MUNICIPAL,,SP,3522406
26/07/2016,Feriado Municipal,MUNICIPAL,,SP,3537107
26/07/2016,Feriado Municipal,MUNICIPAL,,SP,3537206
26/07/2016,Feriado Municipal,MUNICIPAL,,SP,3544301
26/07/2016,Feriado Municipal,MUNICIPAL,,SP,3546504
26/07/2016,Feriado Municipal,MUNICIPAL,,SP,3546702
26/07/2016,Feriado Municipal,MUNICIPAL,,SP,3547205
26/07/2016,Feriado Municipal,MUNICIPAL,,SP,3547304
26/07/2016,Feriado Municipal,MUNICIPAL,,SP,3549409
26/07/2016,Feriado Municipal,MUNICIPAL,,SP,3552403
26/07/2016,Feriado Municipal,MUNICIPAL,,SP,3556404
26/07/2016,Feriado Municipal,MUNICIPAL,,SP,3556701
26/07/2016,Fundação da Cidade,MUNICIPAL,Comemorações da Fundação da Cidade de Goiás,GO,5208905
26/07/2016,N. Sra de Sant´Anna,MUNICIPAL,Padroeira do município,RJ,3300233
26/07/2016,Nossa Senhora de Sant'Ana,MUNICIPAL,conforme Lei Municipal nº 3.125 de 16/12/1986,SP,3530607
26/07/2016,Nossa Sra Santana,MUNICIPAL,Dia de Nossa Senhora Santana,MG,3119302
26/07/2016,Senhora Santana,MUNICIPAL,"Senhora Santana, Padroeira da Cidade",BA,2905206
26/07/2016,São Joaquim,MUNICIPAL,Dia de São Joaquim,SC,4205704
26/07/2016,São Joaquim,MUNICIPAL,Padroeiro do município,SP,3520004
27/07/2016,Aniversário da Cidade,MUNICIPAL,"Aniversário do Município, conforme Lei nº 3780/2010",SC,4216701
27/07/2016,Aniversário de São José dos Campos,MUNICIPAL,https://www.leismunicipais.com.br/a/sp/s/sao-jose-dos-campos/lei-ordinaria/1967/132/1324/lei-ordinaria-n-1324-1967-dispoe-sobre-os-feriados-locais.html,SP,3549904
27/07/2016,Aniversário do Município,MUNICIPAL,Comemoração da Emancipação do Município,MG,3160702
27/07/2016,Aniversário do município,MUNICIPAL,Aniversário de Emancipação Política do Município,BA,2931301
27/07/2016,Feriado Municipal,MUNICIPAL,,BA,2918506
27/07/2016,Feriado Municipal,MUNICIPAL,,BA,2919900
27/07/2016,Feriado Municipal,MUNICIPAL,,BA,2926103
27/07/2016,Feriado Municipal,MUNICIPAL,,BA,2927309
27/07/2016,Feriado Municipal,MUNICIPAL,,BA,2927606
27/07/2016,Feriado Municipal,MUNICIPAL,,BA,2932200
27/07/2016,Feriado Municipal,MUNICIPAL,,MG,3128204
27/07/2016,Feriado Municipal,MUNICIPAL,,PE,2610608
27/07/2016,Feriado Municipal,MUNICIPAL,,RO,1100072
27/07/2016,Feriado Municipal,MUNICIPAL,,SC,4200101
27/07/2016,Feriado Municipal,MUNICIPAL,,SC,4203501
27/07/2016,Feriado Municipal,MUNICIPAL,,SC,4210506
27/07/2016,Feriado Municipal,MUNICIPAL,,SC,4213401
27/07/2016,Feriado Municipal,MUNICIPAL,,SC,4214409
27/07/2016,Feriado Municipal,MUNICIPAL,,SP,3500709
27/07/2016,Feriado Municipal,MUNICIPAL,,SP,3525102
27/07/2016,Feriado Municipal,MUNICIPAL,,SP,3539509
27/07/2016,Feriado Municipal,MUNICIPAL,,TO,1706100
27/07/2016,Fundação do Município,MUNICIPAL,Aniversário de Fundação do Município,MT,5108501
28/07/2016,Aniversário de Itabuna,MUNICIPAL,"Dia da Cidade, aniversário de emancipação política e administrativa, conforme Lei Municipal nº 2.052 de 03/07/2007",BA,2914802
28/07/2016,Aniversário do Município,MUNICIPAL,conforme Lei Municipal nº 1.488 de 14/06/2005,SP,3513207
28/07/2016,Emancipação,MUNICIPAL,Emancipação de Paulo Afonso,BA,2924009
28/07/2016,Feriado Municipal,MUNICIPAL,,AL,2708303
28/07/2016,Feriado Municipal,MUNICIPAL,,BA,2906006
28/07/2016,Feriado Municipal,MUNICIPAL,,BA,2909208
28/07/2016,Feriado Municipal,MUNICIPAL,,BA,2911204
28/07/2016,Feriado Municipal,MUNICIPAL,,BA,2924207
28/07/2016,Feriado Municipal,MUNICIPAL,,BA,2929305
28/07/2016,Feriado Municipal,MUNICIPAL,,PR,4102208
28/07/2016,Feriado Municipal,MUNICIPAL,,PR,4123204
28/07/2016,Feriado Municipal,MUNICIPAL,,SC,4207908
28/07/2016,Feriado Municipal,MUNICIPAL,,SP,3508207
28/07/2016,Feriado Municipal,MUNICIPAL,,SP,3536307
28/07/2016,Feriado Municipal,MUNICIPAL,,SP,3548807
28/07/2016,Feriado Municipal,MUNICIPAL,,TO,1721208
29/07/2016,Dia do Evangelho,MUNICIPAL,De acordo com a Lei nº 2589/2005,PR,4118204
29/07/2016,Feriado Municipal,MUNICIPAL,,BA,2909802
29/07/2016,Feriado Municipal,MUNICIPAL,,BA,2920452
29/07/2016,Feriado Municipal,MUNICIPAL,,BA,2925204
29/07/2016,Feriado Municipal,MUNICIPAL,,CE,2302701
29/07/2016,Feriado Municipal,MUNICIPAL,,CE,2302800
29/07/2016,Feriado Municipal,MUNICIPAL,,GO,5204409
29/07/2016,Feriado Municipal,MUNICIPAL,,GO,5211800
29/07/2016,Feriado Municipal,MUNICIPAL,,MT,5103353
29/07/2016,Feriado Municipal,MUNICIPAL,,RJ,3302403
29/07/2016,Feriado Municipal,MUNICIPAL,,RO,1100452
29/07/2016,Feriado Municipal,MUNICIPAL,,RS,4313102
29/07/2016,Feriado Municipal,MUNICIPAL,,SC,4204301
29/07/2016,Feriado Municipal,MUNICIPAL,,SP,3540705
30/07/2016,Feriado Municipal,MUNICIPAL,,BA,2902500
30/07/2016,Feriado Municipal,MUNICIPAL,,BA,2907004
30/07/2016,Feriado Municipal,MUNICIPAL,,BA,2924900
30/07/2016,Feriado Municipal,MUNICIPAL,,BA,2931004
30/07/2016,Feriado Municipal,MUNICIPAL,,MA,2105500
30/07/2016,Feriado Municipal,MUNICIPAL,,PA,1501725
30/07/2016,Feriado Municipal,MUNICIPAL,,RN,2402600
30/07/2016,Feriado Municipal,MUNICIPAL,,RS,4317103
31/07/2016,Feriado Municipal,MUNICIPAL,,BA,2927101
31/07/2016,Feriado Municipal,MUNICIPAL,,BA,2933208
31/07/2016,Feriado Municipal,MUNICIPAL,,CE,2300200
31/07/2016,Feriado Municipal,MUNICIPAL,,CE,2313401
31/07/2016,Feriado Municipal,MUNICIPAL,,GO,5201108
31/07/2016,Feriado Municipal,MUNICIPAL,,MA,2108603
31/07/2016,Feriado Municipal,MUNICIPAL,,MT,5103007
31/07/2016,Feriado Municipal,MUNICIPAL,,PE,2614857
31/07/2016,Feriado Municipal,MUNICIPAL,,PR,4124509
31/07/2016,Feriado Municipal,MUNICIPAL,,SP,3527801
01/08/2016,Aniversário da Cidade,MUNICIPAL,conforme Lei Municipal nº 1.401 de 16/08/1968,SP,3506003
01/08/2016,Feriado Municipal,MUNICIPAL,,CE,2313807
01/08/2016,Feriado Municipal,MUNICIPAL,,GO,5208004
01/08/2016,Feriado Municipal,MUNICIPAL,,MA,2103000
01/08/2016,Feriado Municipal,MUNICIPAL,,MS,5002100
01/08/2016,Feriado Municipal,MUNICIPAL,,TO,1702406
02/08/2016,Feriado Municipal,MUNICIPAL,,AL,2700607
02/08/2016,Feriado Municipal,MUNICIPAL,,AM,1301209
02/08/2016,Feriado Municipal,MUNICIPAL,,BA,2903201
02/08/2016,Feriado Municipal,MUNICIPAL,,BA,2919553
02/08/2016,Feriado Municipal,MUNICIPAL,,BA,2925501
02/08/2016,Feriado Municipal,MUNICIPAL,,BA,2928406
02/08/2016,Feriado Municipal,MUNICIPAL,,BA,2928901
02/08/2016,Feriado Municipal,MUNICIPAL,,BA,2932507
02/08/2016,Feriado Municipal,MUNICIPAL,,CE,2308708
02/08/2016,Feriado Municipal,MUNICIPAL,,CE,2313559
02/08/2016,Feriado Municipal,MUNICIPAL,,MG,3114808
02/08/2016,Feriado Municipal,MUNICIPAL,,MG,3132701
02/08/2016,Feriado Municipal,MUNICIPAL,,MT,5104203
02/08/2016,Feriado Municipal,MUNICIPAL,,PA,1500305
02/08/2016,Morte de Luiz Gonzaga,MUNICIPAL,Aniversário de morte de Luiz Gonzaga,PE,2605301
02/08/2016,Nossa Senhora dos Anjos,MUNICIPAL,conforme Lei Municipal nº 3.125 de 03/11/2011,RS,4309209
03/08/2016,Aniversário do município,MUNICIPAL,Aniversário da cidade de Cassilândia,MS,5002902
03/08/2016,Batalha das Tabocas,MUNICIPAL,Aniversário da Batalha das Tabocas,PE,2616407
03/08/2016,Emancipação Política,MUNICIPAL,Aniversário da Emancipação Política da Cidade,PE,2602100
03/08/2016,Feriado Municipal,MUNICIPAL,,BA,2912707
03/08/2016,Feriado Municipal,MUNICIPAL,,CE,2301307
03/08/2016,Feriado Municipal,MUNICIPAL,,GO,5214507
03/08/2016,Feriado Municipal,MUNICIPAL,,PE,2600401
04/08/2016,Aniversário da Cidade,MUNICIPAL,Aniversário da Cidade de Brusque,SC,4202909
04/08/2016,Feriado Municipal,MUNICIPAL,,BA,2914604
04/08/2016,Feriado Municipal,MUNICIPAL,,GO,5208103
04/08/2016,Feriado Municipal,MUNICIPAL,,GO,5219803
04/08/2016,Feriado Municipal,MUNICIPAL,,MG,3161007
04/08/2016,Feriado Municipal,MUNICIPAL,,MG,3171600
04/08/2016,Feriado Municipal,MUNICIPAL,,PE,2603900
04/08/2016,Feriado Municipal,MUNICIPAL,,PI,2200509
04/08/2016,Feriado Municipal,MUNICIPAL,,PR,4117503
05/08/2016,Aniversário da cidade,MUNICIPAL,,MT,5105259
05/08/2016,Aniversário de Rio Verde,MUNICIPAL,conforme Lei Municipal nº 2.822 de 16/10/1992 e Lei Municipal nº 1.401 de 10/05/1976,GO,5218805
05/08/2016,Dia de Marechal Deodoro,MUNICIPAL,Dia do Nascimento de Marechal Deodoro,AL,2704708
05/08/2016,Feriado Municipal,MUNICIPAL,,BA,2920106
05/08/2016,Feriado Municipal,MUNICIPAL,,ES,3204302
05/08/2016,Feriado Municipal,MUNICIPAL,,GO,5221551
05/08/2016,Feriado Municipal,MUNICIPAL,,MA,2104107
05/08/2016,Feriado Municipal,MUNICIPAL,,PA,1508209
05/08/2016,Feriado Municipal,MUNICIPAL,,RO,1100056
05/08/2016,Feriado Municipal,MUNICIPAL,,RO,1100288
05/08/2016,Feriado Municipal,MUNICIPAL,,SP,3520301
05/08/2016,Nossa Senhora das Neves (Padroeira),MUNICIPAL,conforme Lei Municipal nº 1.259 de 11/05/1987,MG,3154606
06/08/2016,Aniversário,MUNICIPAL,Aniversário de Aguaí,SP,3500303
06/08/2016,Bom Jesus de Iguape,MUNICIPAL,Dia do Senhor Bom Jesus de Iguape - Padroeiro do Município de Rio Rufino.,SC,4215059
06/08/2016,Bom Jesus de Rochedo,MUNICIPAL,"Dia de Bom Jesus de Rochedo, padroeiro da cidade",MS,5007505
06/08/2016,Bom Jesus do Socorro,MUNICIPAL,"Dia do Senhor Bom Jesus do Socorro, padroeiro do Município",SC,4212650
06/08/2016,Bom Jesus dos Passos,MUNICIPAL,"Dia do padroeiro, Senhor Bom Jesus dos Passos",PR,4119509
06/08/2016,Dia de São Salvador do Mundo,MUNICIPAL,"Dia de São Salvador do Mundo, Padroeiro da Cidade, conforme Lei Municipal nº 4.380 de 10/10/1983",PE,2609600
06/08/2016,Dia do Padroeiro,MUNICIPAL,"Dia do Padroeiro da Cidade, segundo lei nº 585, de 18/04/1967",SP,3531308
06/08/2016,"Dia do padroeiro, Senhor Bom Jesus da Coluna dos Campos de Palmas",MUNICIPAL,,PR,4117602
06/08/2016,Feriado Municipal,MUNICIPAL,,BA,2902807
06/08/2016,Feriado Municipal,MUNICIPAL,,BA,2903706
06/08/2016,Feriado Municipal,MUNICIPAL,,BA,2903904
06/08/2016,Feriado Municipal,MUNICIPAL,,BA,2908705
06/08/2016,Feriado Municipal,MUNICIPAL,,BA,2913705
06/08/2016,Feriado Municipal,MUNICIPAL,,BA,2916203
06/08/2016,Feriado Municipal,MUNICIPAL,,BA,2917706
06/08/2016,Feriado Municipal,MUNICIPAL,,BA,2918753
06/08/2016,Feriado Municipal,MUNICIPAL,,BA,2919504
06/08/2016,Feriado Municipal,MUNICIPAL,,BA,2920304
06/08/2016,Feriado Municipal,MUNICIPAL,,BA,2921203
06/08/2016,Feriado Municipal,MUNICIPAL,,CE,2303006
06/08/2016,Feriado Municipal,MUNICIPAL,,CE,2311801
06/08/2016,Feriado Municipal,MUNICIPAL,,CE,2311801
06/08/2016,Feriado Municipal,MUNICIPAL,,ES,3200169
06/08/2016,Feriado Municipal,MUNICIPAL,,GO,5203500
06/08/2016,Feriado Municipal,MUNICIPAL,,GO,5205901
06/08/2016,Feriado Municipal,MUNICIPAL,,GO,5215256
06/08/2016,Feriado Municipal,MUNICIPAL,,GO,5215256
06/08/2016,Feriado Municipal,MUNICIPAL,,GO,5219803
06/08/2016,Feriado Municipal,MUNICIPAL,,GO,5221809
06/08/2016,Feriado Municipal,MUNICIPAL,,MA,2104107
06/08/2016,Feriado Municipal,MUNICIPAL,,MG,3103504
06/08/2016,Feriado Municipal,MUNICIPAL,,MG,3103504
06/08/2016,Feriado Municipal,MUNICIPAL,,MG,3104700
06/08/2016,Feriado Municipal,MUNICIPAL,,MG,3107703
06/08/2016,Feriado Municipal,MUNICIPAL,,MG,3108206
06/08/2016,Feriado Municipal,MUNICIPAL,,MG,3108206
06/08/2016,Feriado Municipal,MUNICIPAL,,MG,3109105
06/08/2016,Feriado Municipal,MUNICIPAL,,MG,3114402
06/08/2016,Feriado Municipal,MUNICIPAL,,MG,3117801
06/08/2016,Feriado Municipal,MUNICIPAL,,MG,3119906
06/08/2016,Feriado Municipal,MUNICIPAL,,MG,3120102
06/08/2016,Feriado Municipal,MUNICIPAL,,MG,3141504
06/08/2016,Feriado Municipal,MUNICIPAL,,MG,3147907
06/08/2016,Feriado Municipal,MUNICIPAL,,MG,3147907
06/08/2016,Feriado Municipal,MUNICIPAL,,MG,3155108
06/08/2016,Feriado Municipal,MUNICIPAL,,MG,3156502
06/08/2016,Feriado Municipal,MUNICIPAL,,MG,3162708
06/08/2016,Feriado Municipal,MUNICIPAL,,MS,5002407
06/08/2016,Feriado Municipal,MUNICIPAL,,MS,5004403
06/08/2016,Feriado Municipal,MUNICIPAL,,MT,5100508
06/08/2016,Feriado Municipal,MUNICIPAL,,MT,5101308
06/08/2016,Feriado Municipal,MUNICIPAL,,MT,5105200
06/08/2016,Feriado Municipal,MUNICIPAL,,MT,5105200
06/08/2016,Feriado Municipal,MUNICIPAL,,PR,4102307
06/08/2016,Feriado Municipal,MUNICIPAL,,PR,4103107
06/08/2016,Feriado Municipal,MUNICIPAL,,PR,4104402
06/08/2016,Feriado Municipal,MUNICIPAL,,PR,4104709
06/08/2016,Feriado Municipal,MUNICIPAL,,PR,4107751
06/08/2016,Feriado Municipal,MUNICIPAL,,PR,4107751
06/08/2016,Feriado Municipal,MUNICIPAL,,PR,4109500
06/08/2016,Feriado Municipal,MUNICIPAL,,PR,4111209
06/08/2016,Feriado Municipal,MUNICIPAL,,PR,4111506
06/08/2016,Feriado Municipal,MUNICIPAL,,PR,4112009
06/08/2016,Feriado Municipal,MUNICIPAL,,PR,4113304
06/08/2016,Feriado Municipal,MUNICIPAL,,PR,4114302
06/08/2016,Feriado Municipal,MUNICIPAL,,PR,4115507
06/08/2016,Feriado Municipal,MUNICIPAL,,PR,4117800
06/08/2016,Feriado Municipal,MUNICIPAL,,PR,4121208
06/08/2016,Feriado Municipal,MUNICIPAL,,PR,4121505
06/08/2016,Feriado Municipal,MUNICIPAL,,PR,4121505
06/08/2016,Feriado Municipal,MUNICIPAL,,PR,4122156
06/08/2016,Feriado Municipal,MUNICIPAL,,PR,4122305
06/08/2016,Feriado Municipal,MUNICIPAL,,PR,4126603
06/08/2016,Feriado Municipal,MUNICIPAL,,PR,4128708
06/08/2016,Feriado Municipal,MUNICIPAL,,RJ,3304805
06/08/2016,Feriado Municipal,MUNICIPAL,,RJ,3304805
06/08/2016,Feriado Municipal,MUNICIPAL,,RN,2411403
06/08/2016,Feriado Municipal,MUNICIPAL,,RO,1100106
06/08/2016,Feriado Municipal,MUNICIPAL,,RS,4307401
06/08/2016,Feriado Municipal,MUNICIPAL,,RS,4307401
06/08/2016,Feriado Municipal,MUNICIPAL,,RS,4312302
06/08/2016,Feriado Municipal,MUNICIPAL,,RS,4315008
06/08/2016,Feriado Municipal,MUNICIPAL,,RS,4322004
06/08/2016,Feriado Municipal,MUNICIPAL,,SC,4200705
06/08/2016,Feriado Municipal,MUNICIPAL,,SC,4201307
06/08/2016,Feriado Municipal,MUNICIPAL,,SC,4210209
06/08/2016,Feriado Municipal,MUNICIPAL,,SC,4210209
06/08/2016,Feriado Municipal,MUNICIPAL,,SC,4212700
06/08/2016,Feriado Municipal,MUNICIPAL,,SC,4213500
06/08/2016,Feriado Municipal,MUNICIPAL,,SC,4219507
06/08/2016,Feriado Municipal,MUNICIPAL,,SP,3502408
06/08/2016,Feriado Municipal,MUNICIPAL,,SP,3503901
06/08/2016,Feriado Municipal,MUNICIPAL,,SP,3504909
06/08/2016,Feriado Municipal,MUNICIPAL,,SP,3505906
06/08/2016,Feriado Municipal,MUNICIPAL,,SP,3507100
06/08/2016,Feriado Municipal,MUNICIPAL,,SP,3507100
06/08/2016,Feriado Municipal,MUNICIPAL,,SP,3508306
06/08/2016,Feriado Municipal,MUNICIPAL,,SP,3512308
06/08/2016,Feriado Municipal,MUNICIPAL,,SP,3517901
06/08/2016,Feriado Municipal,MUNICIPAL,,SP,3520301
06/08/2016,Feriado Municipal,MUNICIPAL,,SP,3520905
06/08/2016,Feriado Municipal,MUNICIPAL,,SP,3525102
06/08/2016,Feriado Municipal,MUNICIPAL,,SP,3525854
06/08/2016,Feriado Municipal,MUNICIPAL,,SP,3525854
06/08/2016,Feriado Municipal,MUNICIPAL,,SP,3529302
06/08/2016,Feriado Municipal,MUNICIPAL,,SP,3529807
06/08/2016,Feriado Municipal,MUNICIPAL,,SP,3531209
06/08/2016,Feriado Municipal,MUNICIPAL,,SP,3531407
06/08/2016,Feriado Municipal,MUNICIPAL,,SP,3531407
06/08/2016,Feriado Municipal,MUNICIPAL,,SP,3531506
06/08/2016,Feriado Municipal,MUNICIPAL,,SP,3533304
06/08/2016,Feriado Municipal,MUNICIPAL,,SP,3533304
06/08/2016,Feriado Municipal,MUNICIPAL,,SP,3533809
06/08/2016,Feriado Municipal,MUNICIPAL,,SP,3534005
06/08/2016,Feriado Municipal,MUNICIPAL,,SP,3534708
06/08/2016,Feriado Municipal,MUNICIPAL,,SP,3534708
06/08/2016,Feriado Municipal,MUNICIPAL,,SP,3536604
06/08/2016,Feriado Municipal,MUNICIPAL,,SP,3536901
06/08/2016,Feriado Municipal,MUNICIPAL,,SP,3539103
06/08/2016,Feriado Municipal,MUNICIPAL,,SP,3539301
06/08/2016,Feriado Municipal,MUNICIPAL,,SP,3540754
06/08/2016,Feriado Municipal,MUNICIPAL,,SP,3540804
06/08/2016,Feriado Municipal,MUNICIPAL,,SP,3541059
06/08/2016,Feriado Municipal,MUNICIPAL,,SP,3542800
06/08/2016,Feriado Municipal,MUNICIPAL,,SP,3543006
06/08/2016,Feriado Municipal,MUNICIPAL,,SP,3543501
06/08/2016,Feriado Municipal,MUNICIPAL,,SP,3544004
06/08/2016,Feriado Municipal,MUNICIPAL,,SP,3551306
06/08/2016,Feriado Municipal,MUNICIPAL,,SP,3554805
06/08/2016,Feriado Municipal,MUNICIPAL,,SP,3555307
06/08/2016,Feriado Municipal,MUNICIPAL,,TO,1716703
06/08/2016,Louvor ao Bom Jesus,MUNICIPAL,Louvor ao Bom Jesus,BA,2904605
06/08/2016,Santíssimo Salvador,MUNICIPAL,"Dia do Santíssimo Salvador, padroeiro da cidade, conforme Lei Municipal nº 8.441 de 15/05/2013",RJ,3301009
06/08/2016,Senhor Bom Jesus,MUNICIPAL,Padroeiro da cidade. Feriado municipal de acordo com a Lei Ordinária 5070/2011,MG,3152501
06/08/2016,Senhor Bom Jesus,MUNICIPAL,"Feriado do Dia do Senhor Bom Jesus, segundo lei nº919-2013",PR,4117057
07/08/2016,Feriado Municipal,MUNICIPAL,,AM,1300409
07/08/2016,Feriado Municipal,MUNICIPAL,,MG,3108909
07/08/2016,Feriado Municipal,MUNICIPAL,,PE,2603207
07/08/2016,Feriado Municipal,MUNICIPAL,,PE,2613107
07/08/2016,Feriado Municipal,MUNICIPAL,,PR,4113106
07/08/2016,Feriado Municipal,MUNICIPAL,,SE,2803609
07/08/2016,Feriado Municipal,MUNICIPAL,,SP,3537156
07/08/2016,São Donato,MUNICIPAL,São Donato,SC,4207007
08/08/2016,Aniversário da Cidade,MUNICIPAL,"O Feriado do Aniversário de Goioerê será comemorado na segunda segunda-feira do mês de Agosto, quando o dia 10 de Agosto não recair no domingo, ocasião em que as comemorações serão mantidas neste dia. Lei Nº 2009/2011",PR,4108601
08/08/2016,Aniversário do Município,MUNICIPAL,Emancipação Político Administrativa do Município de Nova Trento,SC,4211504
08/08/2016,Dia de São Domingos,MUNICIPAL,"Festa de São Domingos, Feriado municipal instituído pela Lei Municipal nº 6.725/2014",MG,3104007
08/08/2016,Dia de São Domingos Gusmão,MUNICIPAL,,SE,2806800
08/08/2016,Feriado Municipal,MUNICIPAL,,BA,2921708
08/08/2016,Feriado Municipal,MUNICIPAL,,BA,2922300
08/08/2016,Feriado Municipal,MUNICIPAL,,BA,2928950
08/08/2016,Feriado Municipal,MUNICIPAL,,ES,3204658
08/08/2016,Feriado Municipal,MUNICIPAL,,GO,5211008
08/08/2016,Feriado Municipal,MUNICIPAL,,MG,3170057
08/08/2016,Feriado Municipal,MUNICIPAL,,PA,1507201
08/08/2016,Feriado Municipal,MUNICIPAL,,PB,2506905
08/08/2016,Feriado Municipal,MUNICIPAL,,PI,2202208
08/08/2016,Feriado Municipal,MUNICIPAL,,PI,2208205
08/08/2016,Feriado Municipal,MUNICIPAL,,RJ,3303609
08/08/2016,Feriado Municipal,MUNICIPAL,,RS,4318051
08/08/2016,Feriado Municipal,MUNICIPAL,,RS,4321501
08/08/2016,Feriado Municipal,MUNICIPAL,,SC,4203105
08/08/2016,Feriado Municipal,MUNICIPAL,,SC,4216107
08/08/2016,Feriado Municipal,MUNICIPAL,,SE,2805307
08/08/2016,Feriado Municipal,MUNICIPAL,,SP,3501509
08/08/2016,Feriado Municipal,MUNICIPAL,,SP,3557105
08/08/2016,São Domingos,MUNICIPAL,"Dia de São Domingos, padroeiro da cidade",SP,3511102
09/08/2016,Feriado Municipal,MUNICIPAL,,BA,2914109
09/08/2016,Feriado Municipal,MUNICIPAL,,BA,2926004
09/08/2016,Feriado Municipal,MUNICIPAL,,CE,2302107
09/08/2016,Feriado Municipal,MUNICIPAL,,RO,1100072
09/08/2016,Feriado Municipal,MUNICIPAL,,RS,4320909
09/08/2016,Nossa Sra da Pedra,MUNICIPAL,"Dia de Nossa Senhora da Pedra, conforme lei 321, de 29 de setembro de 2010.",SP,3536802
10/08/2016,Feriado Municipal,MUNICIPAL,,BA,2904753
10/08/2016,Feriado Municipal,MUNICIPAL,,BA,2908606
10/08/2016,Feriado Municipal,MUNICIPAL,,BA,2916104
10/08/2016,Feriado Municipal,MUNICIPAL,,GO,5208301
10/08/2016,Feriado Municipal,MUNICIPAL,,MA,2100303
10/08/2016,Feriado Municipal,MUNICIPAL,,MA,2103307
10/08/2016,Feriado Municipal,MUNICIPAL,,MA,2108306
10/08/2016,Feriado Municipal,MUNICIPAL,,MG,3139409
10/08/2016,Feriado Municipal,MUNICIPAL,,MG,3163706
10/08/2016,Feriado Municipal,MUNICIPAL,,MT,5108600
10/08/2016,Feriado Municipal,MUNICIPAL,,PE,2605459
10/08/2016,Feriado Municipal,MUNICIPAL,,PE,2613701
10/08/2016,Feriado Municipal,MUNICIPAL,,PR,4127908
10/08/2016,Feriado Municipal,MUNICIPAL,,RS,4317202
10/08/2016,Feriado Municipal,MUNICIPAL,,RS,4318804
10/08/2016,Feriado Municipal,MUNICIPAL,,SP,3511003
10/08/2016,Feriado Municipal,MUNICIPAL,,SP,3540200
10/08/2016,Feriado Municipal,MUNICIPAL,,SP,3549953
10/08/2016,São Lourenço,MUNICIPAL,"Dia de São Lourenço, Padroeiro de Urupês",SP,3556008
11/08/2016,Aniversário da Cidade,MUNICIPAL,Aniversário de Fundação de Pereira Barreto,SP,3537404
11/08/2016,Feriado Municipal,MUNICIPAL,,GO,5210901
11/08/2016,Feriado Municipal,MUNICIPAL,,MA,2108702
11/08/2016,Feriado Municipal,MUNICIPAL,,PE,2615805
11/08/2016,Feriado Municipal,MUNICIPAL,,PI,2207900
11/08/2016,Feriado Municipal,MUNICIPAL,,PR,4104428
11/08/2016,Feriado Municipal,MUNICIPAL,,RJ,3304102
11/08/2016,Feriado Municipal,MUNICIPAL,,SP,3537503
11/08/2016,Feriado Municipal,MUNICIPAL,,SP,3546108
11/08/2016,Feriado Municipal,MUNICIPAL,,SP,3554003
12/08/2016,Feriado Municipal,MUNICIPAL,,BA,2906808
12/08/2016,Feriado Municipal,MUNICIPAL,,BA,2907608
12/08/2016,Feriado Municipal,MUNICIPAL,,BA,2915809
12/08/2016,Feriado Municipal,MUNICIPAL,,BA,2933000
12/08/2016,Feriado Municipal,MUNICIPAL,,CE,2307635
12/08/2016,Feriado Municipal,MUNICIPAL,,MT,5107180
12/08/2016,Feriado Municipal,MUNICIPAL,,PE,2603207
12/08/2016,Feriado Municipal,MUNICIPAL,,PR,4120606
12/08/2016,Feriado Municipal,MUNICIPAL,,SP,3509908
13/08/2016,Dia do Evangélico,MUNICIPAL,,PA,1503044
13/08/2016,Feriado Municipal,MUNICIPAL,,BA,2901601
13/08/2016,Feriado Municipal,MUNICIPAL,,BA,2926400
13/08/2016,Feriado Municipal,MUNICIPAL,,MG,3130507
13/08/2016,Feriado Municipal,MUNICIPAL,,PA,1506161
13/08/2016,Feriado Municipal,MUNICIPAL,,PR,4113601
13/08/2016,Feriado Municipal,MUNICIPAL,,SP,3532306
14/08/2016,Aniversário da Cidade,MUNICIPAL,Aniversário de Emancipação do Município de Ibotirama,BA,2913200
14/08/2016,Aniversário da cidade,MUNICIPAL,,BA,2921104
14/08/2016,Feriado Municipal,MUNICIPAL,,AL,2704104
14/08/2016,Feriado Municipal,MUNICIPAL,,BA,2903003
14/08/2016,Feriado Municipal,MUNICIPAL,,BA,2905008
14/08/2016,Feriado Municipal,MUNICIPAL,,BA,2906501
14/08/2016,Feriado Municipal,MUNICIPAL,,BA,2908101
14/08/2016,Feriado Municipal,MUNICIPAL,,BA,2909109
14/08/2016,Feriado Municipal,MUNICIPAL,,BA,2911303
14/08/2016,Feriado Municipal,MUNICIPAL,,BA,2911709
14/08/2016,Feriado Municipal,MUNICIPAL,,BA,2911907
14/08/2016,Feriado Municipal,MUNICIPAL,,BA,2915205
14/08/2016,Feriado Municipal,MUNICIPAL,,BA,2916005
14/08/2016,Feriado Municipal,MUNICIPAL,,BA,2917300
14/08/2016,Feriado Municipal,MUNICIPAL,,BA,2923100
14/08/2016,Feriado Municipal,MUNICIPAL,,BA,2926509
14/08/2016,Feriado Municipal,MUNICIPAL,,BA,2929701
14/08/2016,Feriado Municipal,MUNICIPAL,,BA,2931103
14/08/2016,Feriado Municipal,MUNICIPAL,,CE,2311405
14/08/2016,Feriado Municipal,MUNICIPAL,,CE,2314102
14/08/2016,Feriado Municipal,MUNICIPAL,,MG,3100104
14/08/2016,Feriado Municipal,MUNICIPAL,,MG,3101201
14/08/2016,Feriado Municipal,MUNICIPAL,,MG,3105608
14/08/2016,Feriado Municipal,MUNICIPAL,,MG,3122702
14/08/2016,Feriado Municipal,MUNICIPAL,,PI,2207702
14/08/2016,Feriado Municipal,MUNICIPAL,,SP,3502705
15/08/2016,Aniversário da Cidade,MUNICIPAL,"Aniversário da Cidade, feriado conforme lei 914, de 23 de maio 1994.",SC,4212601
15/08/2016,Aniversário da Cidade,MUNICIPAL,Aniversário do município,SP,3525300
15/08/2016,Assunção de Nossa Senhora,MUNICIPAL,"conforme Lei nº 1327, de 08 de fevereiro de 1967",MG,3106200
15/08/2016,Assunção de Nossa Senhora,MUNICIPAL,Assunção de Nossa Senhora (Lei nº 5.280/03),MG,3148004
15/08/2016,Assunção de Nossa Senhora,MUNICIPAL,Assunção de Nossa Senhora,SC,4209607
15/08/2016,Dia da Padroeira,MUNICIPAL,"Data comemorativa à Padroeira do Município, conforme lei nº 25/1997",SC,4212056
15/08/2016,Dia de Nossa Senhora Mãe dos Homens - Padroeira da Cidade,MUNICIPAL,,SP,3540606
15/08/2016,Dia de Nossa Senhora da Abadia,MUNICIPAL,conforme Lei Municipal nº 1.488 de 14/06/2005,SP,3513207
15/08/2016,Dia de Nossa Senhora do Desterro,MUNICIPAL,conforme Lei Municipal nº 2.102 de 31/12/1975,SP,3525904
15/08/2016,Dia de Nossa Senhora do Rosário,MUNICIPAL,"De acordo com a Lei Municipal nº 293, de 01 de fevereiro de 1961",MG,3156809
15/08/2016,"Dia de São Benedito, Padroeiro do município",MUNICIPAL,,AL,2702009
15/08/2016,Divino Espírito Santo,MUNICIPAL,Dia do Padroeiro,SP,3522703
15/08/2016,Feriado Municipal,MUNICIPAL,,AC,1200054
15/08/2016,Feriado Municipal,MUNICIPAL,,AM,1300508
15/08/2016,Feriado Municipal,MUNICIPAL,,AM,1302702
15/08/2016,Feriado Municipal,MUNICIPAL,,AP,1600402
15/08/2016,Feriado Municipal,MUNICIPAL,,AP,1600501
15/08/2016,Feriado Municipal,MUNICIPAL,,BA,2904100
15/08/2016,Feriado Municipal,MUNICIPAL,,BA,2905800
15/08/2016,Feriado Municipal,MUNICIPAL,,BA,2906204
15/08/2016,Feriado Municipal,MUNICIPAL,,BA,2907806
15/08/2016,Feriado Municipal,MUNICIPAL,,BA,2909307
15/08/2016,Feriado Municipal,MUNICIPAL,,BA,2910503
15/08/2016,Feriado Municipal,MUNICIPAL,,BA,2912707
15/08/2016,Feriado Municipal,MUNICIPAL,,BA,2913606
15/08/2016,Feriado Municipal,MUNICIPAL,,BA,2916005
15/08/2016,Feriado Municipal,MUNICIPAL,,BA,2917201
15/08/2016,Feriado Municipal,MUNICIPAL,,BA,2919504
15/08/2016,Feriado Municipal,MUNICIPAL,,BA,2925303
15/08/2016,Feriado Municipal,MUNICIPAL,,BA,2927804
15/08/2016,Feriado Municipal,MUNICIPAL,,BA,2931202
15/08/2016,Feriado Municipal,MUNICIPAL,,CE,2300408
15/08/2016,Feriado Municipal,MUNICIPAL,,CE,2302107
15/08/2016,Feriado Municipal,MUNICIPAL,,CE,2304657
15/08/2016,Feriado Municipal,MUNICIPAL,,CE,2305001
15/08/2016,Feriado Municipal,MUNICIPAL,,CE,2308302
15/08/2016,Feriado Municipal,MUNICIPAL,,CE,2308500
15/08/2016,Feriado Municipal,MUNICIPAL,,CE,2309300
15/08/2016,Feriado Municipal,MUNICIPAL,,CE,2311702
15/08/2016,Feriado Municipal,MUNICIPAL,,CE,2313104
15/08/2016,Feriado Municipal,MUNICIPAL,,CE,2313906
15/08/2016,Feriado Municipal,MUNICIPAL,,CE,2314102
15/08/2016,Feriado Municipal,MUNICIPAL,,ES,3200201
15/08/2016,Feriado Municipal,MUNICIPAL,,ES,3200409
15/08/2016,Feriado Municipal,MUNICIPAL,,ES,3201159
15/08/2016,Feriado Municipal,MUNICIPAL,,ES,3201407
15/08/2016,Feriado Municipal,MUNICIPAL,,GO,5200100
15/08/2016,Feriado Municipal,MUNICIPAL,,GO,5200605
15/08/2016,Feriado Municipal,MUNICIPAL,,GO,5202155
15/08/2016,Feriado Municipal,MUNICIPAL,,GO,5203203
15/08/2016,Feriado Municipal,MUNICIPAL,,GO,5203906
15/08/2016,Feriado Municipal,MUNICIPAL,,GO,5204102
15/08/2016,Feriado Municipal,MUNICIPAL,,GO,5204557
15/08/2016,Feriado Municipal,MUNICIPAL,,GO,5205307
15/08/2016,Feriado Municipal,MUNICIPAL,,GO,5207600
15/08/2016,Feriado Municipal,MUNICIPAL,,GO,5208608
15/08/2016,Feriado Municipal,MUNICIPAL,,GO,5210109
15/08/2016,Feriado Municipal,MUNICIPAL,,GO,5210406
15/08/2016,Feriado Municipal,MUNICIPAL,,GO,5211305
15/08/2016,Feriado Municipal,MUNICIPAL,,GO,5211404
15/08/2016,Feriado Municipal,MUNICIPAL,,GO,5211701
15/08/2016,Feriado Municipal,MUNICIPAL,,GO,5212105
15/08/2016,Feriado Municipal,MUNICIPAL,,GO,5212303
15/08/2016,Feriado Municipal,MUNICIPAL,,GO,5213509
15/08/2016,Feriado Municipal,MUNICIPAL,,GO,5213756
15/08/2016,Feriado Municipal,MUNICIPAL,,GO,5214606
15/08/2016,Feriado Municipal,MUNICIPAL,,GO,5214804
15/08/2016,Feriado Municipal,MUNICIPAL,,GO,5214861
15/08/2016,Feriado Municipal,MUNICIPAL,,GO,5216403
15/08/2016,Feriado Municipal,MUNICIPAL,,GO,5217104
15/08/2016,Feriado Municipal,MUNICIPAL,,GO,5218508
15/08/2016,Feriado Municipal,MUNICIPAL,,GO,5218904
15/08/2016,Feriado Municipal,MUNICIPAL,,GO,5219001
15/08/2016,Feriado Municipal,MUNICIPAL,,GO,5219506
15/08/2016,Feriado Municipal,MUNICIPAL,,GO,5220009
15/08/2016,Feriado Municipal,MUNICIPAL,,GO,5221304
15/08/2016,Feriado Municipal,MUNICIPAL,,MA,2101004
15/08/2016,Feriado Municipal,MUNICIPAL,,MA,2104008
15/08/2016,Feriado Municipal,MUNICIPAL,,MA,2106706
15/08/2016,Feriado Municipal,MUNICIPAL,,MA,2107704
15/08/2016,Feriado Municipal,MUNICIPAL,,MA,2110401
15/08/2016,Feriado Municipal,MUNICIPAL,,MA,2110708
15/08/2016,Feriado Municipal,MUNICIPAL,,MA,2111763
15/08/2016,Feriado Municipal,MUNICIPAL,,MG,3100104
15/08/2016,Feriado Municipal,MUNICIPAL,,MG,3100708
15/08/2016,Feriado Municipal,MUNICIPAL,,MG,3102803
15/08/2016,Feriado Municipal,MUNICIPAL,,MG,3103504
15/08/2016,Feriado Municipal,MUNICIPAL,,MG,3106903
15/08/2016,Feriado Municipal,MUNICIPAL,,MG,3107505
15/08/2016,Feriado Municipal,MUNICIPAL,,MG,3108107
15/08/2016,Feriado Municipal,MUNICIPAL,,MG,3109501
15/08/2016,Feriado Municipal,MUNICIPAL,,MG,3110004
15/08/2016,Feriado Municipal,MUNICIPAL,,MG,3110301
15/08/2016,Feriado Municipal,MUNICIPAL,,MG,3111309
15/08/2016,Feriado Municipal,MUNICIPAL,,MG,3111804
15/08/2016,Feriado Municipal,MUNICIPAL,,MG,3111903
15/08/2016,Feriado Municipal,MUNICIPAL,,MG,3112000
15/08/2016,Feriado Municipal,MUNICIPAL,,MG,3112307
15/08/2016,Feriado Municipal,MUNICIPAL,,MG,3113503
15/08/2016,Feriado Municipal,MUNICIPAL,,MG,3114600
15/08/2016,Feriado Municipal,MUNICIPAL,,MG,3115003
15/08/2016,Feriado Municipal,MUNICIPAL,,MG,3115508
15/08/2016,Feriado Municipal,MUNICIPAL,,MG,3115805
15/08/2016,Feriado Municipal,MUNICIPAL,,MG,3117108
15/08/2016,Feriado Municipal,MUNICIPAL,,MG,3118007
15/08/2016,Feriado Municipal,MUNICIPAL,,MG,3119302
15/08/2016,Feriado Municipal,MUNICIPAL,,MG,3119401
15/08/2016,Feriado Municipal,MUNICIPAL,,MG,3120706
15/08/2016,Feriado Municipal,MUNICIPAL,,MG,3122702
15/08/2016,Feriado Municipal,MUNICIPAL,,MG,3123908
15/08/2016,Feriado Municipal,MUNICIPAL,,MG,3124807
15/08/2016,Feriado Municipal,MUNICIPAL,,MG,3125200
15/08/2016,Feriado Municipal,MUNICIPAL,,MG,3125705
15/08/2016,Feriado Municipal,MUNICIPAL,,MG,3126109
15/08/2016,Feriado Municipal,MUNICIPAL,,MG,3127909
15/08/2016,Feriado Municipal,MUNICIPAL,,MG,3128105
15/08/2016,Feriado Municipal,MUNICIPAL,,MG,3128907
15/08/2016,Feriado Municipal,MUNICIPAL,,MG,3129004
15/08/2016,Feriado Municipal,MUNICIPAL,,MG,3129509
15/08/2016,Feriado Municipal,MUNICIPAL,,MG,3130309
15/08/2016,Feriado Municipal,MUNICIPAL,,MG,3131901
15/08/2016,Feriado Municipal,MUNICIPAL,,MG,3132404
15/08/2016,Feriado Municipal,MUNICIPAL,,MG,3133709
15/08/2016,Feriado Municipal,MUNICIPAL,,MG,3133808
15/08/2016,Feriado Municipal,MUNICIPAL,,MG,3135050
15/08/2016,Feriado Municipal,MUNICIPAL,,MG,3135407
15/08/2016,Feriado Municipal,MUNICIPAL,,MG,3136405
15/08/2016,Feriado Municipal,MUNICIPAL,,MG,3137502
15/08/2016,Feriado Municipal,MUNICIPAL,,MG,3137601
15/08/2016,Feriado Municipal,MUNICIPAL,,MG,3137809
15/08/2016,Feriado Municipal,MUNICIPAL,,MG,3140506
15/08/2016,Feriado Municipal,MUNICIPAL,,MG,3141207
15/08/2016,Feriado Municipal,MUNICIPAL,,MG,3141603
15/08/2016,Feriado Municipal,MUNICIPAL,,MG,3141702
15/08/2016,Feriado Municipal,MUNICIPAL,,MG,3142809
15/08/2016,Feriado Municipal,MUNICIPAL,,MG,3142908
15/08/2016,Feriado Municipal,MUNICIPAL,,MG,3143104
15/08/2016,Feriado Municipal,MUNICIPAL,,MG,3144706
15/08/2016,Feriado Municipal,MUNICIPAL,,MG,3144805
15/08/2016,Feriado Municipal,MUNICIPAL,,MG,3145000
15/08/2016,Feriado Municipal,MUNICIPAL,,MG,3145604
15/08/2016,Feriado Municipal,MUNICIPAL,,MG,3147709
15/08/2016,Feriado Municipal,MUNICIPAL,,MG,3148103
15/08/2016,Feriado Municipal,MUNICIPAL,,MG,3148608
15/08/2016,Feriado Municipal,MUNICIPAL,,MG,3149309
15/08/2016,Feriado Municipal,MUNICIPAL,,MG,3149705
15/08/2016,Feriado Municipal,MUNICIPAL,,MG,3149804
15/08/2016,Feriado Municipal,MUNICIPAL,,MG,3149903
15/08/2016,Feriado Municipal,MUNICIPAL,,MG,3150703
15/08/2016,Feriado Municipal,MUNICIPAL,,MG,3150802
15/08/2016,Feriado Municipal,MUNICIPAL,,MG,3151404
15/08/2016,Feriado Municipal,MUNICIPAL,,MG,3151503
15/08/2016,Feriado Municipal,MUNICIPAL,,MG,3153004
15/08/2016,Feriado Municipal,MUNICIPAL,,MG,3153400
15/08/2016,Feriado Municipal,MUNICIPAL,,MG,3153905
15/08/2016,Feriado Municipal,MUNICIPAL,,MG,3154606
15/08/2016,Feriado Municipal,MUNICIPAL,,MG,3154705
15/08/2016,Feriado Municipal,MUNICIPAL,,MG,3155504
15/08/2016,Feriado Municipal,MUNICIPAL,,MG,3156007
15/08/2016,Feriado Municipal,MUNICIPAL,,MG,3156403
15/08/2016,Feriado Municipal,MUNICIPAL,,MG,3156908
15/08/2016,Feriado Municipal,MUNICIPAL,,MG,3157708
15/08/2016,Feriado Municipal,MUNICIPAL,,MG,3157807
15/08/2016,Feriado Municipal,MUNICIPAL,,MG,3158201
15/08/2016,Feriado Municipal,MUNICIPAL,,MG,3158805
15/08/2016,Feriado Municipal,MUNICIPAL,,MG,3159803
15/08/2016,Feriado Municipal,MUNICIPAL,,MG,3159902
15/08/2016,Feriado Municipal,MUNICIPAL,,MG,3161007
15/08/2016,Feriado Municipal,MUNICIPAL,,MG,3161700
15/08/2016,Feriado Municipal,MUNICIPAL,,MG,3162203
15/08/2016,Feriado Municipal,MUNICIPAL,,MG,3162500
15/08/2016,Feriado Municipal,MUNICIPAL,,MG,3162807
15/08/2016,Feriado Municipal,MUNICIPAL,,MG,3163409
15/08/2016,Feriado Municipal,MUNICIPAL,,MG,3164308
15/08/2016,Feriado Municipal,MUNICIPAL,,MG,3164605
15/08/2016,Feriado Municipal,MUNICIPAL,,MG,3165701
15/08/2016,Feriado Municipal,MUNICIPAL,,MG,3166808
15/08/2016,Feriado Municipal,MUNICIPAL,,MG,3168705
15/08/2016,Feriado Municipal,MUNICIPAL,,MG,3169604
15/08/2016,Feriado Municipal,MUNICIPAL,,MG,3170909
15/08/2016,Feriado Municipal,MUNICIPAL,,MG,3171600
15/08/2016,Feriado Municipal,MUNICIPAL,,MS,5001102
15/08/2016,Feriado Municipal,MUNICIPAL,,MS,5001904
15/08/2016,Feriado Municipal,MUNICIPAL,,MS,5003900
15/08/2016,Feriado Municipal,MUNICIPAL,,MS,5004007
15/08/2016,Feriado Municipal,MUNICIPAL,,MS,5007703
15/08/2016,Feriado Municipal,MUNICIPAL,,MS,5007901
15/08/2016,Feriado Municipal,MUNICIPAL,,MT,5103056
15/08/2016,Feriado Municipal,MUNICIPAL,,MT,5107859
15/08/2016,Feriado Municipal,MUNICIPAL,,PB,2500601
15/08/2016,Feriado Municipal,MUNICIPAL,,PB,2503506
15/08/2016,Feriado Municipal,MUNICIPAL,,PB,2508307
15/08/2016,Feriado Municipal,MUNICIPAL,,PE,2606101
15/08/2016,Feriado Municipal,MUNICIPAL,,PE,2606903
15/08/2016,Feriado Municipal,MUNICIPAL,,PE,2607307
15/08/2016,Feriado Municipal,MUNICIPAL,,PE,2611309
15/08/2016,Feriado Municipal,MUNICIPAL,,PE,2614204
15/08/2016,Feriado Municipal,MUNICIPAL,,PI,2200202
15/08/2016,Feriado Municipal,MUNICIPAL,,PI,2201507
15/08/2016,Feriado Municipal,MUNICIPAL,,PI,2202703
15/08/2016,Feriado Municipal,MUNICIPAL,,PI,2203206
15/08/2016,Feriado Municipal,MUNICIPAL,,PI,2204402
15/08/2016,Feriado Municipal,MUNICIPAL,,PI,2205508
15/08/2016,Feriado Municipal,MUNICIPAL,,PI,2207009
15/08/2016,Feriado Municipal,MUNICIPAL,,PI,2207801
15/08/2016,Feriado Municipal,MUNICIPAL,,PI,2208007
15/08/2016,Feriado Municipal,MUNICIPAL,,PI,2208205
15/08/2016,Feriado Municipal,MUNICIPAL,,PR,4100509
15/08/2016,Feriado Municipal,MUNICIPAL,,PR,4100707
15/08/2016,Feriado Municipal,MUNICIPAL,,PR,4101200
15/08/2016,Feriado Municipal,MUNICIPAL,,PR,4108403
15/08/2016,Feriado Municipal,MUNICIPAL,,PR,4111555
15/08/2016,Feriado Municipal,MUNICIPAL,,PR,4112959
15/08/2016,Feriado Municipal,MUNICIPAL,,PR,4114708
15/08/2016,Feriado Municipal,MUNICIPAL,,PR,4117404
15/08/2016,Feriado Municipal,MUNICIPAL,,PR,4119608
15/08/2016,Feriado Municipal,MUNICIPAL,,PR,4120853
15/08/2016,Feriado Municipal,MUNICIPAL,,PR,4122206
15/08/2016,Feriado Municipal,MUNICIPAL,,PR,4125605
15/08/2016,Feriado Municipal,MUNICIPAL,,PR,4128104
15/08/2016,Feriado Municipal,MUNICIPAL,,RJ,3300605
15/08/2016,Feriado Municipal,MUNICIPAL,,RJ,3300936
15/08/2016,Feriado Municipal,MUNICIPAL,,RJ,3301306
15/08/2016,Feriado Municipal,MUNICIPAL,,RJ,3301504
15/08/2016,Feriado Municipal,MUNICIPAL,,RJ,3301850
15/08/2016,Feriado Municipal,MUNICIPAL,,RJ,3302700
15/08/2016,Feriado Municipal,MUNICIPAL,,RJ,3302908
15/08/2016,Feriado Municipal,MUNICIPAL,,RJ,3305158
15/08/2016,Feriado Municipal,MUNICIPAL,,RJ,3305752
15/08/2016,Feriado Municipal,MUNICIPAL,,RJ,3306107
15/08/2016,Feriado Municipal,MUNICIPAL,,RN,2400109
15/08/2016,Feriado Municipal,MUNICIPAL,,RN,2400307
15/08/2016,Feriado Municipal,MUNICIPAL,,RN,2401107
15/08/2016,Feriado Municipal,MUNICIPAL,,RN,2404507
15/08/2016,Feriado Municipal,MUNICIPAL,,RN,2407203
15/08/2016,Feriado Municipal,MUNICIPAL,,RO,1101302
15/08/2016,Feriado Municipal,MUNICIPAL,,RR,1400472
15/08/2016,Feriado Municipal,MUNICIPAL,,RS,4301552
15/08/2016,Feriado Municipal,MUNICIPAL,,RS,4302808
15/08/2016,Feriado Municipal,MUNICIPAL,,RS,4305116
15/08/2016,Feriado Municipal,MUNICIPAL,,RS,4306502
15/08/2016,Feriado Municipal,MUNICIPAL,,SC,4200408
15/08/2016,Feriado Municipal,MUNICIPAL,,SC,4200903
15/08/2016,Feriado Municipal,MUNICIPAL,,SC,4204905
15/08/2016,Feriado Municipal,MUNICIPAL,,SC,4207601
15/08/2016,Feriado Municipal,MUNICIPAL,,SC,4209300
15/08/2016,Feriado Municipal,MUNICIPAL,,SC,4210803
15/08/2016,Feriado Municipal,MUNICIPAL,,SC,4214102
15/08/2016,Feriado Municipal,MUNICIPAL,,SC,4218905
15/08/2016,Feriado Municipal,MUNICIPAL,,SE,2801009
15/08/2016,Feriado Municipal,MUNICIPAL,,SE,2802403
15/08/2016,Feriado Municipal,MUNICIPAL,,SE,2804003
15/08/2016,Feriado Municipal,MUNICIPAL,,SE,2804508
15/08/2016,Feriado Municipal,MUNICIPAL,,SE,2804805
15/08/2016,Feriado Municipal,MUNICIPAL,,SE,2805406
15/08/2016,Feriado Municipal,MUNICIPAL,,SE,2807402
15/08/2016,Feriado Municipal,MUNICIPAL,,SP,3501103
15/08/2016,Feriado Municipal,MUNICIPAL,,SP,3503109
15/08/2016,Feriado Municipal,MUNICIPAL,,SP,3503307
15/08/2016,Feriado Municipal,MUNICIPAL,,SP,3503604
15/08/2016,Feriado Municipal,MUNICIPAL,,SP,3506201
15/08/2016,Feriado Municipal,MUNICIPAL,,SP,3506300
15/08/2016,Feriado Municipal,MUNICIPAL,,SP,3508801
15/08/2016,Feriado Municipal,MUNICIPAL,,SP,3509304
15/08/2016,Feriado Municipal,MUNICIPAL,,SP,3509908
15/08/2016,Feriado Municipal,MUNICIPAL,,SP,3513504
15/08/2016,Feriado Municipal,MUNICIPAL,,SP,3517000
15/08/2016,Feriado Municipal,MUNICIPAL,,SP,3517109
15/08/2016,Feriado Municipal,MUNICIPAL,,SP,3518909
15/08/2016,Feriado Municipal,MUNICIPAL,,SP,3519303
15/08/2016,Feriado Municipal,MUNICIPAL,,SP,3519808
15/08/2016,Feriado Municipal,MUNICIPAL,,SP,3520103
15/08/2016,Feriado Municipal,MUNICIPAL,,SP,3522000
15/08/2016,Feriado Municipal,MUNICIPAL,,SP,3524808
15/08/2016,Feriado Municipal,MUNICIPAL,,SP,3527207
15/08/2016,Feriado Municipal,MUNICIPAL,,SP,3528809
15/08/2016,Feriado Municipal,MUNICIPAL,,SP,3531605
15/08/2016,Feriado Municipal,MUNICIPAL,,SP,3533601
15/08/2016,Feriado Municipal,MUNICIPAL,,SP,3535705
15/08/2016,Feriado Municipal,MUNICIPAL,,SP,3535804
15/08/2016,Feriado Municipal,MUNICIPAL,,SP,3537008
15/08/2016,Feriado Municipal,MUNICIPAL,,SP,3537800
15/08/2016,Feriado Municipal,MUNICIPAL,,SP,3541307
15/08/2016,Feriado Municipal,MUNICIPAL,,SP,3542503
15/08/2016,Feriado Municipal,MUNICIPAL,,SP,3545506
15/08/2016,Feriado Municipal,MUNICIPAL,,SP,3547007
15/08/2016,Feriado Municipal,MUNICIPAL,,SP,3549706
15/08/2016,Feriado Municipal,MUNICIPAL,,SP,3550100
15/08/2016,Feriado Municipal,MUNICIPAL,,SP,3552106
15/08/2016,Feriado Municipal,MUNICIPAL,,SP,3554508
15/08/2016,Feriado Municipal,MUNICIPAL,,SP,3555109
15/08/2016,Feriado Municipal,MUNICIPAL,,SP,3555307
15/08/2016,Feriado Municipal,MUNICIPAL,,SP,3556305
15/08/2016,Feriado Municipal,MUNICIPAL,,TO,1702208
15/08/2016,Feriado Municipal,MUNICIPAL,,TO,1711902
15/08/2016,Feriado Municipal,MUNICIPAL,,TO,1714203
15/08/2016,Feriado Municipal,MUNICIPAL,,TO,1716604
15/08/2016,Feriado Municipal,MUNICIPAL,,TO,1721208
15/08/2016,Fundação de Sorocaba e Dia de Nossa Senhora da Ponte,MUNICIPAL,conforme Lei Municipal nº 1.439 de 11/11/1966,SP,3552205
15/08/2016,N. Sra. do Patrocínio,MUNICIPAL,Padroeira do município,SP,3531803
15/08/2016,Nossa Senhora Rainha dos Anjos,MUNICIPAL,"Feriado religioso em homenagem à padroeira do município, conforme o Art. 1º, inciso III da Lei Municipal nº 403 de 15/12/1992.",PE,2611101
15/08/2016,Nossa Senhora da Abadia,MUNICIPAL,"Feriado, segundo Lei nº 2.205, de 10 de agosto de 1983",MG,3134202
15/08/2016,Nossa Senhora da Abadia,MUNICIPAL,conforme Lei Municipal nº 12.608 de 04/04/2017,MG,3170107
15/08/2016,Nossa Senhora da Abadia,MUNICIPAL,"Dia de Nossa Senhora da Abadia, padroeira do Município",MG,3170206
15/08/2016,Nossa Senhora da Assunção,MUNICIPAL,"Dia de Nossa Senhora da Assunção, padroeira de Fortaleza, conforme Lei Municipal nº 8.796 de 09/12/2003",CE,2304400
15/08/2016,Nossa Senhora da Assunção (Padroeira),MUNICIPAL,conforme Lei Municipal nº 3.125 de 14/01/2020,RJ,3300704
15/08/2016,Nossa Senhora da Babilônia,MUNICIPAL,conforme Lei Municipal nº 7.502 de 04/12/1974,SP,3548906
15/08/2016,Nossa Senhora da Esperança,MUNICIPAL,conforme Lei Municipal nº 431 de 11/04/1973,MG,3131307
15/08/2016,"Nossa Senhora da Glória, padroeira de Maringá",MUNICIPAL,De acordo com a Lei Municipal nº 512 de 22 de março de 1967,PR,4115200
15/08/2016,Nossa Senhora dos Prazeres,MUNICIPAL,"Padroeira do Município, conforme Lei Municipal nº 326 de 22/06/1981",CE,2303709
15/08/2016,Nossa Sra Abadia,MUNICIPAL,"Festa de Nossa Senhora Abadia, Feriado municipal instituído pela Lei Municipal nº 6.725/2014",MG,3104007
15/08/2016,Nossa Sra Abadia,MUNICIPAL,Feriado de Nossa Senhora da Abadia,MG,3162104
15/08/2016,Nossa Sra Abadia,MUNICIPAL,"Dia de Nossa Senhora da Abadia, conforme lei 676 de 19 de fevereiro de 2001",MG,3168101
15/08/2016,Padroeira,MUNICIPAL,"Dia de Nossa Senhora das Vitórias, padroeira da cidade, conforme Lei Municipal nº 1.391 de 16/08/2006",BA,2933307
15/08/2016,Padroeira da cidade,MUNICIPAL,,BA,2910057
16/08/2016,Aniversário de Teresina,MUNICIPAL,conforme Lei nº 2.847 de 22 de novembro de 1999,PI,2211001
16/08/2016,Dia de São Roque,MUNICIPAL,"Dia de São Roque, padroeiro da cidade",RS,4308003
16/08/2016,Feriado Municipal,MUNICIPAL,,BA,2901908
16/08/2016,Feriado Municipal,MUNICIPAL,,BA,2911204
16/08/2016,Feriado Municipal,MUNICIPAL,,BA,2913903
16/08/2016,Feriado Municipal,MUNICIPAL,,BA,2922409
16/08/2016,Feriado Municipal,MUNICIPAL,,BA,2922508
16/08/2016,Feriado Municipal,MUNICIPAL,,BA,2925758
16/08/2016,Feriado Municipal,MUNICIPAL,,BA,2926301
16/08/2016,Feriado Municipal,MUNICIPAL,,BA,2930600
16/08/2016,Feriado Municipal,MUNICIPAL,,BA,2931707
16/08/2016,Feriado Municipal,MUNICIPAL,,CE,2301208
16/08/2016,Feriado Municipal,MUNICIPAL,,ES,3204955
16/08/2016,Feriado Municipal,MUNICIPAL,,MA,2110500
16/08/2016,Feriado Municipal,MUNICIPAL,,MG,3107901
16/08/2016,Feriado Municipal,MUNICIPAL,,MG,3116001
16/08/2016,Feriado Municipal,MUNICIPAL,,MG,3133303
16/08/2016,Feriado Municipal,MUNICIPAL,,MG,3164308
16/08/2016,Feriado Municipal,MUNICIPAL,,MT,5107206
16/08/2016,Feriado Municipal,MUNICIPAL,,PR,4106506
16/08/2016,Feriado Municipal,MUNICIPAL,,PR,4107306
16/08/2016,Feriado Municipal,MUNICIPAL,,PR,4116703
16/08/2016,Feriado Municipal,MUNICIPAL,,PR,4122206
16/08/2016,Feriado Municipal,MUNICIPAL,,PR,4126207
16/08/2016,Feriado Municipal,MUNICIPAL,,RO,1100122
16/08/2016,Feriado Municipal,MUNICIPAL,,RS,4300059
16/08/2016,Feriado Municipal,MUNICIPAL,,RS,4300505
16/08/2016,Feriado Municipal,MUNICIPAL,,RS,4305801
16/08/2016,Feriado Municipal,MUNICIPAL,,RS,4306452
16/08/2016,Feriado Municipal,MUNICIPAL,,RS,4310306
16/08/2016,Feriado Municipal,MUNICIPAL,,RS,4310702
16/08/2016,Feriado Municipal,MUNICIPAL,,RS,4311106
16/08/2016,Feriado Municipal,MUNICIPAL,,RS,4314704
16/08/2016,Feriado Municipal,MUNICIPAL,,RS,4321857
16/08/2016,Feriado Municipal,MUNICIPAL,,SC,4211207
16/08/2016,Feriado Municipal,MUNICIPAL,,SC,4212700
16/08/2016,Feriado Municipal,MUNICIPAL,,SC,4218103
16/08/2016,Feriado Municipal,MUNICIPAL,,SE,2801009
16/08/2016,Feriado Municipal,MUNICIPAL,,SP,3507001
16/08/2016,Feriado Municipal,MUNICIPAL,,SP,3508009
16/08/2016,Feriado Municipal,MUNICIPAL,,SP,3510104
16/08/2016,Feriado Municipal,MUNICIPAL,,SP,3546702
16/08/2016,Feriado Municipal,MUNICIPAL,,SP,3548609
16/08/2016,Feriado Municipal,MUNICIPAL,,SP,3550605
16/08/2016,Feriado Municipal,MUNICIPAL,,SP,3553708
16/08/2016,Feriado Municipal,MUNICIPAL,,SP,3553807
16/08/2016,Feriado Municipal,MUNICIPAL,,TO,1714203
16/08/2016,São Roque,MUNICIPAL,"Dia de São Roque, padroeiro do Município",PR,4103040
16/08/2016,São Roque,MUNICIPAL,"Feriado Municipal em louvor ao glorioso Padroeiro São Roque do Município de Tamarana, conforme lei nº 97/1999",PR,4126678
17/08/2016,Aniversário da Cidade,MUNICIPAL,Aniversário da Cidade,BA,2907103
17/08/2016,Feriado Municipal,MUNICIPAL,,CE,2301901
17/08/2016,Feriado Municipal,MUNICIPAL,,PB,2507309
17/08/2016,Feriado Municipal,MUNICIPAL,,PB,2514909
17/08/2016,Feriado Municipal,MUNICIPAL,,PE,2610806
17/08/2016,Feriado Municipal,MUNICIPAL,,PR,4109005
17/08/2016,Feriado Municipal,MUNICIPAL,,SP,3525508
17/08/2016,Feriado Municipal,MUNICIPAL,,SP,3529500
18/08/2016,Feriado Municipal,MUNICIPAL,,CE,2303204
18/08/2016,Feriado Municipal,MUNICIPAL,,GO,5203401
18/08/2016,Feriado Municipal,MUNICIPAL,,MA,2109809
18/08/2016,Feriado Municipal,MUNICIPAL,,RS,4306106
18/08/2016,Feriado Municipal,MUNICIPAL,,RS,4321402
18/08/2016,Feriado Municipal,MUNICIPAL,,SP,3509403
18/08/2016,Feriado Municipal,MUNICIPAL,,SP,3518008
19/08/2016,Asunção de N. Senhora,MUNICIPAL,feriado religioso instituído pela Lei Municipal 713/76 e alterada pela Lei nº 2.328/13,MG,3107406
19/08/2016,Feriado Municipal,MUNICIPAL,,GO,5222005
19/08/2016,Feriado Municipal,MUNICIPAL,,MT,5108956
19/08/2016,Feriado Municipal,MUNICIPAL,,SP,3505401
19/08/2016,Nossa Sra da Glória,MUNICIPAL,"Nossa Senhora da Glória. Feriado movido para Sexta-Feira, segundo decreto municipal",AC,1200203
19/08/2016,São Luiz de Tolosa,MUNICIPAL,Padroeiro do município,SP,3550001
20/08/2016,Aniversário da Cidade,MUNICIPAL,conforme Lei Municipal nº 2.241 de 13/08/1976,SP,3548708
20/08/2016,Dia do Evangélico,MUNICIPAL,"Dia do Evangélico, conforme a Lei Nº 2.053, de 06 de Junho de 2018",BA,2918001
20/08/2016,Feriado Municipal,MUNICIPAL,,AL,2706307
20/08/2016,Feriado Municipal,MUNICIPAL,,BA,2900801
20/08/2016,Feriado Municipal,MUNICIPAL,,CE,2307502
20/08/2016,Feriado Municipal,MUNICIPAL,,ES,3200136
20/08/2016,Feriado Municipal,MUNICIPAL,,GO,5205109
20/08/2016,Feriado Municipal,MUNICIPAL,,GO,5219308
20/08/2016,Feriado Municipal,MUNICIPAL,,MA,2110609
20/08/2016,Feriado Municipal,MUNICIPAL,,MG,3116407
20/08/2016,Feriado Municipal,MUNICIPAL,,PI,2210706
20/08/2016,Feriado Municipal,MUNICIPAL,,PR,4102000
20/08/2016,Feriado Municipal,MUNICIPAL,,PR,4113403
20/08/2016,Feriado Municipal,MUNICIPAL,,PR,4124103
20/08/2016,Feriado Municipal,MUNICIPAL,,RS,4320008
20/08/2016,Feriado Municipal,MUNICIPAL,,RS,4322103
20/08/2016,Feriado Municipal,MUNICIPAL,,SE,2805604
20/08/2016,Feriado Municipal,MUNICIPAL,,SP,3543709
20/08/2016,Feriado Municipal,MUNICIPAL,,SP,3553302
21/08/2016,Feriado Municipal,MUNICIPAL,,GO,5205471
21/08/2016,Feriado Municipal,MUNICIPAL,,MA,2108108
21/08/2016,Feriado Municipal,MUNICIPAL,,PR,4117107
21/08/2016,Feriado Municipal,MUNICIPAL,,RJ,3303203
21/08/2016,Feriado Municipal,MUNICIPAL,,RJ,3305109
21/08/2016,Feriado Municipal,MUNICIPAL,,SP,3522802
22/08/2016,Aniversário do Município,MUNICIPAL,Aniversário da Emancipação Política do Município,AL,2703304
22/08/2016,Feriado Municipal,MUNICIPAL,,AL,2701605
22/08/2016,Feriado Municipal,MUNICIPAL,,BA,2903805
22/08/2016,Feriado Municipal,MUNICIPAL,,BA,2908903
22/08/2016,Feriado Municipal,MUNICIPAL,,BA,2917102
22/08/2016,Feriado Municipal,MUNICIPAL,,ES,3201506
22/08/2016,Feriado Municipal,MUNICIPAL,,ES,3203205
22/08/2016,Feriado Municipal,MUNICIPAL,,GO,5205471
22/08/2016,Feriado Municipal,MUNICIPAL,,MA,2112704
22/08/2016,Feriado Municipal,MUNICIPAL,,PB,2503704
22/08/2016,Feriado Municipal,MUNICIPAL,,PI,2202703
22/08/2016,Feriado Municipal,MUNICIPAL,,PR,4102208
22/08/2016,Feriado Municipal,MUNICIPAL,,RS,4307708
22/08/2016,Feriado Municipal,MUNICIPAL,,SC,4214300
22/08/2016,Feriado Municipal,MUNICIPAL,,SP,3503208
22/08/2016,Feriado Municipal,MUNICIPAL,,SP,3507803
22/08/2016,Feriado Municipal,MUNICIPAL,,SP,3520806
23/08/2016,Feriado Municipal,MUNICIPAL,,CE,2310704
23/08/2016,Feriado Municipal,MUNICIPAL,,GO,5204003
23/08/2016,Feriado Municipal,MUNICIPAL,,MG,3134400
23/08/2016,Feriado Municipal,MUNICIPAL,,MG,3141108
23/08/2016,Feriado Municipal,MUNICIPAL,,MG,3141504
23/08/2016,Feriado Municipal,MUNICIPAL,,MG,3165537
23/08/2016,Feriado Municipal,MUNICIPAL,,PA,1500503
23/08/2016,Feriado Municipal,MUNICIPAL,,PR,4110805
23/08/2016,Feriado Municipal,MUNICIPAL,,PR,4117222
23/08/2016,Feriado Municipal,MUNICIPAL,,RS,4310405
23/08/2016,Feriado Municipal,MUNICIPAL,,SC,4215653
23/08/2016,Feriado Municipal,MUNICIPAL,,TO,1708205
24/08/2016,Feriado Municipal,MUNICIPAL,,AL,2704807
24/08/2016,Feriado Municipal,MUNICIPAL,,AL,2709103
24/08/2016,Feriado Municipal,MUNICIPAL,,BA,2920601
24/08/2016,Feriado Municipal,MUNICIPAL,,CE,2313609
24/08/2016,Feriado Municipal,MUNICIPAL,,MG,3156908
24/08/2016,Feriado Municipal,MUNICIPAL,,SP,3508108
24/08/2016,Feriado Municipal,MUNICIPAL,,SP,3544400
25/08/2016,Aniversário da Cidade,MUNICIPAL,Emancipação Político-Administrativa Municipal,SC,4204202
25/08/2016,Aniversário do Município,MUNICIPAL,Aniversário do Município,SC,4206702
25/08/2016,Dia de Duque de Caxias,MUNICIPAL,"Dia do Patrono da cidade e do Exército Brasileiro, conforme Lei Municipal nº 1.096 de 24/06/1991",RJ,3301702
25/08/2016,"Dia de São Luiz de Cáceres, Padroeiro da cidade",MUNICIPAL,,MT,5102504
25/08/2016,Dia do Município,MUNICIPAL,,SC,4209003
25/08/2016,Emancipação do Município,MUNICIPAL,Comemoração da emancipação político-administrativa da cidade,SC,4210035
25/08/2016,Feriado Municipal,MUNICIPAL,,BA,2909000
25/08/2016,Feriado Municipal,MUNICIPAL,,GO,5214408
25/08/2016,Feriado Municipal,MUNICIPAL,,GO,5218003
25/08/2016,Feriado Municipal,MUNICIPAL,,MG,3155801
25/08/2016,Feriado Municipal,MUNICIPAL,,PI,2204501
25/08/2016,Feriado Municipal,MUNICIPAL,,SP,3505500
25/08/2016,Feriado Municipal,MUNICIPAL,,SP,3542305
25/08/2016,Feriado Municipal,MUNICIPAL,,TO,1713205
25/08/2016,São João Luiz da França,MUNICIPAL,"Dia de São João Luiz da França, São João Luiz da França",SC,4218855
25/08/2016,São Luis,MUNICIPAL,"Dia de São Luis, padroeiro do Município, conforme lei 94 de 1967",RS,4312500
26/08/2016,Aniversário,MUNICIPAL,Aniversário do município,SC,4211306
26/08/2016,Aniversário de Campo Grande,MUNICIPAL,conforme Lei Municipal nº 3.901 de 29/10/2001,MS,5002704
26/08/2016,Feriado Municipal,MUNICIPAL,,BA,2917201
26/08/2016,Feriado Municipal,MUNICIPAL,,CE,2302503
26/08/2016,Feriado Municipal,MUNICIPAL,,CE,2305803
26/08/2016,Feriado Municipal,MUNICIPAL,,MT,5108907
26/08/2016,Feriado Municipal,MUNICIPAL,,PR,4106605
26/08/2016,Feriado Municipal,MUNICIPAL,,PR,4128658
26/08/2016,Feriado Municipal,MUNICIPAL,,TO,1707009
27/08/2016,Feriado Municipal,MUNICIPAL,,BA,2911600
27/08/2016,Feriado Municipal,MUNICIPAL,,CE,2308104
27/08/2016,Feriado Municipal,MUNICIPAL,,CE,2312205
27/08/2016,Feriado Municipal,MUNICIPAL,,MA,2111706
27/08/2016,Feriado Municipal,MUNICIPAL,,PE,2604700
27/08/2016,Feriado Municipal,MUNICIPAL,,PR,4104428
27/08/2016,Feriado Municipal,MUNICIPAL,,SC,4207205
27/08/2016,Feriado Municipal,MUNICIPAL,,SP,3523800
27/08/2016,Feriado Municipal,MUNICIPAL,,SP,3529302
27/08/2016,Nossa Senhora dos Prazeres,MUNICIPAL,"Dia da Padroeira de Maceió, feriado municipal conforme a Lei Municipal nº 1.391 de 26/08/1964.",AL,2704302
28/08/2016,Feriado Municipal,MUNICIPAL,,AL,2704104
28/08/2016,Feriado Municipal,MUNICIPAL,,BA,2927200
28/08/2016,Feriado Municipal,MUNICIPAL,,BA,2927606
28/08/2016,Feriado Municipal,MUNICIPAL,,GO,5201504
28/08/2016,Feriado Municipal,MUNICIPAL,,MA,2102325
28/08/2016,Feriado Municipal,MUNICIPAL,,MG,3103504
28/08/2016,Feriado Municipal,MUNICIPAL,,PA,1501709
28/08/2016,Feriado Municipal,MUNICIPAL,,PA,1504703
28/08/2016,Feriado Municipal,MUNICIPAL,,SC,4206504
28/08/2016,Feriado Municipal,MUNICIPAL,,SE,2801306
28/08/2016,Feriado Municipal,MUNICIPAL,,SE,2802908
28/08/2016,Feriado Municipal,MUNICIPAL,,SP,3523206
28/08/2016,Feriado Municipal,MUNICIPAL,,SP,3555109
29/08/2016,Aniversário da Cidade,MUNICIPAL,,GO,5213806
29/08/2016,Feriado Municipal,MUNICIPAL,,BA,2900405
29/08/2016,Feriado Municipal,MUNICIPAL,,CE,2306702
29/08/2016,Feriado Municipal,MUNICIPAL,,PB,2516706
29/08/2016,Feriado Municipal,MUNICIPAL,,PE,2605459
29/08/2016,Feriado Municipal,MUNICIPAL,,PI,2211100
29/08/2016,Feriado Municipal,MUNICIPAL,,SP,3505104
29/08/2016,Feriado Municipal,MUNICIPAL,,SP,3526704
29/08/2016,Feriado Municipal,MUNICIPAL,,SP,3529807
30/08/2016,Aniversário da Cidade,MUNICIPAL,"Data de criação do Município, feriado municipal, definido pela Lei n. 456 de 07 de maio de 1973",SC,4211702
30/08/2016,Feriado Municipal,MUNICIPAL,,CE,2306801
30/08/2016,Feriado Municipal,MUNICIPAL,,CE,2307601
30/08/2016,Feriado Municipal,MUNICIPAL,,CE,2310803
30/08/2016,Feriado Municipal,MUNICIPAL,,MA,2111607
30/08/2016,Feriado Municipal,MUNICIPAL,,MG,3102704
30/08/2016,Feriado Municipal,MUNICIPAL,,MG,3104106
30/08/2016,Feriado Municipal,MUNICIPAL,,MG,3108404
30/08/2016,Feriado Municipal,MUNICIPAL,,MG,3111002
30/08/2016,Feriado Municipal,MUNICIPAL,,MG,3116605
30/08/2016,Feriado Municipal,MUNICIPAL,,MG,3117702
30/08/2016,Feriado Municipal,MUNICIPAL,,MG,3118205
30/08/2016,Feriado Municipal,MUNICIPAL,,MG,3123601
30/08/2016,Feriado Municipal,MUNICIPAL,,MG,3144607
30/08/2016,Feriado Municipal,MUNICIPAL,,MG,3147204
30/08/2016,Feriado Municipal,MUNICIPAL,,MG,3147709
30/08/2016,Feriado Municipal,MUNICIPAL,,MG,3167400
30/08/2016,Feriado Municipal,MUNICIPAL,,MG,3171709
30/08/2016,Feriado Municipal,MUNICIPAL,,SC,4215604
31/08/2016,Aniversário de Uberlândia,MUNICIPAL,conforme Lei Municipal nº 2.115 de 11/07/1973,MG,3170206
31/08/2016,Feriado Municipal,MUNICIPAL,,BA,2905602
31/08/2016,Feriado Municipal,MUNICIPAL,,BA,2911808
31/08/2016,Feriado Municipal,MUNICIPAL,,CE,2306405
31/08/2016,Feriado Municipal,MUNICIPAL,,CE,2314003
31/08/2016,Feriado Municipal,MUNICIPAL,,GO,5221403
31/08/2016,Feriado Municipal,MUNICIPAL,,MA,2100907
31/08/2016,Feriado Municipal,MUNICIPAL,,MA,2102556
31/08/2016,Feriado Municipal,MUNICIPAL,,MA,2104602
31/08/2016,Feriado Municipal,MUNICIPAL,,MA,2111607
31/08/2016,Feriado Municipal,MUNICIPAL,,MA,2111748
31/08/2016,Feriado Municipal,MUNICIPAL,,MA,2112308
31/08/2016,Feriado Municipal,MUNICIPAL,,MA,2112704
31/08/2016,Feriado Municipal,MUNICIPAL,,MG,3109808
31/08/2016,Feriado Municipal,MUNICIPAL,,MG,3110806
31/08/2016,Feriado Municipal,MUNICIPAL,,MG,3136405
31/08/2016,Feriado Municipal,MUNICIPAL,,PA,1501204
31/08/2016,Feriado Municipal,MUNICIPAL,,PI,2210607
31/08/2016,Feriado Municipal,MUNICIPAL,,PI,2211100
31/08/2016,Feriado Municipal,MUNICIPAL,,SP,3521804
01/09/2016,Aniversário de Mogi das Cruzes,MUNICIPAL,conforme Lei Municipal nº 1.585 de 03/09/1966,SP,3530607
01/09/2016,"Dia de Nossa Senhora da Penha, padroeira do município",MUNICIPAL,,CE,2304202
01/09/2016,Feriado Municipal,MUNICIPAL,,BA,2909307
01/09/2016,Feriado Municipal,MUNICIPAL,,BA,2913408
01/09/2016,Feriado Municipal,MUNICIPAL,,BA,2916906
01/09/2016,Feriado Municipal,MUNICIPAL,,MA,2111052
01/09/2016,Feriado Municipal,MUNICIPAL,,MA,2112852
01/09/2016,Feriado Municipal,MUNICIPAL,,MG,3111903
01/09/2016,Feriado Municipal,MUNICIPAL,,MG,3131158
01/09/2016,Feriado Municipal,MUNICIPAL,,MG,3131406
01/09/2016,Feriado Municipal,MUNICIPAL,,MG,3147600
01/09/2016,Feriado Municipal,MUNICIPAL,,MG,3151909
01/09/2016,Feriado Municipal,MUNICIPAL,,MG,3154200
01/09/2016,Feriado Municipal,MUNICIPAL,,MG,3166204
01/09/2016,Feriado Municipal,MUNICIPAL,,PA,1508001
01/09/2016,Feriado Municipal,MUNICIPAL,,RN,2405702
02/09/2016,Aniversário da Cidade,MUNICIPAL,conforme Lei Municipal nº 1.222 de 14/02/1964,SC,4202404
02/09/2016,Feriado Municipal,MUNICIPAL,,CE,2309805
02/09/2016,Feriado Municipal,MUNICIPAL,,GO,5212303
02/09/2016,Feriado Municipal,MUNICIPAL,,GO,5212808
02/09/2016,Feriado Municipal,MUNICIPAL,,MS,5005202
02/09/2016,Feriado Municipal,MUNICIPAL,,SP,3541505
03/09/2016,Feriado Municipal,MUNICIPAL,,AM,1303809
03/09/2016,Feriado Municipal,MUNICIPAL,,BA,2917201
03/09/2016,Feriado Municipal,MUNICIPAL,,CE,2312700
03/09/2016,Feriado Municipal,MUNICIPAL,,MA,2108603
03/09/2016,Feriado Municipal,MUNICIPAL,,SP,3520400
04/09/2016,Aniversário da Cidade,MUNICIPAL,Aniversário de Santa Rosa de Viterbo,SP,3547601
04/09/2016,Emancipação Política,MUNICIPAL,Aniversário de Emancipação Política do Paulista,PE,2610707
04/09/2016,Feriado Municipal,MUNICIPAL,,CE,2311207
04/09/2016,Feriado Municipal,MUNICIPAL,,GO,5205406
04/09/2016,Feriado Municipal,MUNICIPAL,,GO,5218607
04/09/2016,Feriado Municipal,MUNICIPAL,,MG,3117108
04/09/2016,Feriado Municipal,MUNICIPAL,,MG,3122454
04/09/2016,Feriado Municipal,MUNICIPAL,,PI,2202000
04/09/2016,Feriado Municipal,MUNICIPAL,,PI,2204402
04/09/2016,Feriado Municipal,MUNICIPAL,,PI,2210805
04/09/2016,Feriado Municipal,MUNICIPAL,,PR,4121752
04/09/2016,Feriado Municipal,MUNICIPAL,,RN,2409407
05/09/2016,Emancipação política do município,MUNICIPAL,,PB,2500403
05/09/2016,Feriado Municipal,MUNICIPAL,,MG,3144003
05/09/2016,Feriado Municipal,MUNICIPAL,,RN,2414407
05/09/2016,Feriado Municipal,MUNICIPAL,,RS,4310405
05/09/2016,Feriado Municipal,MUNICIPAL,,SC,4213609
06/09/2016,Aniversário da Cidade,MUNICIPAL,Emancipação político-administrativa de Belém (Lei nº 12/99),PB,2501906
06/09/2016,Feriado Municipal,MUNICIPAL,,AC,1200013
06/09/2016,Feriado Municipal,MUNICIPAL,,AC,1200104
06/09/2016,Feriado Municipal,MUNICIPAL,,AC,1200138
06/09/2016,Feriado Municipal,MUNICIPAL,,AC,1200179
06/09/2016,Feriado Municipal,MUNICIPAL,,AC,1200252
06/09/2016,Feriado Municipal,MUNICIPAL,,AC,1200302
06/09/2016,Feriado Municipal,MUNICIPAL,,AC,1200336
06/09/2016,Feriado Municipal,MUNICIPAL,,AC,1200344
06/09/2016,Feriado Municipal,MUNICIPAL,,AC,1200385
06/09/2016,Feriado Municipal,MUNICIPAL,,AC,1200450
06/09/2016,Feriado Municipal,MUNICIPAL,,AC,1200500
06/09/2016,Feriado Municipal,MUNICIPAL,,AC,1200708
06/09/2016,Feriado Municipal,MUNICIPAL,,AC,1200807
06/09/2016,Feriado Municipal,MUNICIPAL,,BA,2902203
06/09/2016,Feriado Municipal,MUNICIPAL,,CE,2308906
06/09/2016,Feriado Municipal,MUNICIPAL,,CE,2310100
06/09/2016,Feriado Municipal,MUNICIPAL,,MG,3143906
06/09/2016,Feriado Municipal,MUNICIPAL,,PI,2211209
06/09/2016,Feriado Municipal,MUNICIPAL,,RJ,3303104
06/09/2016,Feriado Municipal,MUNICIPAL,,RO,1100031
06/09/2016,Feriado Municipal,MUNICIPAL,,SC,4210704
06/09/2016,Feriado Municipal,MUNICIPAL,,SP,3507001
06/09/2016,Feriado Municipal,MUNICIPAL,,SP,3543006
08/09/2016,Aniversário,MUNICIPAL,Aniversário de Mafra,SC,4210100
08/09/2016,Aniversário da Cidade,MUNICIPAL,Aniversário da Cidade,SP,3523107
08/09/2016,Dia da Padroeira,MUNICIPAL,Dia da Padroeira,SP,3514809
08/09/2016,Emancipação,MUNICIPAL,Emancipação Política de Exu,PE,2605301
08/09/2016,Feriado Municipal,MUNICIPAL,,AL,2700706
08/09/2016,Feriado Municipal,MUNICIPAL,,AL,2701209
08/09/2016,Feriado Municipal,MUNICIPAL,,AL,2708808
08/09/2016,Feriado Municipal,MUNICIPAL,,AM,1301407
08/09/2016,Feriado Municipal,MUNICIPAL,,AM,1302405
08/09/2016,Feriado Municipal,MUNICIPAL,,BA,2903706
08/09/2016,Feriado Municipal,MUNICIPAL,,BA,2904506
08/09/2016,Feriado Municipal,MUNICIPAL,,BA,2905008
08/09/2016,Feriado Municipal,MUNICIPAL,,BA,2913002
08/09/2016,Feriado Municipal,MUNICIPAL,,BA,2913408
08/09/2016,Feriado Municipal,MUNICIPAL,,BA,2914406
08/09/2016,Feriado Municipal,MUNICIPAL,,BA,2916708
08/09/2016,Feriado Municipal,MUNICIPAL,,BA,2917409
08/09/2016,Feriado Municipal,MUNICIPAL,,BA,2918407
08/09/2016,Feriado Municipal,MUNICIPAL,,BA,2921708
08/09/2016,Feriado Municipal,MUNICIPAL,,BA,2923209
08/09/2016,Feriado Municipal,MUNICIPAL,,BA,2923407
08/09/2016,Feriado Municipal,MUNICIPAL,,BA,2925303
08/09/2016,Feriado Municipal,MUNICIPAL,,BA,2925402
08/09/2016,Feriado Municipal,MUNICIPAL,,BA,2925600
08/09/2016,Feriado Municipal,MUNICIPAL,,BA,2927002
08/09/2016,Feriado Municipal,MUNICIPAL,,BA,2928109
08/09/2016,Feriado Municipal,MUNICIPAL,,BA,2929800
08/09/2016,Feriado Municipal,MUNICIPAL,,BA,2931400
08/09/2016,Feriado Municipal,MUNICIPAL,,CE,2302909
08/09/2016,Feriado Municipal,MUNICIPAL,,CE,2303402
08/09/2016,Feriado Municipal,MUNICIPAL,,CE,2304509
08/09/2016,Feriado Municipal,MUNICIPAL,,CE,2307700
08/09/2016,Feriado Municipal,MUNICIPAL,,CE,2313104
08/09/2016,Feriado Municipal,MUNICIPAL,,CE,2313757
08/09/2016,Feriado Municipal,MUNICIPAL,,ES,3202801
08/09/2016,Feriado Municipal,MUNICIPAL,,GO,5200803
08/09/2016,Feriado Municipal,MUNICIPAL,,GO,5204805
08/09/2016,Feriado Municipal,MUNICIPAL,,GO,5205802
08/09/2016,Feriado Municipal,MUNICIPAL,,GO,5207808
08/09/2016,Feriado Municipal,MUNICIPAL,,GO,5211800
08/09/2016,Feriado Municipal,MUNICIPAL,,GO,5216809
08/09/2016,Feriado Municipal,MUNICIPAL,,GO,5219902
08/09/2016,Feriado Municipal,MUNICIPAL,,MA,2100501
08/09/2016,Feriado Municipal,MUNICIPAL,,MA,2103802
08/09/2016,Feriado Municipal,MUNICIPAL,,MA,2109502
08/09/2016,Feriado Municipal,MUNICIPAL,,MA,2110104
08/09/2016,Feriado Municipal,MUNICIPAL,,MA,2112506
08/09/2016,Feriado Municipal,MUNICIPAL,,MA,2112803
08/09/2016,Feriado Municipal,MUNICIPAL,,MA,2112902
08/09/2016,Feriado Municipal,MUNICIPAL,,MG,3103009
08/09/2016,Feriado Municipal,MUNICIPAL,,MG,3104908
08/09/2016,Feriado Municipal,MUNICIPAL,,MG,3107604
08/09/2016,Feriado Municipal,MUNICIPAL,,MG,3108008
08/09/2016,Feriado Municipal,MUNICIPAL,,MG,3109303
08/09/2016,Feriado Municipal,MUNICIPAL,,MG,3126703
08/09/2016,Feriado Municipal,MUNICIPAL,,MG,3134004
08/09/2016,Feriado Municipal,MUNICIPAL,,MG,3137502
08/09/2016,Feriado Municipal,MUNICIPAL,,MG,3144508
08/09/2016,Feriado Municipal,MUNICIPAL,,MG,3148103
08/09/2016,Feriado Municipal,MUNICIPAL,,MG,3150604
08/09/2016,Feriado Municipal,MUNICIPAL,,MG,3166006
08/09/2016,Feriado Municipal,MUNICIPAL,,MG,3169000
08/09/2016,Feriado Municipal,MUNICIPAL,,PA,1506203
08/09/2016,Feriado Municipal,MUNICIPAL,,PA,1507201
08/09/2016,Feriado Municipal,MUNICIPAL,,PB,2500908
08/09/2016,Feriado Municipal,MUNICIPAL,,PB,2504306
08/09/2016,Feriado Municipal,MUNICIPAL,,PB,2516201
08/09/2016,Feriado Municipal,MUNICIPAL,,PE,2613909
08/09/2016,Feriado Municipal,MUNICIPAL,,PI,2203701
08/09/2016,Feriado Municipal,MUNICIPAL,,PI,2204303
08/09/2016,Feriado Municipal,MUNICIPAL,,PI,2207702
08/09/2016,Feriado Municipal,MUNICIPAL,,PR,4103008
08/09/2016,Feriado Municipal,MUNICIPAL,,PR,4105201
08/09/2016,Feriado Municipal,MUNICIPAL,,PR,4105706
08/09/2016,Feriado Municipal,MUNICIPAL,,PR,4107504
08/09/2016,Feriado Municipal,MUNICIPAL,,PR,4110706
08/09/2016,Feriado Municipal,MUNICIPAL,,PR,4116208
08/09/2016,Feriado Municipal,MUNICIPAL,,PR,4123857
08/09/2016,Feriado Municipal,MUNICIPAL,,RJ,3301603
08/09/2016,Feriado Municipal,MUNICIPAL,,RJ,3302601
08/09/2016,Feriado Municipal,MUNICIPAL,,RJ,3303104
08/09/2016,Feriado Municipal,MUNICIPAL,,RJ,3303807
08/09/2016,Feriado Municipal,MUNICIPAL,,RJ,3305505
08/09/2016,Feriado Municipal,MUNICIPAL,,RJ,3305604
08/09/2016,Feriado Municipal,MUNICIPAL,,RN,2405702
08/09/2016,Feriado Municipal,MUNICIPAL,,RS,4307609
08/09/2016,Feriado Municipal,MUNICIPAL,,RS,4312708
08/09/2016,Feriado Municipal,MUNICIPAL,,RS,4322509
08/09/2016,Feriado Municipal,MUNICIPAL,,SC,4204251
08/09/2016,Feriado Municipal,MUNICIPAL,,SC,4216206
08/09/2016,Feriado Municipal,MUNICIPAL,,SE,2803500
08/09/2016,Feriado Municipal,MUNICIPAL,,SE,2806701
08/09/2016,Feriado Municipal,MUNICIPAL,,SE,2807501
08/09/2016,Feriado Municipal,MUNICIPAL,,SP,3501905
08/09/2016,Feriado Municipal,MUNICIPAL,,SP,3502309
08/09/2016,Feriado Municipal,MUNICIPAL,,SP,3506409
08/09/2016,Feriado Municipal,MUNICIPAL,,SP,3508207
08/09/2016,Feriado Municipal,MUNICIPAL,,SP,3513009
08/09/2016,Feriado Municipal,MUNICIPAL,,SP,3513702
08/09/2016,Feriado Municipal,MUNICIPAL,,SP,3514957
08/09/2016,Feriado Municipal,MUNICIPAL,,SP,3522604
08/09/2016,Feriado Municipal,MUNICIPAL,,SP,3523305
08/09/2016,Feriado Municipal,MUNICIPAL,,SP,3523404
08/09/2016,Feriado Municipal,MUNICIPAL,,SP,3527009
08/09/2016,Feriado Municipal,MUNICIPAL,,SP,3530300
08/09/2016,Feriado Municipal,MUNICIPAL,,SP,3531704
08/09/2016,Feriado Municipal,MUNICIPAL,,SP,3532306
08/09/2016,Feriado Municipal,MUNICIPAL,,SP,3532702
08/09/2016,Feriado Municipal,MUNICIPAL,,SP,3555703
08/09/2016,N. Sra do Bom Sucesso,MUNICIPAL,Dia de Nossa Senhora do Bom Sucesso,SP,3538006
08/09/2016,N. Sra do Monte Serrat,MUNICIPAL,Feriado em Comemoração ao dia de Nossa Senha de Monte Serrat,SP,3548500
08/09/2016,Natividade de Nossa Senhora,MUNICIPAL,"conforme Lei nº 3432, de 06 de fevereiro de 1996",MA,2111300
08/09/2016,Nossa Senhora da Luz dos Pinhais,MUNICIPAL,"conforme a Lei nº 3015, de 24 de agosto de 1967",PR,4106902
08/09/2016,Nossa Senhora da Vitória,MUNICIPAL,conforme Lei Municipal nº 1.732 de 31/03/1967,ES,3205309
08/09/2016,Nossa Sra Mont Serrat,MUNICIPAL,Dia da Padroeira da Cidade,SP,3545209
09/09/2016,Feriado Municipal,MUNICIPAL,,MG,3150703
09/09/2016,Feriado Municipal,MUNICIPAL,,PR,4121901
09/09/2016,Feriado Municipal,MUNICIPAL,,RN,2407203
09/09/2016,Feriado Municipal,MUNICIPAL,,SP,3506904
09/09/2016,Feriado Municipal,MUNICIPAL,,SP,3533601
10/09/2016,Feriado Municipal,MUNICIPAL,,BA,2902500
10/09/2016,Feriado Municipal,MUNICIPAL,,MG,3104304
10/09/2016,Feriado Municipal,MUNICIPAL,,MG,3136306
10/09/2016,Feriado Municipal,MUNICIPAL,,MG,3145109
10/09/2016,Feriado Municipal,MUNICIPAL,,PR,4114005
10/09/2016,Feriado Municipal,MUNICIPAL,,RS,4306403
10/09/2016,Feriado Municipal,MUNICIPAL,,RS,4318606
10/09/2016,Feriado Municipal,MUNICIPAL,,RS,4322103
10/09/2016,Feriado Municipal,MUNICIPAL,,RS,4322301
10/09/2016,Feriado Municipal,MUNICIPAL,,SC,4207403
10/09/2016,Feriado Municipal,MUNICIPAL,,SP,3552304
11/09/2016,Feriado Municipal,MUNICIPAL,,CE,2307007
11/09/2016,Feriado Municipal,MUNICIPAL,,ES,3202504
11/09/2016,Feriado Municipal,MUNICIPAL,,MG,3133758
11/09/2016,Feriado Municipal,MUNICIPAL,,MT,5104906
11/09/2016,Feriado Municipal,MUNICIPAL,,PE,2600302
11/09/2016,Feriado Municipal,MUNICIPAL,,PE,2600708
11/09/2016,Feriado Municipal,MUNICIPAL,,PE,2601102
11/09/2016,Feriado Municipal,MUNICIPAL,,PE,2601201
11/09/2016,Feriado Municipal,MUNICIPAL,,PE,2601706
11/09/2016,Feriado Municipal,MUNICIPAL,,PE,2603009
11/09/2016,Feriado Municipal,MUNICIPAL,,PE,2604007
11/09/2016,Feriado Municipal,MUNICIPAL,,PE,2604205
11/09/2016,Feriado Municipal,MUNICIPAL,,PE,2605103
11/09/2016,Feriado Municipal,MUNICIPAL,,PE,2605608
11/09/2016,Feriado Municipal,MUNICIPAL,,PE,2608404
11/09/2016,Feriado Municipal,MUNICIPAL,,PE,2608701
11/09/2016,Feriado Municipal,MUNICIPAL,,PE,2609402
11/09/2016,Feriado Municipal,MUNICIPAL,,PE,2609709
11/09/2016,Feriado Municipal,MUNICIPAL,,PE,2611804
11/09/2016,Feriado Municipal,MUNICIPAL,,PE,2613107
11/09/2016,Feriado Municipal,MUNICIPAL,,PE,2613305
11/09/2016,Feriado Municipal,MUNICIPAL,,PE,2614006
11/09/2016,Feriado Municipal,MUNICIPAL,,PE,2614501
11/09/2016,Feriado Municipal,MUNICIPAL,,PE,2616209
11/09/2016,Feriado Municipal,MUNICIPAL,,PE,2616308
11/09/2016,Feriado Municipal,MUNICIPAL,,SC,4207809
11/09/2016,Feriado Municipal,MUNICIPAL,,SC,4208609
11/09/2016,Feriado Municipal,MUNICIPAL,,SP,3522901
11/09/2016,Feriado Municipal,MUNICIPAL,,SP,3528700
12/09/2016,Feriado Municipal,MUNICIPAL,,GO,5210109
12/09/2016,Feriado Municipal,MUNICIPAL,,MA,2111748
12/09/2016,Feriado Municipal,MUNICIPAL,,MA,2112308
12/09/2016,Feriado Municipal,MUNICIPAL,,MG,3142205
12/09/2016,Feriado Municipal,MUNICIPAL,,MS,5008404
12/09/2016,Feriado Municipal,MUNICIPAL,,SC,4203808
12/09/2016,Feriado Municipal,MUNICIPAL,,SP,3524709
13/09/2016,Feriado Municipal,MUNICIPAL,,MG,3107802
13/09/2016,Feriado Municipal,MUNICIPAL,,MG,3139003
13/09/2016,Feriado Municipal,MUNICIPAL,,MG,3155405
13/09/2016,Feriado Municipal,MUNICIPAL,,PA,1508159
13/09/2016,Feriado Municipal,MUNICIPAL,,PE,2603207
13/09/2016,Feriado Municipal,MUNICIPAL,,PI,2202604
13/09/2016,Feriado Municipal,MUNICIPAL,,PR,4115853
13/09/2016,Feriado Municipal,MUNICIPAL,,PR,4120853
13/09/2016,Feriado Municipal,MUNICIPAL,,RS,4305603
14/09/2016,Aniversário da Cidade,MUNICIPAL,Data da Fundação da Cidade de Sinop,MT,5107909
14/09/2016,Feriado Municipal,MUNICIPAL,,BA,2921500
14/09/2016,Feriado Municipal,MUNICIPAL,,BA,2933208
14/09/2016,Feriado Municipal,MUNICIPAL,,CE,2304954
14/09/2016,Feriado Municipal,MUNICIPAL,,ES,3202009
14/09/2016,Feriado Municipal,MUNICIPAL,,ES,3204351
14/09/2016,Feriado Municipal,MUNICIPAL,,GO,5220603
14/09/2016,Feriado Municipal,MUNICIPAL,,GO,5221700
14/09/2016,Feriado Municipal,MUNICIPAL,,MA,2101004
14/09/2016,Feriado Municipal,MUNICIPAL,,MA,2104800
14/09/2016,Feriado Municipal,MUNICIPAL,,MG,3104403
14/09/2016,Feriado Municipal,MUNICIPAL,,MG,3114204
14/09/2016,Feriado Municipal,MUNICIPAL,,MG,3131802
14/09/2016,Feriado Municipal,MUNICIPAL,,MG,3133204
14/09/2016,Feriado Municipal,MUNICIPAL,,MG,3135506
14/09/2016,Feriado Municipal,MUNICIPAL,,MG,3138500
14/09/2016,Feriado Municipal,MUNICIPAL,,MG,3139201
14/09/2016,Feriado Municipal,MUNICIPAL,,MG,3139508
14/09/2016,Feriado Municipal,MUNICIPAL,,MG,3140902
14/09/2016,Feriado Municipal,MUNICIPAL,,MG,3141108
14/09/2016,Feriado Municipal,MUNICIPAL,,MG,3152402
14/09/2016,Feriado Municipal,MUNICIPAL,,MG,3152907
14/09/2016,Feriado Municipal,MUNICIPAL,,MG,3163409
14/09/2016,Feriado Municipal,MUNICIPAL,,MG,3168408
14/09/2016,Feriado Municipal,MUNICIPAL,,MG,3168507
14/09/2016,Feriado Municipal,MUNICIPAL,,MT,5101704
14/09/2016,Feriado Municipal,MUNICIPAL,,PE,2602407
14/09/2016,Feriado Municipal,MUNICIPAL,,PR,4101101
14/09/2016,Feriado Municipal,MUNICIPAL,,PR,4118907
14/09/2016,Feriado Municipal,MUNICIPAL,,PR,4123303
14/09/2016,Feriado Municipal,MUNICIPAL,,RJ,3302304
14/09/2016,Feriado Municipal,MUNICIPAL,,RJ,3302809
14/09/2016,Feriado Municipal,MUNICIPAL,,RS,4323002
14/09/2016,Feriado Municipal,MUNICIPAL,,SP,3503604
14/09/2016,Feriado Municipal,MUNICIPAL,,SP,3511607
14/09/2016,Feriado Municipal,MUNICIPAL,,SP,3541406
14/09/2016,Feriado Municipal,MUNICIPAL,,SP,3543105
14/09/2016,Feriado Municipal,MUNICIPAL,,SP,3546306
14/09/2016,Feriado Municipal,MUNICIPAL,,SP,3555406
14/09/2016,Nosso Senhor do Bomfim,MUNICIPAL,Padroeiro da cidade,RS,4312450
14/09/2016,"Padroeira da cidade, Decreto nº. 04, de 02 de janeiro de 2008",MUNICIPAL,,BA,2933158
15/09/2016,Dia da Padroeira - Nossa Senhora das Dores,MUNICIPAL,,PA,1503044
15/09/2016,Dia da Padroeira Nossa Senhora das Dores,MUNICIPAL,conforme Lei Municipal nº 4.901 de 04/12/2012,SP,3526902
15/09/2016,Dia de N. Sra da Dores,MUNICIPAL,"Dia de Nossa Senhora da Dores, padroeira do Município",MG,3128709
15/09/2016,"Dia de Nossa Senhora das Dores, padroeira do município",MUNICIPAL,,CE,2307304
15/09/2016,Dia de Nossa Senhora do Patrocínio,MUNICIPAL,conforme Lei Municipal nº 373 de 16/08/1971,SP,3545407
15/09/2016,Feriado Municipal,MUNICIPAL,,AL,2708402
15/09/2016,Feriado Municipal,MUNICIPAL,,AM,1302702
15/09/2016,Feriado Municipal,MUNICIPAL,,BA,2903904
15/09/2016,Feriado Municipal,MUNICIPAL,,BA,2906600
15/09/2016,Feriado Municipal,MUNICIPAL,,BA,2909802
15/09/2016,Feriado Municipal,MUNICIPAL,,BA,2920106
15/09/2016,Feriado Municipal,MUNICIPAL,,BA,2924900
15/09/2016,Feriado Municipal,MUNICIPAL,,CE,2300309
15/09/2016,Feriado Municipal,MUNICIPAL,,CE,2300408
15/09/2016,Feriado Municipal,MUNICIPAL,,CE,2301604
15/09/2016,Feriado Municipal,MUNICIPAL,,CE,2304004
15/09/2016,Feriado Municipal,MUNICIPAL,,CE,2310308
15/09/2016,Feriado Municipal,MUNICIPAL,,CE,2312700
15/09/2016,Feriado Municipal,MUNICIPAL,,ES,3202009
15/09/2016,Feriado Municipal,MUNICIPAL,,ES,3202553
15/09/2016,Feriado Municipal,MUNICIPAL,,GO,5200308
15/09/2016,Feriado Municipal,MUNICIPAL,,GO,5204508
15/09/2016,Feriado Municipal,MUNICIPAL,,GO,5215306
15/09/2016,Feriado Municipal,MUNICIPAL,,GO,5218003
15/09/2016,Feriado Municipal,MUNICIPAL,,MA,2105401
15/09/2016,Feriado Municipal,MUNICIPAL,,MG,3100500
15/09/2016,Feriado Municipal,MUNICIPAL,,MG,3101300
15/09/2016,Feriado Municipal,MUNICIPAL,,MG,3105608
15/09/2016,Feriado Municipal,MUNICIPAL,,MG,3106309
15/09/2016,Feriado Municipal,MUNICIPAL,,MG,3107109
15/09/2016,Feriado Municipal,MUNICIPAL,,MG,3110400
15/09/2016,Feriado Municipal,MUNICIPAL,,MG,3111408
15/09/2016,Feriado Municipal,MUNICIPAL,,MG,3112208
15/09/2016,Feriado Municipal,MUNICIPAL,,MG,3121407
15/09/2016,Feriado Municipal,MUNICIPAL,,MG,3123007
15/09/2016,Feriado Municipal,MUNICIPAL,,MG,3123304
15/09/2016,Feriado Municipal,MUNICIPAL,,MG,3127404
15/09/2016,Feriado Municipal,MUNICIPAL,,MG,3129707
15/09/2016,Feriado Municipal,MUNICIPAL,,MG,3132206
15/09/2016,Feriado Municipal,MUNICIPAL,,MG,3135209
15/09/2016,Feriado Municipal,MUNICIPAL,,MG,3138609
15/09/2016,Feriado Municipal,MUNICIPAL,,MG,3140308
15/09/2016,Feriado Municipal,MUNICIPAL,,MG,3147105
15/09/2016,Feriado Municipal,MUNICIPAL,,MG,3150307
15/09/2016,Feriado Municipal,MUNICIPAL,,MG,3157708
15/09/2016,Feriado Municipal,MUNICIPAL,,MG,3167806
15/09/2016,Feriado Municipal,MUNICIPAL,,MT,5101803
15/09/2016,Feriado Municipal,MUNICIPAL,,MT,5107248
15/09/2016,Feriado Municipal,MUNICIPAL,,PB,2503704
15/09/2016,Feriado Municipal,MUNICIPAL,,PB,2509701
15/09/2016,Feriado Municipal,MUNICIPAL,,PE,2600708
15/09/2016,Feriado Municipal,MUNICIPAL,,PE,2601508
15/09/2016,Feriado Municipal,MUNICIPAL,,PE,2604601
15/09/2016,Feriado Municipal,MUNICIPAL,,PE,2611200
15/09/2016,Feriado Municipal,MUNICIPAL,,PE,2613503
15/09/2016,Feriado Municipal,MUNICIPAL,,PE,2615201
15/09/2016,Feriado Municipal,MUNICIPAL,,PE,2615300
15/09/2016,Feriado Municipal,MUNICIPAL,,PE,2615706
15/09/2016,Feriado Municipal,MUNICIPAL,,PR,4111704
15/09/2016,Feriado Municipal,MUNICIPAL,,PR,4112009
15/09/2016,Feriado Municipal,MUNICIPAL,,PR,4114906
15/09/2016,Feriado Municipal,MUNICIPAL,,PR,4119905
15/09/2016,Feriado Municipal,MUNICIPAL,,PR,4127601
15/09/2016,Feriado Municipal,MUNICIPAL,,RJ,3300225
15/09/2016,Feriado Municipal,MUNICIPAL,,RJ,3301306
15/09/2016,Feriado Municipal,MUNICIPAL,,RJ,3302304
15/09/2016,Feriado Municipal,MUNICIPAL,,RJ,3302502
15/09/2016,Feriado Municipal,MUNICIPAL,,RJ,3304110
15/09/2016,Feriado Municipal,MUNICIPAL,,RJ,3304409
15/09/2016,Feriado Municipal,MUNICIPAL,,RN,2409308
15/09/2016,Feriado Municipal,MUNICIPAL,,RS,4301800
15/09/2016,Feriado Municipal,MUNICIPAL,,SC,4208807
15/09/2016,Feriado Municipal,MUNICIPAL,,SE,2804607
15/09/2016,Feriado Municipal,MUNICIPAL,,SP,3501004
15/09/2016,Feriado Municipal,MUNICIPAL,,SP,3502903
15/09/2016,Feriado Municipal,MUNICIPAL,,SP,3503802
15/09/2016,Feriado Municipal,MUNICIPAL,,SP,3504503
15/09/2016,Feriado Municipal,MUNICIPAL,,SP,3505203
15/09/2016,Feriado Municipal,MUNICIPAL,,SP,3507902
15/09/2016,Feriado Municipal,MUNICIPAL,,SP,3508405
15/09/2016,Feriado Municipal,MUNICIPAL,,SP,3510005
15/09/2016,Feriado Municipal,MUNICIPAL,,SP,3510807
15/09/2016,Feriado Municipal,MUNICIPAL,,SP,3515350
15/09/2016,Feriado Municipal,MUNICIPAL,,SP,3515400
15/09/2016,Feriado Municipal,MUNICIPAL,,SP,3516903
15/09/2016,Feriado Municipal,MUNICIPAL,,SP,3517703
15/09/2016,Feriado Municipal,MUNICIPAL,,SP,3519709
15/09/2016,Feriado Municipal,MUNICIPAL,,SP,3523800
15/09/2016,Feriado Municipal,MUNICIPAL,,SP,3524907
15/09/2016,Feriado Municipal,MUNICIPAL,,SP,3525706
15/09/2016,Feriado Municipal,MUNICIPAL,,SP,3526209
15/09/2016,Feriado Municipal,MUNICIPAL,,SP,3526803
15/09/2016,Feriado Municipal,MUNICIPAL,,SP,3529906
15/09/2016,Feriado Municipal,MUNICIPAL,,SP,3533403
15/09/2016,Feriado Municipal,MUNICIPAL,,SP,3551108
15/09/2016,Feriado Municipal,MUNICIPAL,,SP,3551504
15/09/2016,Feriado Municipal,MUNICIPAL,,SP,3556503
15/09/2016,Nossa Senhora das Dores,MUNICIPAL,Comemorações da Padroeira da Cidade,MA,2103208
15/09/2016,Nossa Sra da Piedade,MUNICIPAL,"Nossa Senhora da Piedade, padroeira do Município",SC,4218707
15/09/2016,Nossa Sra das Dores,MUNICIPAL,"Alusivo à Padroeira da cidade, Nossa Senhora das Dores.",PB,2509404
15/09/2016,Nossa Sra do Desterro,MUNICIPAL,Dia de Nossa Senhora do Desterro,SP,3528502
15/09/2016,Padroeira N. Sra das Dores,MUNICIPAL,De acordo com a Lei nº 2.959 de 1985,PE,2604106
16/09/2016,Feriado Municipal,MUNICIPAL,,BA,2923605
16/09/2016,Feriado Municipal,MUNICIPAL,,CE,2303105
16/09/2016,Feriado Municipal,MUNICIPAL,,ES,3203056
16/09/2016,Feriado Municipal,MUNICIPAL,,GO,5204300
16/09/2016,Feriado Municipal,MUNICIPAL,,GO,5205307
16/09/2016,Feriado Municipal,MUNICIPAL,,MG,3108909
16/09/2016,Feriado Municipal,MUNICIPAL,,MG,3114105
16/09/2016,Feriado Municipal,MUNICIPAL,,MG,3115508
16/09/2016,Feriado Municipal,MUNICIPAL,,MG,3124104
16/09/2016,Feriado Municipal,MUNICIPAL,,MG,3125101
16/09/2016,Feriado Municipal,MUNICIPAL,,MG,3128303
16/09/2016,Feriado Municipal,MUNICIPAL,,MG,3133808
16/09/2016,Feriado Municipal,MUNICIPAL,,MG,3134905
16/09/2016,Feriado Municipal,MUNICIPAL,,MG,3137809
16/09/2016,Feriado Municipal,MUNICIPAL,,MG,3142809
16/09/2016,Feriado Municipal,MUNICIPAL,,RN,2414605
16/09/2016,Feriado Municipal,MUNICIPAL,,SP,3502754
16/09/2016,Feriado Municipal,MUNICIPAL,,SP,3535903
16/09/2016,São Cornélio e Aniversário,MUNICIPAL,"Dia de São Cornélio e Aniversário da Cidade, segundo Lei nº 2.205, de 10 de agosto de 1983",MG,3134202
17/09/2016,Dia do Evangélico,MUNICIPAL,Dia do Evangélico,BA,2905206
17/09/2016,Feriado Municipal,MUNICIPAL,,BA,2904506
17/09/2016,Feriado Municipal,MUNICIPAL,,BA,2904704
17/09/2016,Feriado Municipal,MUNICIPAL,,BA,2914109
17/09/2016,Feriado Municipal,MUNICIPAL,,MG,3103751
17/09/2016,Feriado Municipal,MUNICIPAL,,MG,3143500
17/09/2016,Feriado Municipal,MUNICIPAL,,PE,2614303
17/09/2016,Feriado Municipal,MUNICIPAL,,PI,2211100
17/09/2016,Feriado Municipal,MUNICIPAL,,RS,4300604
17/09/2016,Feriado Municipal,MUNICIPAL,,RS,4317004
17/09/2016,Feriado Municipal,MUNICIPAL,,SP,3540002
17/09/2016,Feriado Municipal,MUNICIPAL,,SP,3540309
18/09/2016,Aniversário da Cidade,MUNICIPAL,"Conformidade com a Lei Complementar nº 031, de 15.09.2006, 18 de setembro é comemorado o DIA DA CIDADE, data da emancipação político-administrativa do Município (18 de setembro de 1833)",BA,2910800
18/09/2016,Dia do Evangélico,MUNICIPAL,"Dia do Evangélico, de acordo com o Artigo 1º da Lei nº 014/2009",BA,2931301
18/09/2016,Emancipação do Município,MUNICIPAL,Emancipação Política do Município de Boa Ventura de São Roque,PR,4103040
18/09/2016,Feriado Municipal,MUNICIPAL,,MG,3101102
18/09/2016,Feriado Municipal,MUNICIPAL,,MT,5103502
19/09/2016,Aniversário do Município,MUNICIPAL,Comemorações do Aniversário do Município,MT,5107875
19/09/2016,Feriado Municipal,MUNICIPAL,,AL,2701209
19/09/2016,Feriado Municipal,MUNICIPAL,,BA,2910701
19/09/2016,Feriado Municipal,MUNICIPAL,,BA,2926608
19/09/2016,Feriado Municipal,MUNICIPAL,,BA,2928901
19/09/2016,Feriado Municipal,MUNICIPAL,,ES,3202405
19/09/2016,Feriado Municipal,MUNICIPAL,,MG,3124807
19/09/2016,Feriado Municipal,MUNICIPAL,,MG,3145604
19/09/2016,Feriado Municipal,MUNICIPAL,,MG,3154002
19/09/2016,Feriado Municipal,MUNICIPAL,,MG,3169901
19/09/2016,Feriado Municipal,MUNICIPAL,,PR,4103354
19/09/2016,Feriado Municipal,MUNICIPAL,,PR,4114500
19/09/2016,Feriado Municipal,MUNICIPAL,,PR,4121604
19/09/2016,Feriado Municipal,MUNICIPAL,,SC,4215307
19/09/2016,Feriado Municipal,MUNICIPAL,,SP,3518305
19/09/2016,Nossa Sra da Salette,MUNICIPAL,dia da Padroeira Nossa Senhora da Salette,PR,4104600
20/09/2016,Feriado Municipal,MUNICIPAL,,BA,2920452
20/09/2016,Feriado Municipal,MUNICIPAL,,BA,2926202
20/09/2016,Feriado Municipal,MUNICIPAL,,BA,2928901
20/09/2016,Feriado Municipal,MUNICIPAL,,MT,5105002
20/09/2016,Feriado Municipal,MUNICIPAL,,MT,5107941
20/09/2016,Feriado Municipal,MUNICIPAL,,PI,2211308
20/09/2016,Feriado Municipal,MUNICIPAL,,SC,4213302
20/09/2016,Feriado Municipal,MUNICIPAL,,SP,3520905
20/09/2016,Feriado Municipal,MUNICIPAL,,SP,3522406
21/09/2016,Aniversário da Cidade,MUNICIPAL,"Data magna da Emancipação Política de Petrolina, conforme o Art. 1º, inciso IV da Lei Municipal nº 403 de 15/12/1992.",PE,2611101
21/09/2016,Dia do Feijão,MUNICIPAL,Comemorações do Dia do Feijão,TO,1707702
21/09/2016,Emancipação,MUNICIPAL,Emancipação política do município,ES,3204906
21/09/2016,Emancipação política do município,MUNICIPAL,,AL,2702009
21/09/2016,Feriado Municipal,MUNICIPAL,,BA,2910859
21/09/2016,Feriado Municipal,MUNICIPAL,,BA,2928802
21/09/2016,Feriado Municipal,MUNICIPAL,,CE,2304459
21/09/2016,Feriado Municipal,MUNICIPAL,,MA,2111508
21/09/2016,Feriado Municipal,MUNICIPAL,,MG,3103405
21/09/2016,Feriado Municipal,MUNICIPAL,,MG,3117009
21/09/2016,Feriado Municipal,MUNICIPAL,,MG,3158201
21/09/2016,Feriado Municipal,MUNICIPAL,,MG,3164506
21/09/2016,Feriado Municipal,MUNICIPAL,,PR,4103602
21/09/2016,Feriado Municipal,MUNICIPAL,,PR,4112801
21/09/2016,Feriado Municipal,MUNICIPAL,,PR,4113908
21/09/2016,Feriado Municipal,MUNICIPAL,,PR,4121505
21/09/2016,Feriado Municipal,MUNICIPAL,,PR,4125605
21/09/2016,Feriado Municipal,MUNICIPAL,,SP,3518602
21/09/2016,Feriado Municipal,MUNICIPAL,,SP,3537156
21/09/2016,Fundação de Corumbá,MUNICIPAL,"Comemorativo a fundação de Corumbá, ocorrida em 1.778 e por ordem do Capitão General Luiz de Albuquerque de Mello Pereira e Cáceres, Governador da Capitania de Mato Grosso",MS,5003207
22/09/2016,Aniversário da Cidade,MUNICIPAL,"Aniversário de Emancipação Político-Administrativa do Município, conforme Lei Municipal nº 434 de 20/03/2012",RJ,3304904
22/09/2016,Feriado Municipal,MUNICIPAL,,BA,2931004
22/09/2016,Feriado Municipal,MUNICIPAL,,BA,2932408
22/09/2016,Feriado Municipal,MUNICIPAL,,CE,2305357
22/09/2016,Feriado Municipal,MUNICIPAL,,PA,1504422
22/09/2016,Feriado Municipal,MUNICIPAL,,PR,4126207
22/09/2016,Feriado Municipal,MUNICIPAL,,RS,4320305
23/09/2016,Feriado Municipal,MUNICIPAL,,BA,2903276
23/09/2016,Feriado Municipal,MUNICIPAL,,BA,2906808
23/09/2016,Feriado Municipal,MUNICIPAL,,BA,2906857
23/09/2016,Feriado Municipal,MUNICIPAL,,BA,2908408
23/09/2016,Feriado Municipal,MUNICIPAL,,BA,2917003
23/09/2016,Feriado Municipal,MUNICIPAL,,BA,2922102
23/09/2016,Feriado Municipal,MUNICIPAL,,BA,2922656
23/09/2016,Feriado Municipal,MUNICIPAL,,BA,2922730
23/09/2016,Feriado Municipal,MUNICIPAL,,BA,2926103
23/09/2016,Feriado Municipal,MUNICIPAL,,BA,2928000
23/09/2016,Feriado Municipal,MUNICIPAL,,BA,2928950
23/09/2016,Feriado Municipal,MUNICIPAL,,BA,2930501
23/09/2016,Feriado Municipal,MUNICIPAL,,BA,2931103
23/09/2016,Feriado Municipal,MUNICIPAL,,BA,2931509
23/09/2016,Feriado Municipal,MUNICIPAL,,BA,2933000
23/09/2016,Feriado Municipal,MUNICIPAL,,MA,2103752
23/09/2016,Feriado Municipal,MUNICIPAL,,MG,3111507
23/09/2016,Feriado Municipal,MUNICIPAL,,MG,3125903
23/09/2016,Feriado Municipal,MUNICIPAL,,MG,3169307
23/09/2016,Feriado Municipal,MUNICIPAL,,MG,3169406
23/09/2016,Feriado Municipal,MUNICIPAL,,PE,2601201
23/09/2016,Feriado Municipal,MUNICIPAL,,PR,4126603
23/09/2016,Feriado Municipal,MUNICIPAL,,SC,4215208
23/09/2016,Feriado Municipal,MUNICIPAL,,SC,4215802
23/09/2016,Feriado Municipal,MUNICIPAL,,SC,4218103
23/09/2016,Feriado Municipal,MUNICIPAL,,SP,3551603
24/09/2016,Aniversário da Cidade,MUNICIPAL,Aniversário de Urupês,SP,3556008
24/09/2016,Feriado Municipal,MUNICIPAL,,CE,2304004
24/09/2016,Feriado Municipal,MUNICIPAL,,CE,2306405
24/09/2016,Feriado Municipal,MUNICIPAL,,GO,5204102
24/09/2016,Feriado Municipal,MUNICIPAL,,GO,5205703
24/09/2016,Feriado Municipal,MUNICIPAL,,MA,2102705
24/09/2016,Feriado Municipal,MUNICIPAL,,MA,2110708
24/09/2016,Feriado Municipal,MUNICIPAL,,MA,2111201
24/09/2016,Feriado Municipal,MUNICIPAL,,MG,3109006
24/09/2016,Feriado Municipal,MUNICIPAL,,MG,3139805
24/09/2016,Feriado Municipal,MUNICIPAL,,MG,3141603
24/09/2016,Feriado Municipal,MUNICIPAL,,MT,5106778
24/09/2016,Feriado Municipal,MUNICIPAL,,PB,2505105
24/09/2016,Feriado Municipal,MUNICIPAL,,PB,2510808
24/09/2016,Feriado Municipal,MUNICIPAL,,PB,2512507
24/09/2016,Feriado Municipal,MUNICIPAL,,PB,2514503
24/09/2016,Feriado Municipal,MUNICIPAL,,PB,2516102
24/09/2016,Feriado Municipal,MUNICIPAL,,PB,2517001
24/09/2016,Feriado Municipal,MUNICIPAL,,PE,2604304
24/09/2016,Feriado Municipal,MUNICIPAL,,PI,2201200
24/09/2016,Feriado Municipal,MUNICIPAL,,PI,2201903
24/09/2016,Feriado Municipal,MUNICIPAL,,PI,2205201
24/09/2016,Feriado Municipal,MUNICIPAL,,PI,2210508
24/09/2016,Feriado Municipal,MUNICIPAL,,SP,3538204
24/09/2016,Feriado Municipal,MUNICIPAL,,SP,3547106
24/09/2016,Feriado Municipal,MUNICIPAL,,TO,1718204
25/09/2016,Aniversário da Cidade,MUNICIPAL,Aniversário da Cidade de Santa Rita do Trivelato,MT,5107768
25/09/2016,Aniversário do Município,MUNICIPAL,,CE,2311702
25/09/2016,Feriado Municipal,MUNICIPAL,,AC,1200500
25/09/2016,Feriado Municipal,MUNICIPAL,,BA,2900207
25/09/2016,Feriado Municipal,MUNICIPAL,,BA,2915007
25/09/2016,Feriado Municipal,MUNICIPAL,,CE,2306801
25/09/2016,Feriado Municipal,MUNICIPAL,,GO,5208103
25/09/2016,Feriado Municipal,MUNICIPAL,,MA,2113009
25/09/2016,Feriado Municipal,MUNICIPAL,,PR,4113734
25/09/2016,Feriado Municipal,MUNICIPAL,,PR,4116703
25/09/2016,Feriado Municipal,MUNICIPAL,,PR,4122909
25/09/2016,Feriado Municipal,MUNICIPAL,,RJ,3302858
25/09/2016,Feriado Municipal,MUNICIPAL,,RN,2409308
25/09/2016,Feriado Municipal,MUNICIPAL,,RS,4304804
25/09/2016,Feriado Municipal,MUNICIPAL,,SP,3515202
25/09/2016,Feriado Municipal,MUNICIPAL,,SP,3524501
26/09/2016,Aniversário da Cidade,MUNICIPAL,,BA,2932309
26/09/2016,Emancipação do município,MUNICIPAL,,SC,4212254
26/09/2016,Feriado Municipal,MUNICIPAL,,MG,3110806
26/09/2016,Feriado Municipal,MUNICIPAL,,MG,3138674
26/09/2016,Feriado Municipal,MUNICIPAL,,MS,5007208
26/09/2016,Feriado Municipal,MUNICIPAL,,PA,1505650
26/09/2016,Feriado Municipal,MUNICIPAL,,SC,4202859
26/09/2016,Feriado Municipal,MUNICIPAL,,SC,4204178
26/09/2016,Feriado Municipal,MUNICIPAL,,SC,4204251
26/09/2016,Feriado Municipal,MUNICIPAL,,SE,2804508
26/09/2016,Feriado Municipal,MUNICIPAL,,SP,3556404
27/09/2016,Aniversário,MUNICIPAL,Fundação de Igarassu,PE,2606804
27/09/2016,Feriado Municipal,MUNICIPAL,,AL,2707602
27/09/2016,Feriado Municipal,MUNICIPAL,,AM,1301001
27/09/2016,Feriado Municipal,MUNICIPAL,,BA,2915601
27/09/2016,Feriado Municipal,MUNICIPAL,,BA,2924801
27/09/2016,Feriado Municipal,MUNICIPAL,,CE,2310803
27/09/2016,Feriado Municipal,MUNICIPAL,,ES,3200102
27/09/2016,Feriado Municipal,MUNICIPAL,,GO,5208608
27/09/2016,Feriado Municipal,MUNICIPAL,,GO,5214861
27/09/2016,Feriado Municipal,MUNICIPAL,,MG,3119609
27/09/2016,Feriado Municipal,MUNICIPAL,,PB,2503506
27/09/2016,Feriado Municipal,MUNICIPAL,,PB,2509800
27/09/2016,Feriado Municipal,MUNICIPAL,,PE,2612307
27/09/2016,Feriado Municipal,MUNICIPAL,,SP,3555208
28/09/2016,Aniversário da Cidade,MUNICIPAL,Feriado em comemoração do Aniversário da Cidade de Camaçari,BA,2905701
28/09/2016,Aniversário da Cidade,MUNICIPAL,"Aniversário da cidade e consagrado a São Cosme e São Damião, segundo decreto 1723/1996",MG,3101508
28/09/2016,Feriado Municipal,MUNICIPAL,,CE,2300309
28/09/2016,Feriado Municipal,MUNICIPAL,,MG,3111200
28/09/2016,Feriado Municipal,MUNICIPAL,,MG,3172004
28/09/2016,Feriado Municipal,MUNICIPAL,,MS,5000609
28/09/2016,Feriado Municipal,MUNICIPAL,,MS,5001003
28/09/2016,Feriado Municipal,MUNICIPAL,,PE,2608057
28/09/2016,Feriado Municipal,MUNICIPAL,,PE,2614857
28/09/2016,Feriado Municipal,MUNICIPAL,,PI,2203701
28/09/2016,Feriado Municipal,MUNICIPAL,,SC,4218400
29/09/2016,Dia de São Miguel,MUNICIPAL,"Dia de São Miguel, padroeiro do Municipio",MG,3160702
29/09/2016,Feriado Municipal,MUNICIPAL,,AL,2708600
29/09/2016,Feriado Municipal,MUNICIPAL,,AM,1303809
29/09/2016,Feriado Municipal,MUNICIPAL,,AM,1304062
29/09/2016,Feriado Municipal,MUNICIPAL,,BA,2906105
29/09/2016,Feriado Municipal,MUNICIPAL,,BA,2914901
29/09/2016,Feriado Municipal,MUNICIPAL,,BA,2919058
29/09/2016,Feriado Municipal,MUNICIPAL,,BA,2929404
29/09/2016,Feriado Municipal,MUNICIPAL,,BA,2930709
29/09/2016,Feriado Municipal,MUNICIPAL,,CE,2302602
29/09/2016,Feriado Municipal,MUNICIPAL,,ES,3202306
29/09/2016,Feriado Municipal,MUNICIPAL,,ES,3202553
29/09/2016,Feriado Municipal,MUNICIPAL,,ES,3204708
29/09/2016,Feriado Municipal,MUNICIPAL,,GO,5207253
29/09/2016,Feriado Municipal,MUNICIPAL,,GO,5220207
29/09/2016,Feriado Municipal,MUNICIPAL,,GO,5220264
29/09/2016,Feriado Municipal,MUNICIPAL,,MG,3103702
29/09/2016,Feriado Municipal,MUNICIPAL,,MG,3115458
29/09/2016,Feriado Municipal,MUNICIPAL,,MG,3128006
29/09/2016,Feriado Municipal,MUNICIPAL,,MG,3135803
29/09/2016,Feriado Municipal,MUNICIPAL,,MG,3145000
29/09/2016,Feriado Municipal,MUNICIPAL,,MG,3155702
29/09/2016,Feriado Municipal,MUNICIPAL,,MG,3171105
29/09/2016,Feriado Municipal,MUNICIPAL,,MS,5003900
29/09/2016,Feriado Municipal,MUNICIPAL,,MS,5007695
29/09/2016,Feriado Municipal,MUNICIPAL,,PA,1500909
29/09/2016,Feriado Municipal,MUNICIPAL,,PA,1504307
29/09/2016,Feriado Municipal,MUNICIPAL,,PA,1507607
29/09/2016,Feriado Municipal,MUNICIPAL,,PB,2516607
29/09/2016,Feriado Municipal,MUNICIPAL,,PE,2601409
29/09/2016,Feriado Municipal,MUNICIPAL,,PE,2607208
29/09/2016,Feriado Municipal,MUNICIPAL,,PE,2612000
29/09/2016,Feriado Municipal,MUNICIPAL,,PE,2612505
29/09/2016,Feriado Municipal,MUNICIPAL,,PE,2615607
29/09/2016,Feriado Municipal,MUNICIPAL,,PI,2206209
29/09/2016,Feriado Municipal,MUNICIPAL,,PI,2210409
29/09/2016,Feriado Municipal,MUNICIPAL,,PR,4120309
29/09/2016,Feriado Municipal,MUNICIPAL,,PR,4125704
29/09/2016,Feriado Municipal,MUNICIPAL,,RJ,3304201
29/09/2016,Feriado Municipal,MUNICIPAL,,RJ,3306206
29/09/2016,Feriado Municipal,MUNICIPAL,,RN,2406106
29/09/2016,Feriado Municipal,MUNICIPAL,,RN,2412500
29/09/2016,Feriado Municipal,MUNICIPAL,,RO,1100320
29/09/2016,Feriado Municipal,MUNICIPAL,,RS,4300646
29/09/2016,Feriado Municipal,MUNICIPAL,,RS,4306403
29/09/2016,Feriado Municipal,MUNICIPAL,,RS,4319158
29/09/2016,Feriado Municipal,MUNICIPAL,,SC,4205605
29/09/2016,Feriado Municipal,MUNICIPAL,,SC,4212403
29/09/2016,Feriado Municipal,MUNICIPAL,,SP,3524204
29/09/2016,Feriado Municipal,MUNICIPAL,,SP,3529708
29/09/2016,Feriado Municipal,MUNICIPAL,,SP,3538303
29/09/2016,Feriado Municipal,MUNICIPAL,,SP,3538501
29/09/2016,Feriado Municipal,MUNICIPAL,,SP,3550209
29/09/2016,Feriado Municipal,MUNICIPAL,,TO,1722107
30/09/2016,Aniversário da Cidade,MUNICIPAL,"Aniversário de Cruzeiro do Sul. Feriado movido para Sexta-Feira, segundo decreto municipal",AC,1200203
30/09/2016,Aniversário da Cidade,MUNICIPAL,Comemorações da Emancipação do Município,MG,3162104
30/09/2016,Aniversário da cidade,MUNICIPAL,Aniversário da cidade de Viçosa,MG,3171303
30/09/2016,Aniversário do Município,MUNICIPAL,"Data da instalação do Município e dia de seu padroeiro Onomástico, conforme lei 265/1989",RS,4318408
30/09/2016,Feriado Municipal,MUNICIPAL,,BA,2902500
30/09/2016,Feriado Municipal,MUNICIPAL,,BA,2908200
30/09/2016,Feriado Municipal,MUNICIPAL,,BA,2929305
30/09/2016,Feriado Municipal,MUNICIPAL,,MA,2106003
30/09/2016,Feriado Municipal,MUNICIPAL,,MA,2109809
30/09/2016,Feriado Municipal,MUNICIPAL,,MG,3129103
30/09/2016,Feriado Municipal,MUNICIPAL,,MS,5002605
30/09/2016,Feriado Municipal,MUNICIPAL,,PR,4124707
30/09/2016,Feriado Municipal,MUNICIPAL,,RN,2408003
30/09/2016,Feriado Municipal,MUNICIPAL,,SC,4204103
01/10/2016,"Dia de Santa Teresinha do Menino Jesus, Padroeira da cidade",MUNICIPAL,,SP,3509700
01/10/2016,"Dia de Santa Teresinha do Menino Jesus, Padroeira do Município",MUNICIPAL,conforme Lei 124/2004.,TO,1713205
01/10/2016,"Dia de Santa Terezinha, padroeira do município",MUNICIPAL,,SC,4209003
01/10/2016,Dia do Amor Misericordioso de Deus,MUNICIPAL,Feriado religioso municipal conforme Lei Municipal nº 2225 de 18/05/2015.,SP,3552809
01/10/2016,Feriado Municipal,MUNICIPAL,,PE,2605152
01/10/2016,S. Teresinha do Menino Jesus,MUNICIPAL,Padroeira da cidade,SP,3511409
01/10/2016,Santa Terezinha,MUNICIPAL,"Dia de Santa Terezinha, padroeira da cidade",SP,3515103
01/10/2016,Santa Terezinha,MUNICIPAL,Padroeira do município,SP,3530201
02/10/2016,Criação do Município de Porto Velho,MUNICIPAL,"Criação do município de Porto Velho, consagrado ao Tríduo à Santa Terezinha do Menino Jesus, padroeira das missões, segundo a Lei nº 190, de 14 de outubro de 1980",RO,1100205
02/10/2016,Dia do município,MUNICIPAL,Homenagem ao aniversário de emancipação políticoadministrativa da cidade,SP,3513405
03/10/2016,Aniversário da cidade,MUNICIPAL,,RJ,3300407
04/10/2016,Aniversário da cidade,MUNICIPAL,"De acordo com o decreto da Lei nº 131, de 17 de outubro de 2005",ES,3200904
04/10/2016,Dia de S. Francisco Assis,MUNICIPAL,"Comemoração ao dia de São Francisco de Assis, conforme decreto no 161/1979",AC,1200609
04/10/2016,"Dia de São Francisco de Assis, Padroeiro da cidade",MUNICIPAL,,CE,2304251
04/10/2016,Dia do Padroeiro,MUNICIPAL,Dia do Padroeiro do Município de Valparaíso de Goiás,GO,5221858
04/10/2016,Dia do Padroeiro,MUNICIPAL,Dia do Padroeiro da Cidade,SC,4209201
04/10/2016,Feriado Municipal,MUNICIPAL,,MA,2102325
04/10/2016,Feriado Municipal,MUNICIPAL,,RN,2406502
04/10/2016,Homenagem ao Revdo. Monsenhor Luis Ximenes de Aragão Freire. Lei Municipal nº 143.,MUNICIPAL,,CE,2312205
04/10/2016,S. Francisco de Assis,MUNICIPAL,Dia de São Francisco de Assis,CE,2300309
04/10/2016,S. Francisco de Assis,MUNICIPAL,"Dia de São Francisco de Assis, conforme lei Nº 787, de 27 de Setembro de 2001",SP,3520442
04/10/2016,São Francisco,MUNICIPAL,"Dia de São Francisco de Assis, padroeiro da cidade",BA,2924009
04/10/2016,São Francisco de Assis,MUNICIPAL,"São Francisco de Assis, padroeiro da cidade, de acordo com a Lei nº 415 de 14 de março de 1975.",BA,2929206
04/10/2016,São Francisco de Assis,MUNICIPAL,Padroeiro do município,SP,3537305
04/10/2016,São Francisco de Assis,MUNICIPAL,"Comemorações do dia do padroeiro da cidade, São Francisco de Assis, conforme Lei nº 4.128/07",SP,3554102
05/10/2016,"Emancipação do Município, segundo o Art. 5º da Lei Orgânica do município",MUNICIPAL,http://www.canaadoscarajas.pa.gov.br/arquivos/lei_organica_canaa_dos_carajas.pdf,PA,1502152
05/10/2016,Feriado Municipal,MUNICIPAL,,PE,2612505
06/10/2016,Aniversário da cidade,MUNICIPAL,,MT,5102504
07/10/2016,Aniversário da cidade,MUNICIPAL,De acordo com a Lei Municipal nº 501/1968,MG,3170701
07/10/2016,Aniversário da cidade,MUNICIPAL,,RS,4315701
07/10/2016,Dia da Padroeira,MUNICIPAL,"Nossa Senhora do Rosário, Padroeira do Município",SC,4219606
07/10/2016,Dia de Nossa Senhora do Santíssimo Rosário,MUNICIPAL,De acordo com a Lei nº 2589/2005,PR,4118204
07/10/2016,Feriado Municipal,MUNICIPAL,,RN,2400703
07/10/2016,N. Sra. do Rosário,MUNICIPAL,"Dia de Nossa Senhora do Rosário, padroeira do Município",AL,2703304
08/10/2016,Aniversário,MUNICIPAL,Aniversário da cidade,PB,2504405
08/10/2016,Aniversário da Cidade,MUNICIPAL,Aniversário de Petrolina de Goiás,GO,5216809
08/10/2016,Feriado Municipal,MUNICIPAL,,PR,4127957
09/10/2016,Aniversário da cidade,MUNICIPAL,,MG,3131703
09/10/2016,Aniversário do município,MUNICIPAL,,SP,3506300
10/10/2016,Aniversário da cidade,MUNICIPAL,,SP,3511409
10/10/2016,Aniversário do Município,MUNICIPAL,,PR,4101507
10/10/2016,Aniversário do Município,MUNICIPAL,,SP,3526407
11/10/2016,Aniversário do município,MUNICIPAL,,PR,4103701
11/10/2016,Emancipação Política de Campina Grande,MUNICIPAL,conforme Lei Municipal nº 348 de 10/03/1967,PB,2504009
12/10/2016,Padroeira do Município,MUNICIPAL,,PR,4101507
13/10/2016,Aniversário da Cidade,MUNICIPAL,Comemorações da Emancipação Política da Cidade de Viçosa-AL,AL,2709400
13/10/2016,Aniversário da Cidade,MUNICIPAL,,SP,3540606
13/10/2016,N. Sra. de Fátima,MUNICIPAL,Padroeira do Município,CE,2306553
14/10/2016,Aniversário da cidade,MUNICIPAL,,SP,3515707
14/10/2016,Feriado Municipal,MUNICIPAL,,PR,4126256
15/10/2016,Aniversário da Cidade,MUNICIPAL,,MG,3101607
15/10/2016,Dia do Município,MUNICIPAL,"Aniversário da cidade de Caucaia, conforme Lei Municipal nº 326 de 22/06/1981",CE,2303709
15/10/2016,Feriado Municipal,MUNICIPAL,,MA,2105302
15/10/2016,Homenagem à N. S.do Rosário de Fátima,MUNICIPAL,De acordo com a Lei Municipal nº 126 de 13 de outubro de 1953,MA,2112209
16/10/2016,"Dia de Marataízes. Lei Municipal nº 48/1997, http://leismunicipa.is/coire",MUNICIPAL,,ES,3203320
16/10/2016,Emancipação do Município,MUNICIPAL,Aniversário de Emancipação do Município,RN,2400208
16/10/2016,Feriado Municipal,MUNICIPAL,,MG,3130606
16/10/2016,São Geraldo Magela,MUNICIPAL,"Padroeiro do município, de acordo com a lei nº 044/2000",ES,3201100
17/10/2016,Aniversário da Cidade,MUNICIPAL,"O feriado do aniversário do Município de Campo Mourão é comemorado na segunda-feira subsequente ao dia 12 do mês de outubro, quando o dia 10 de outubro não for no domingo, ocasião em que as comemorações serão mantidas na mesma data.",PR,4104303
17/10/2016,Aniversário da Cidade,MUNICIPAL,,RJ,3304003
17/10/2016,Dia do Comerciário,MUNICIPAL,Feriado para a categoria,MA,2111300
18/10/2016,Dia de Mãe Rainha,MUNICIPAL,Consagrado à Mãe Rainha - dia de Nossa Senhora de Schoestatt,MG,3117876
19/10/2016,Aniversário da cidade,MUNICIPAL,Emancipação política e administrativa da cidade. Feriado municipal de acordo com a Lei Ordinária 5070/2011,MG,3152501
19/10/2016,Aniversário da cidade,MUNICIPAL,,RS,4310207
19/10/2016,Aniversário do município,MUNICIPAL,,SP,3520004
20/10/2016,Aniversário da cidade,MUNICIPAL,Emancipação política de Itápolis,SP,3522703
20/10/2016,Aniversário da cidade,MUNICIPAL,,SP,3533106
21/10/2016,Aniversário da Cidade,MUNICIPAL,Comemorações da Fundação da Cidade: 21 de Outubro de 1911,GO,5204508
21/10/2016,Emancipação Política de São Domingos,MUNICIPAL,,SE,2806800
22/10/2016,Aniversário da Cidade,MUNICIPAL,Dia da Consulta Plebiscitária que autorizou a Emancipação de Dilermando de Aguiar,RS,4306379
22/10/2016,Aniversário da Cidade,MUNICIPAL,"Dia da Emancipação do Município, a ser comemorado no dia 22 de outubro, Dia da Emancipação do Município, a ser comemorado no dia 22 de outubro",RS,4308078
22/10/2016,Aniversário da Cidade,MUNICIPAL,Dia de São Gaudêncio e da Consulta Plebiscitária que autorizou a emancipação e que passa a ser considerado aniversário do Município,RS,4310538
22/10/2016,Emancipação,MUNICIPAL,Data de emancipação do município,PR,4103800
23/10/2016,Aniversário da cidade,MUNICIPAL,Aniversário de Santa Bárbara de Goiás,GO,5219100
23/10/2016,Dia da Asa,MUNICIPAL,Comemoração do dia da Asa - Data do vôo de Santos Dumond com o 14Bis,MG,3160702
23/10/2016,"Dia do Evangélico, Decreto nº. 04, de 02 de janeiro de 2008",MUNICIPAL,,BA,2933158
24/10/2016,Aniversário da Cidade,MUNICIPAL,Aniversário da Cidade de Antônio Olinto,PR,4101309
24/10/2016,Aniversário de Goiânia,MUNICIPAL,conforme a Lei nº 6968 de 19 de junho de 1991,GO,5208707
24/10/2016,Aniversário de Manaus,MUNICIPAL,"Dia em que se comemora a elevação de Manaus à categoria de cidade, conforme Lei Municipal nº 495 de 06/01/2020",AM,1302603
25/10/2016,Aniversário da Cidade,MUNICIPAL,Aniversário da Cidade de Jequié,BA,2918001
25/10/2016,Aniversário da Cidade,MUNICIPAL,Dia da Fundação do Município,MG,3164704
25/10/2016,Aniversário da Cidade,MUNICIPAL,Dia da criação do município,SC,4212650
25/10/2016,Aniversário da cidade,MUNICIPAL,,SP,3537305
25/10/2016,Dia de Frei Galvão,MUNICIPAL,"Dia de Frei Galvão, Lei nº 4.025 de 14/04/08",SP,3518404
27/10/2016,Aniversário de Holambra,MUNICIPAL,,SP,3519055
27/10/2016,"Aniversário de Quixadá, Lei 1.960 de 14/12/2000",MUNICIPAL,,CE,2311306
27/10/2016,Emancipação do município,MUNICIPAL,Comemoração da Emancipação Política Administrativa do Município,SP,3520426
28/10/2016,Aniversário da Cidade,MUNICIPAL,Aniversário da Cidade de Ubatuba,SP,3555406
28/10/2016,Dia do Servidor Público,MUNICIPAL,"Dia do Servidor Público, de acordo com o Artigo 213 da Lei nº 03/1995",BA,2931301
28/10/2016,Feriado Municipal,MUNICIPAL,,PE,2603801
28/10/2016,Feriado Municipal,MUNICIPAL,,RS,4306072
28/10/2016,Funcionário Público,MUNICIPAL,Dia do Funcionário Público,SC,4208906
28/10/2016,Homenagem a Mané Garrincha,MUNICIPAL,Feriado Municipal em Homenagem a Mané Garrincha,RJ,3302502
28/10/2016,São Judas Tadeu,MUNICIPAL,"Dia de São Judas Tadeu, padroeiro do Município",MT,5108501
30/10/2016,Feriado Municipal,MUNICIPAL,,AL,2700300
30/10/2016,Feriado Municipal,MUNICIPAL,,BA,2926004
30/10/2016,Feriado Municipal,MUNICIPAL,,GO,5206404
30/10/2016,Feriado Municipal,MUNICIPAL,,MG,3109501
30/10/2016,Feriado Municipal,MUNICIPAL,,MG,3152105
30/10/2016,Feriado Municipal,MUNICIPAL,,PA,1501204
30/10/2016,Feriado Municipal,MUNICIPAL,,PR,4101804
30/10/2016,Feriado Municipal,MUNICIPAL,,PR,4122651
30/10/2016,Feriado Municipal,MUNICIPAL,,PR,4125803
30/10/2016,Padroeira,MUNICIPAL,Dia de Nossa Senhora do Patrocínio,RS,4306601
31/10/2016,Dia da Reforma,MUNICIPAL,Dia da Reforma - Martin Lutero,PR,4116059
31/10/2016,Dia da Reforma Protestante,MUNICIPAL,Feriado Municipal em comemoração à Reforma Protestante,MT,5104542
31/10/2016,Dia do Evangélico,MUNICIPAL,Comemorações do dia do Evangélico,MT,5107875
31/10/2016,Dia do Evangélico Francisquense,MUNICIPAL,"De acordo com a Lei nº 0508, de 11 de novembro de 2013.",ES,3200904
31/10/2016,Dia municipal da reforma protestante e Ação de Graças,MUNICIPAL,conforme o Decreto nº 1300 de 17 de dezembro de 2014,PE,2602902
31/10/2016,Feriado Municipal,MUNICIPAL,,AM,1301704
31/10/2016,Feriado Municipal,MUNICIPAL,,BA,2907202
31/10/2016,Feriado Municipal,MUNICIPAL,,BA,2918357
31/10/2016,Feriado Municipal,MUNICIPAL,,BA,2922409
31/10/2016,Feriado Municipal,MUNICIPAL,,BA,2924801
31/10/2016,Feriado Municipal,MUNICIPAL,,BA,2927200
31/10/2016,Feriado Municipal,MUNICIPAL,,BA,2933059
31/10/2016,Feriado Municipal,MUNICIPAL,,CE,2302404
31/10/2016,Feriado Municipal,MUNICIPAL,,CE,2307635
31/10/2016,Feriado Municipal,MUNICIPAL,,ES,3200102
31/10/2016,Feriado Municipal,MUNICIPAL,,ES,3200359
31/10/2016,Feriado Municipal,MUNICIPAL,,ES,3201902
31/10/2016,Feriado Municipal,MUNICIPAL,,ES,3202702
31/10/2016,Feriado Municipal,MUNICIPAL,,ES,3203163
31/10/2016,Feriado Municipal,MUNICIPAL,,ES,3203346
31/10/2016,Feriado Municipal,MUNICIPAL,,ES,3204005
31/10/2016,Feriado Municipal,MUNICIPAL,,ES,3204104
31/10/2016,Feriado Municipal,MUNICIPAL,,ES,3204500
31/10/2016,Feriado Municipal,MUNICIPAL,,ES,3204559
31/10/2016,Feriado Municipal,MUNICIPAL,,ES,3204609
31/10/2016,Feriado Municipal,MUNICIPAL,,ES,3204658
31/10/2016,Feriado Municipal,MUNICIPAL,,ES,3204708
31/10/2016,Feriado Municipal,MUNICIPAL,,ES,3205150
31/10/2016,Feriado Municipal,MUNICIPAL,,ES,3205176
31/10/2016,Feriado Municipal,MUNICIPAL,,GO,5205497
31/10/2016,Feriado Municipal,MUNICIPAL,,GO,5206206
31/10/2016,Feriado Municipal,MUNICIPAL,,GO,5213103
31/10/2016,Feriado Municipal,MUNICIPAL,,GO,5217708
31/10/2016,Feriado Municipal,MUNICIPAL,,MA,2103406
31/10/2016,Feriado Municipal,MUNICIPAL,,MA,2104008
31/10/2016,Feriado Municipal,MUNICIPAL,,MG,3101102
31/10/2016,Feriado Municipal,MUNICIPAL,,MG,3106002
31/10/2016,Feriado Municipal,MUNICIPAL,,MG,3108206
31/10/2016,Feriado Municipal,MUNICIPAL,,MG,3108552
31/10/2016,Feriado Municipal,MUNICIPAL,,MG,3116001
31/10/2016,Feriado Municipal,MUNICIPAL,,MG,3118403
31/10/2016,Feriado Municipal,MUNICIPAL,,MG,3127305
31/10/2016,Feriado Municipal,MUNICIPAL,,MG,3127800
31/10/2016,Feriado Municipal,MUNICIPAL,,MG,3128600
31/10/2016,Feriado Municipal,MUNICIPAL,,MG,3134103
31/10/2016,Feriado Municipal,MUNICIPAL,,MG,3136306
31/10/2016,Feriado Municipal,MUNICIPAL,,MG,3147006
31/10/2016,Feriado Municipal,MUNICIPAL,,MG,3154309
31/10/2016,Feriado Municipal,MUNICIPAL,,MG,3154457
31/10/2016,Feriado Municipal,MUNICIPAL,,MG,3169505
31/10/2016,Feriado Municipal,MUNICIPAL,,MS,5000203
31/10/2016,Feriado Municipal,MUNICIPAL,,MT,5101407
31/10/2016,Feriado Municipal,MUNICIPAL,,MT,5105580
31/10/2016,Feriado Municipal,MUNICIPAL,,MT,5107065
31/10/2016,Feriado Municipal,MUNICIPAL,,PA,1504604
31/10/2016,Feriado Municipal,MUNICIPAL,,PA,1505437
31/10/2016,Feriado Municipal,MUNICIPAL,,PA,1507607
31/10/2016,Feriado Municipal,MUNICIPAL,,PA,1508100
31/10/2016,Feriado Municipal,MUNICIPAL,,PE,2600054
31/10/2016,Feriado Municipal,MUNICIPAL,,PE,2600906
31/10/2016,Feriado Municipal,MUNICIPAL,,PE,2601102
31/10/2016,Feriado Municipal,MUNICIPAL,,PE,2607307
31/10/2016,Feriado Municipal,MUNICIPAL,,PE,2614204
31/10/2016,Feriado Municipal,MUNICIPAL,,PR,4104055
31/10/2016,Feriado Municipal,MUNICIPAL,,PR,4106308
31/10/2016,Feriado Municipal,MUNICIPAL,,PR,4107538
31/10/2016,Feriado Municipal,MUNICIPAL,,PR,4110102
31/10/2016,Feriado Municipal,MUNICIPAL,,PR,4110607
31/10/2016,Feriado Municipal,MUNICIPAL,,PR,4110953
31/10/2016,Feriado Municipal,MUNICIPAL,,PR,4111407
31/10/2016,Feriado Municipal,MUNICIPAL,,PR,4114609
31/10/2016,Feriado Municipal,MUNICIPAL,,PR,4114906
31/10/2016,Feriado Municipal,MUNICIPAL,,PR,4115358
31/10/2016,Feriado Municipal,MUNICIPAL,,PR,4115853
31/10/2016,Feriado Municipal,MUNICIPAL,,PR,4116208
31/10/2016,Feriado Municipal,MUNICIPAL,,PR,4117222
31/10/2016,Feriado Municipal,MUNICIPAL,,PR,4118451
31/10/2016,Feriado Municipal,MUNICIPAL,,PR,4123501
31/10/2016,Feriado Municipal,MUNICIPAL,,RN,2407807
31/10/2016,Feriado Municipal,MUNICIPAL,,RS,4300109
31/10/2016,Feriado Municipal,MUNICIPAL,,RS,4300455
31/10/2016,Feriado Municipal,MUNICIPAL,,RS,4301008
31/10/2016,Feriado Municipal,MUNICIPAL,,RS,4302402
31/10/2016,Feriado Municipal,MUNICIPAL,,RS,4304200
31/10/2016,Feriado Municipal,MUNICIPAL,,RS,4304507
31/10/2016,Feriado Municipal,MUNICIPAL,,RS,4305132
31/10/2016,Feriado Municipal,MUNICIPAL,,RS,4305587
31/10/2016,Feriado Municipal,MUNICIPAL,,RS,4306007
31/10/2016,Feriado Municipal,MUNICIPAL,,RS,4306205
31/10/2016,Feriado Municipal,MUNICIPAL,,RS,4306734
31/10/2016,Feriado Municipal,MUNICIPAL,,RS,4307807
31/10/2016,Feriado Municipal,MUNICIPAL,,RS,4310363
31/10/2016,Feriado Municipal,MUNICIPAL,,RS,4310405
31/10/2016,Feriado Municipal,MUNICIPAL,,RS,4310504
31/10/2016,Feriado Municipal,MUNICIPAL,,RS,4311403
31/10/2016,Feriado Municipal,MUNICIPAL,"Conforme lei nº 2012, de 28 de Setembro de 1999",RS,4312658
31/10/2016,Feriado Municipal,MUNICIPAL,,RS,4313201
31/10/2016,Feriado Municipal,MUNICIPAL,,RS,4314027
31/10/2016,Feriado Municipal,MUNICIPAL,,RS,4314159
31/10/2016,Feriado Municipal,MUNICIPAL,,RS,4315008
31/10/2016,Feriado Municipal,MUNICIPAL,,RS,4315107
31/10/2016,Feriado Municipal,MUNICIPAL,,RS,4315800
31/10/2016,Feriado Municipal,MUNICIPAL,,RS,4316303
31/10/2016,Feriado Municipal,MUNICIPAL,,RS,4316758
31/10/2016,Feriado Municipal,MUNICIPAL,,RS,4317202
31/10/2016,Feriado Municipal,MUNICIPAL,,RS,4318499
31/10/2016,Feriado Municipal,MUNICIPAL,,RS,4319307
31/10/2016,Feriado Municipal,MUNICIPAL,,RS,4321451
31/10/2016,Feriado Municipal,MUNICIPAL,,RS,4321808
31/10/2016,Feriado Municipal,MUNICIPAL,,RS,4322301
31/10/2016,Feriado Municipal,MUNICIPAL,,RS,4323200
31/10/2016,Feriado Municipal,MUNICIPAL,,RS,4323770
31/10/2016,Feriado Municipal,MUNICIPAL,,SC,4200705
31/10/2016,Feriado Municipal,MUNICIPAL,,SC,4200903
31/10/2016,Feriado Municipal,MUNICIPAL,,SC,4201109
31/10/2016,Feriado Municipal,MUNICIPAL,,SC,4202602
31/10/2016,Feriado Municipal,MUNICIPAL,,SC,4204707
31/10/2016,Feriado Municipal,MUNICIPAL,,SC,4207403
31/10/2016,Feriado Municipal,MUNICIPAL,,SC,4207601
31/10/2016,Feriado Municipal,MUNICIPAL,,SC,4207759
31/10/2016,Feriado Municipal,MUNICIPAL,,SC,4209805
31/10/2016,Feriado Municipal,MUNICIPAL,,SC,4210506
31/10/2016,Feriado Municipal,MUNICIPAL,,SC,4210902
31/10/2016,Feriado Municipal,MUNICIPAL,,SC,4211009
31/10/2016,Feriado Municipal,MUNICIPAL,,SC,4212106
31/10/2016,Feriado Municipal,MUNICIPAL,,SC,4212700
31/10/2016,Feriado Municipal,MUNICIPAL,,SC,4213203
31/10/2016,Feriado Municipal,MUNICIPAL,,SC,4213906
31/10/2016,Feriado Municipal,MUNICIPAL,,SC,4215075
31/10/2016,Feriado Municipal,MUNICIPAL,,SC,4215208
31/10/2016,Feriado Municipal,MUNICIPAL,,TO,1705508
31/10/2016,Reforma Protestante,MUNICIPAL,Reforma Protestante,ES,3202900
31/10/2016,Reforma Protestante,MUNICIPAL,"Dia da Reforma, alusivo à reforma Luterana da Igreja, a ser comemorado em 31 de outubro, Dia da Reforma, alusivo à reforma Luterana da Igreja, a ser comemorado em 31 de outubro",RS,4308078
01/11/2016,Dia de Todos os Santos,MUNICIPAL,Dia de Todos os Santos conforme decreto Nº 23746,PR,4127106
01/11/2016,Feriado Municipal,MUNICIPAL,,AM,1301902
01/11/2016,Feriado Municipal,MUNICIPAL,,BA,2909901
01/11/2016,Feriado Municipal,MUNICIPAL,,BA,2921203
01/11/2016,Feriado Municipal,MUNICIPAL,,BA,2921500
01/11/2016,Feriado Municipal,MUNICIPAL,,BA,2928406
01/11/2016,Feriado Municipal,MUNICIPAL,,CE,2309458
01/11/2016,Feriado Municipal,MUNICIPAL,,CE,2310258
01/11/2016,Feriado Municipal,MUNICIPAL,,CE,2313807
01/11/2016,Feriado Municipal,MUNICIPAL,,ES,3203809
01/11/2016,Feriado Municipal,MUNICIPAL,,GO,5204409
01/11/2016,Feriado Municipal,MUNICIPAL,,GO,5208509
01/11/2016,Feriado Municipal,MUNICIPAL,,GO,5215603
01/11/2016,Feriado Municipal,MUNICIPAL,,GO,5216304
01/11/2016,Feriado Municipal,MUNICIPAL,,GO,5217104
01/11/2016,Feriado Municipal,MUNICIPAL,,MA,2101202
01/11/2016,Feriado Municipal,MUNICIPAL,,MA,2111409
01/11/2016,Feriado Municipal,MUNICIPAL,,MG,3129103
01/11/2016,Feriado Municipal,MUNICIPAL,,MG,3131604
01/11/2016,Feriado Municipal,MUNICIPAL,,MG,3134301
01/11/2016,Feriado Municipal,MUNICIPAL,,MG,3134707
01/11/2016,Feriado Municipal,MUNICIPAL,,MG,3136405
01/11/2016,Feriado Municipal,MUNICIPAL,,MG,3143807
01/11/2016,Feriado Municipal,MUNICIPAL,,MG,3148707
01/11/2016,Feriado Municipal,MUNICIPAL,,MG,3162708
01/11/2016,Feriado Municipal,MUNICIPAL,,MT,5102603
01/11/2016,Feriado Municipal,MUNICIPAL,,PB,2500304
01/11/2016,Feriado Municipal,MUNICIPAL,,PE,2616209
01/11/2016,Feriado Municipal,MUNICIPAL,,PI,2209104
01/11/2016,Feriado Municipal,MUNICIPAL,,PR,4120101
01/11/2016,Feriado Municipal,MUNICIPAL,,RS,4302006
01/11/2016,Feriado Municipal,MUNICIPAL,,RS,4321956
01/11/2016,Feriado Municipal,MUNICIPAL,,SC,4202453
01/11/2016,Feriado Municipal,MUNICIPAL,,SC,4210308
01/11/2016,Feriado Municipal,MUNICIPAL,,SC,4210704
01/11/2016,Feriado Municipal,MUNICIPAL,,SC,4212304
01/11/2016,Feriado Municipal,MUNICIPAL,,SE,2800209
01/11/2016,Feriado Municipal,MUNICIPAL,,SP,3521507
01/11/2016,Feriado Municipal,MUNICIPAL,,SP,3523800
01/11/2016,Feriado Municipal,MUNICIPAL,,SP,3529500
01/11/2016,Feriado Municipal,MUNICIPAL,,SP,3530003
01/11/2016,Feriado Municipal,MUNICIPAL,,SP,3530904
01/11/2016,Feriado Municipal,MUNICIPAL,,SP,3551603
01/11/2016,Feriado Municipal,MUNICIPAL,,SP,3551900
01/11/2016,Feriado Municipal,MUNICIPAL,,SP,3552908
01/11/2016,Todos os Santos,MUNICIPAL,Dia de todos os Santos,PE,2605301
02/11/2016,Dia de Finados,MUNICIPAL,conforme Lei nº 2.847 de 22 de novembro de 1999,PI,2211001
02/11/2016,Dia de Finados,MUNICIPAL,"Dia de Finados, segundo Lei nº 308, 16 de Dezembro de 1997.",RS,4313086
02/11/2016,Dia de Finados,MUNICIPAL,"conforme a Lei nº 4453, de 18 de setembro de 1978",RS,4314902
02/11/2016,Dia de Finados,MUNICIPAL,"Dia de Finados, segundo decreto 55/1990",SC,4209854
02/11/2016,Dia de Finados,MUNICIPAL,"Dia de Finados, conforme Lei nº 3780/2010",SC,4216701
02/11/2016,Dia de Finados,MUNICIPAL,"conforme Lei nº 577/96, de 02 de abril de 1996",TO,1721000
02/11/2016,Finados,MUNICIPAL,Dia de Finados,PR,4106902
02/11/2016,Finados,MUNICIPAL,Dia de Finados,RS,4301107
02/11/2016,Finados,MUNICIPAL,Dia de Finados,SC,4202404
02/11/2016,Finados,MUNICIPAL,Finados é feirado municipal em Chapecó,SC,4204202
02/11/2016,Finados,MUNICIPAL,Dia de Finados,SC,4204608
02/11/2016,Finados,MUNICIPAL,Dia de Finados,SC,4205407
02/11/2016,Finados,MUNICIPAL,Dia de Finados,SC,4218707
02/11/2016,Finados,MUNICIPAL,"Dia de Finados, conforme Lei 978/67, de 03 de Maio de 1967",SP,3504107
02/11/2016,Finados,MUNICIPAL,Dia de Finados,SP,3518701
02/11/2016,Finados,MUNICIPAL,Finados,SP,3523503
02/11/2016,Finados,MUNICIPAL,"Dia de Finados, segundo lei nº 585, de 18/04/1967",SP,3531308
02/11/2016,Finados,MUNICIPAL,Dia de Finados,SP,3531803
02/11/2016,Finados,MUNICIPAL,conforme Lei nº 14.485 de 19 de julho de 2007,SP,3550308
02/11/2016,Finados,MUNICIPAL,"Dia de Finados, conforme Lei Municipal 1.332/67",SP,3551009
03/11/2016,Emancipação Política,MUNICIPAL,,PB,2506806
03/11/2016,Feriado Municipal,MUNICIPAL,,CE,2304707
03/11/2016,Feriado Municipal,MUNICIPAL,,CE,2310100
03/11/2016,Feriado Municipal,MUNICIPAL,,CE,2312007
03/11/2016,Feriado Municipal,MUNICIPAL,,SP,3516507
04/11/2016,Aniversário de São Carlos,MUNICIPAL,conforme Lei Municipal nº 7.502 de 04/12/1974,SP,3548906
04/11/2016,Dia de São Carlos,MUNICIPAL,"Dia de São Carlos, padroeiro do município",SC,4216008
04/11/2016,Feriado Municipal,MUNICIPAL,,MG,3134806
04/11/2016,Feriado Municipal,MUNICIPAL,,MG,3137205
04/11/2016,Feriado Municipal,MUNICIPAL,,PB,2507705
04/11/2016,Feriado Municipal,MUNICIPAL,,PR,4103909
04/11/2016,Feriado Municipal,MUNICIPAL,,PR,4118600
04/11/2016,Feriado Municipal,MUNICIPAL,,PR,4124608
04/11/2016,Feriado Municipal,MUNICIPAL,,PR,4128005
04/11/2016,Feriado Municipal,MUNICIPAL,,RS,4300703
04/11/2016,Feriado Municipal,MUNICIPAL,,SP,3550803
05/11/2016,Feriado Municipal,MUNICIPAL,,BA,2931806
05/11/2016,Feriado Municipal,MUNICIPAL,,CE,2301307
05/11/2016,Feriado Municipal,MUNICIPAL,,GO,5209705
05/11/2016,Feriado Municipal,MUNICIPAL,,MA,2100956
05/11/2016,Feriado Municipal,MUNICIPAL,,MG,3100203
05/11/2016,Feriado Municipal,MUNICIPAL,,MG,3114402
05/11/2016,Feriado Municipal,MUNICIPAL,,MG,3139409
05/11/2016,Feriado Municipal,MUNICIPAL,,MG,3157906
05/11/2016,Feriado Municipal,MUNICIPAL,,MG,3161106
05/11/2016,Feriado Municipal,MUNICIPAL,,PA,1502202
05/11/2016,Feriado Municipal,MUNICIPAL,,PR,4122503
05/11/2016,Feriado Municipal,MUNICIPAL,,PR,4123709
05/11/2016,Feriado Municipal,MUNICIPAL,,RJ,3300902
05/11/2016,Feriado Municipal,MUNICIPAL,,RJ,3304110
05/11/2016,Feriado Municipal,MUNICIPAL,,RS,4320503
05/11/2016,Feriado Municipal,MUNICIPAL,,SP,3522307
05/11/2016,Feriado Municipal,MUNICIPAL,,SP,3537909
05/11/2016,Feriado Municipal,MUNICIPAL,,SP,3544251
06/11/2016,Feriado Municipal,MUNICIPAL,,BA,2905008
06/11/2016,Feriado Municipal,MUNICIPAL,,MG,3151800
06/11/2016,Feriado Municipal,MUNICIPAL,,PA,1500602
06/11/2016,Feriado Municipal,MUNICIPAL,,PR,4101200
06/11/2016,Feriado Municipal,MUNICIPAL,,RS,4301206
06/11/2016,Feriado Municipal,MUNICIPAL,,SC,4201208
06/11/2016,Feriado Municipal,MUNICIPAL,,SC,4206009
07/11/2016,Feriado Municipal,MUNICIPAL,,BA,2930709
07/11/2016,Feriado Municipal,MUNICIPAL,,ES,3202454
07/11/2016,Feriado Municipal,MUNICIPAL,,GO,5203500
07/11/2016,Feriado Municipal,MUNICIPAL,,PA,1506708
07/11/2016,Feriado Municipal,MUNICIPAL,,PB,2503605
07/11/2016,Feriado Municipal,MUNICIPAL,,PB,2506905
07/11/2016,Feriado Municipal,MUNICIPAL,Alusivo à morte do ex-prefeito José Benedito da Silveira (Zé Silveira),PB,2509404
07/11/2016,Feriado Municipal,MUNICIPAL,,PB,2513109
07/11/2016,Feriado Municipal,MUNICIPAL,,PR,4111902
07/11/2016,Feriado Municipal,MUNICIPAL,,RN,2400505
07/11/2016,Feriado Municipal,MUNICIPAL,,RO,1100114
07/11/2016,Feriado Municipal,MUNICIPAL,,TO,1702307
08/11/2016,Feriado Municipal,MUNICIPAL,,BA,2932903
08/11/2016,Feriado Municipal,MUNICIPAL,,CE,2306900
08/11/2016,Feriado Municipal,MUNICIPAL,,PB,2511301
08/11/2016,Feriado Municipal,MUNICIPAL,,PI,2204501
08/11/2016,Feriado Municipal,MUNICIPAL,,PR,4109807
08/11/2016,Feriado Municipal,MUNICIPAL,,RN,2408904
08/11/2016,Feriado Municipal,MUNICIPAL,,SC,4203402
08/11/2016,Feriado Municipal,MUNICIPAL,,SC,4214300
08/11/2016,Feriado Municipal,MUNICIPAL,,SP,3517307
08/11/2016,Feriado Municipal,MUNICIPAL,,TO,1713304
08/11/2016,São Miguel,MUNICIPAL,Dia de São Miguel,PR,4103040
09/11/2016,Aniversário da Cidade,MUNICIPAL,"Aniversário da cidade e Emancipação Política, conforme Lei Municipal nº 1.391 de 16/08/2006",BA,2933307
09/11/2016,Aniversário da Cidade,MUNICIPAL,Comemorativo ao aniversário de instalação do Município,PR,4120804
09/11/2016,Feriado Municipal,MUNICIPAL,,GO,5210406
09/11/2016,Feriado Municipal,MUNICIPAL,,GO,5217401
09/11/2016,Feriado Municipal,MUNICIPAL,,PB,2504306
09/11/2016,Feriado Municipal,MUNICIPAL,,PR,4109708
09/11/2016,Feriado Municipal,MUNICIPAL,,PR,4112900
09/11/2016,Feriado Municipal,MUNICIPAL,,PR,4120101
09/11/2016,Feriado Municipal,MUNICIPAL,,PR,4121406
09/11/2016,Feriado Municipal,MUNICIPAL,,RN,2404200
09/11/2016,Feriado Municipal,MUNICIPAL,,SP,3537701
10/11/2016,Aniversário da Cidade,MUNICIPAL,Aniversário da Cidade,MA,2102325
10/11/2016,Aniversário da Cidade,MUNICIPAL,Aniversário da Cidade,MA,2104651
10/11/2016,Aniversário da Cidade,MUNICIPAL,"Data de Emancipação do Município, conforme lei municipal nº 515, de 28 de abril 2006",RS,4315149
10/11/2016,"Aniversário do Município, segundo a Lei Municipal 168/2003",MUNICIPAL,,MA,2101251
10/11/2016,Dia do Município,MUNICIPAL,Aniversário da Cidade,CE,2301703
10/11/2016,Feriado Municipal,MUNICIPAL,,BA,2912905
10/11/2016,Feriado Municipal,MUNICIPAL,,BA,2922508
10/11/2016,Feriado Municipal,MUNICIPAL,,BA,2932903
10/11/2016,Feriado Municipal,MUNICIPAL,,GO,5216403
10/11/2016,Feriado Municipal,MUNICIPAL,,MA,2100477
10/11/2016,Feriado Municipal,MUNICIPAL,,MA,2102556
10/11/2016,Feriado Municipal,MUNICIPAL,,MA,2104099
10/11/2016,Feriado Municipal,MUNICIPAL,,MA,2104677
10/11/2016,Feriado Municipal,MUNICIPAL,,MA,2105427
10/11/2016,Feriado Municipal,MUNICIPAL,,MA,2106326
10/11/2016,Feriado Municipal,MUNICIPAL,,MA,2107357
10/11/2016,Feriado Municipal,MUNICIPAL,,MA,2111748
10/11/2016,Feriado Municipal,MUNICIPAL,,MA,2111763
10/11/2016,Feriado Municipal,MUNICIPAL,,MA,2112852
10/11/2016,Feriado Municipal,MUNICIPAL,,PR,4110052
10/11/2016,Feriado Municipal,MUNICIPAL,,PR,4110953
10/11/2016,Feriado Municipal,MUNICIPAL,,RN,2407401
10/11/2016,Feriado Municipal,MUNICIPAL,,RS,4322533
10/11/2016,Primeiro Grito de República no Brasil,MUNICIPAL,"Comemoração do Primeiro Grito de República no Brasil, conforme Lei Municipal nº 4.380 de 10/10/1983",PE,2609600
10/11/2016,Santo André Avelino,MUNICIPAL,"Dia de Santo André Avelino, conforme lei 317, de outubro de 1997",RS,4311775
11/11/2016,Aniversário Da Cidade,MUNICIPAL,Emancipação Política do Município,SC,4209201
11/11/2016,Feriado Municipal,MUNICIPAL,,AL,2701001
11/11/2016,Feriado Municipal,MUNICIPAL,,BA,2913408
11/11/2016,Feriado Municipal,MUNICIPAL,,BA,2927606
11/11/2016,Feriado Municipal,MUNICIPAL,,CE,2309300
11/11/2016,Feriado Municipal,MUNICIPAL,,GO,5205307
11/11/2016,Feriado Municipal,MUNICIPAL,,MA,2112233
11/11/2016,Feriado Municipal,MUNICIPAL,,MS,5000807
11/11/2016,Feriado Municipal,MUNICIPAL,,MS,5004700
11/11/2016,Feriado Municipal,MUNICIPAL,,MS,5005103
11/11/2016,Feriado Municipal,MUNICIPAL,,MS,5005707
11/11/2016,Feriado Municipal,MUNICIPAL,,MS,5006408
11/11/2016,Feriado Municipal,MUNICIPAL,,MT,5106802
11/11/2016,Feriado Municipal,MUNICIPAL,,PE,2604601
11/11/2016,Feriado Municipal,MUNICIPAL,,PR,4116000
11/11/2016,Feriado Municipal,MUNICIPAL,,RJ,3302601
11/11/2016,Feriado Municipal,MUNICIPAL,,RS,4319109
11/11/2016,Feriado Municipal,MUNICIPAL,,SC,4210605
11/11/2016,Feriado Municipal,MUNICIPAL,,SE,2800506
12/11/2016,Aniversário da cidade,MUNICIPAL,Emancipação político-administrativa de Armação de Búzios,RJ,3300233
12/11/2016,Feriado Municipal,MUNICIPAL,,BA,2900801
12/11/2016,Feriado Municipal,MUNICIPAL,,GO,5204805
12/11/2016,Feriado Municipal,MUNICIPAL,,GO,5206503
12/11/2016,Feriado Municipal,MUNICIPAL,,PR,4100905
12/11/2016,Feriado Municipal,MUNICIPAL,,PR,4119707
12/11/2016,Feriado Municipal,MUNICIPAL,,PR,4120606
13/11/2016,Feriado Municipal,MUNICIPAL,,GO,5212600
13/11/2016,Feriado Municipal,MUNICIPAL,,GO,5214804
13/11/2016,Feriado Municipal,MUNICIPAL,,GO,5220009
13/11/2016,Feriado Municipal,MUNICIPAL,,MS,5003488
13/11/2016,Feriado Municipal,MUNICIPAL,,PE,2611200
13/11/2016,Feriado Municipal,MUNICIPAL,,PR,4115903
13/11/2016,Feriado Municipal,MUNICIPAL,,PR,4117206
13/11/2016,Fundação de Cabo Frio (Aniversário),MUNICIPAL,conforme Lei Municipal nº 3.125 de 14/01/2020,RJ,3300704
14/11/2016,Aniversário do Município,MUNICIPAL,conforme Lei Municipal nº 5.250 de 22/06/2009,PR,4104808
14/11/2016,Emancipação política,MUNICIPAL,conforme Lei Municipal nº 792 de 10/10/1988 e Lei Municipal nº 3.257 de 25/05/2015,GO,5201405
14/11/2016,Feriado Municipal,MUNICIPAL,,AP,1600535
14/11/2016,Feriado Municipal,MUNICIPAL,,GO,5200308
14/11/2016,Feriado Municipal,MUNICIPAL,,GO,5201504
14/11/2016,Feriado Municipal,MUNICIPAL,,GO,5203203
14/11/2016,Feriado Municipal,MUNICIPAL,,GO,5204003
14/11/2016,Feriado Municipal,MUNICIPAL,,GO,5205000
14/11/2016,Feriado Municipal,MUNICIPAL,,GO,5206701
14/11/2016,Feriado Municipal,MUNICIPAL,,GO,5206800
14/11/2016,Feriado Municipal,MUNICIPAL,,GO,5207907
14/11/2016,Feriado Municipal,MUNICIPAL,,GO,5208301
14/11/2016,Feriado Municipal,MUNICIPAL,,GO,5208400
14/11/2016,Feriado Municipal,MUNICIPAL,,GO,5209804
14/11/2016,Feriado Municipal,MUNICIPAL,,GO,5209903
14/11/2016,Feriado Municipal,MUNICIPAL,,GO,5210604
14/11/2016,Feriado Municipal,MUNICIPAL,,GO,5210802
14/11/2016,Feriado Municipal,MUNICIPAL,,GO,5211008
14/11/2016,Feriado Municipal,MUNICIPAL,,GO,5212105
14/11/2016,Feriado Municipal,MUNICIPAL,,GO,5212204
14/11/2016,Feriado Municipal,MUNICIPAL,,GO,5212709
14/11/2016,Feriado Municipal,MUNICIPAL,,GO,5213004
14/11/2016,Feriado Municipal,MUNICIPAL,,GO,5213905
14/11/2016,Feriado Municipal,MUNICIPAL,,GO,5215009
14/11/2016,Feriado Municipal,MUNICIPAL,,GO,5218102
14/11/2016,Feriado Municipal,MUNICIPAL,,GO,5219506
14/11/2016,Feriado Municipal,MUNICIPAL,,GO,5220207
14/11/2016,Feriado Municipal,MUNICIPAL,,GO,5220405
14/11/2016,Feriado Municipal,MUNICIPAL,,GO,5220504
14/11/2016,Feriado Municipal,MUNICIPAL,,GO,5221502
14/11/2016,Feriado Municipal,MUNICIPAL,,PR,4102406
14/11/2016,Feriado Municipal,MUNICIPAL,,PR,4104006
14/11/2016,Feriado Municipal,MUNICIPAL,,PR,4104501
14/11/2016,Feriado Municipal,MUNICIPAL,,PR,4106209
14/11/2016,Feriado Municipal,MUNICIPAL,,PR,4108007
14/11/2016,Feriado Municipal,MUNICIPAL,,PR,4108403
14/11/2016,Feriado Municipal,MUNICIPAL,,PR,4108809
14/11/2016,Feriado Municipal,MUNICIPAL,,PR,4109302
14/11/2016,Feriado Municipal,MUNICIPAL,,PR,4114807
14/11/2016,Feriado Municipal,MUNICIPAL,,PR,4123105
14/11/2016,Feriado Municipal,MUNICIPAL,,PR,4124400
14/11/2016,Feriado Municipal,MUNICIPAL,,PR,4126009
14/11/2016,Feriado Municipal,MUNICIPAL,,PR,4127601
14/11/2016,Feriado Municipal,MUNICIPAL,,SC,4217105
14/11/2016,Feriado Municipal,MUNICIPAL,,SP,3527207
14/11/2016,Feriado Municipal,MUNICIPAL,,SP,3547304
14/11/2016,Feriado Municipal,MUNICIPAL,,SP,3551405
14/11/2016,Feriado Municipal,MUNICIPAL,,TO,1700400
14/11/2016,Feriado Municipal,MUNICIPAL,,TO,1702000
14/11/2016,Feriado Municipal,MUNICIPAL,,TO,1702109
14/11/2016,Feriado Municipal,MUNICIPAL,,TO,1703701
14/11/2016,Feriado Municipal,MUNICIPAL,,TO,1709500
14/11/2016,Feriado Municipal,MUNICIPAL,,TO,1722107
15/11/2016,Dia da Macha do Vale,MUNICIPAL,,CE,2304251
16/11/2016,Feriado Municipal,MUNICIPAL,,MG,3117009
16/11/2016,Feriado Municipal,MUNICIPAL,,MG,3160405
16/11/2016,Feriado Municipal,MUNICIPAL,,PR,4109658
16/11/2016,Feriado Municipal,MUNICIPAL,,RN,2414605
16/11/2016,Feriado Municipal,MUNICIPAL,,SP,3500501
17/11/2016,Feriado Municipal,MUNICIPAL,,BA,2926905
17/11/2016,Feriado Municipal,MUNICIPAL,,CE,2307700
17/11/2016,Feriado Municipal,MUNICIPAL,,MS,5006358
17/11/2016,Feriado Municipal,MUNICIPAL,,PB,2516607
17/11/2016,Feriado Municipal,MUNICIPAL,,PR,4123808
17/11/2016,Feriado Municipal,MUNICIPAL,,SP,3504800
18/11/2016,Feriado Municipal,MUNICIPAL,,AC,1200344
18/11/2016,Feriado Municipal,MUNICIPAL,,PB,2512309
18/11/2016,Feriado Municipal,MUNICIPAL,,PR,4100301
18/11/2016,Feriado Municipal,MUNICIPAL,,PR,4111605
18/11/2016,Feriado Municipal,MUNICIPAL,,PR,4112207
19/11/2016,Feriado Municipal,MUNICIPAL,,GO,5210208
19/11/2016,Feriado Municipal,MUNICIPAL,,MA,2108702
19/11/2016,Feriado Municipal,MUNICIPAL,,PA,1505908
19/11/2016,Feriado Municipal,MUNICIPAL,,PR,4103404
19/11/2016,Feriado Municipal,MUNICIPAL,,PR,4108502
19/11/2016,Feriado Municipal,MUNICIPAL,,PR,4111308
19/11/2016,Feriado Municipal,MUNICIPAL,,PR,4111506
19/11/2016,Feriado Municipal,MUNICIPAL,,PR,4117404
19/11/2016,Feriado Municipal,MUNICIPAL,,PR,4117503
19/11/2016,Feriado Municipal,MUNICIPAL,,PR,4121307
19/11/2016,Feriado Municipal,MUNICIPAL,,SP,3547700
20/11/2016,Consciência Negra,MUNICIPAL,Dia Municipal da Consciência Negra,BA,2919207
20/11/2016,Consciência Negra,MUNICIPAL,Conforme Lei nº 4.701/2014,MG,3118601
20/11/2016,Consciência Negra,MUNICIPAL,Dia da Consciência Negra. Feriado municipal de acordo com a Lei Ordinária 5634/2015,MG,3152501
20/11/2016,Consciência Negra,MUNICIPAL,Dia da Consciência Negra,PB,2507507
20/11/2016,Consciência Negra,MUNICIPAL,Dia da Consciência Negra,SP,3506359
20/11/2016,Consciência Negra,MUNICIPAL,"Dia da Consciência Negra, conforme Lei Municipal No 11.128 DE 14/01/2002",SP,3509502
20/11/2016,Consciência Negra,MUNICIPAL,Dia da Consciência Negra,SP,3512001
20/11/2016,Consciência Negra,MUNICIPAL,Dia da Consciência Negra,SP,3514809
20/11/2016,Consciência Negra,MUNICIPAL,"Dia da Consciência Negra, conforme lei Nº 1987, de 13 de Novembro de 2012",SP,3520442
20/11/2016,Consciência Negra,MUNICIPAL,Dia da Consciência Negra,SP,3523107
20/11/2016,Consciência Negra,MUNICIPAL,Dia da Consciência Negra,SP,3524006
20/11/2016,Consciência Negra,MUNICIPAL,Dia da Consciência Negra,SP,3527306
20/11/2016,Consciência Negra,MUNICIPAL,Dia da Consciência Negra,SP,3531803
20/11/2016,Consciência Negra,MUNICIPAL,"Dia da Consciência Negra, conforme lei 489, de 29 de maio de 2015",SP,3536802
20/11/2016,Consciência Negra,MUNICIPAL,Feriado do Dia da Consciência Negra,SP,3548708
20/11/2016,Consciência Negra,MUNICIPAL,"Dia da Consciência Negra, definido pela lei Municipal 1.814-A/06, , alterada pela Lei 1.926/07",SP,3551009
20/11/2016,Consciência Negra,MUNICIPAL,Dia da Consciência Negra,TO,1707009
20/11/2016,Consciência Negra,MUNICIPAL,"Feriado Municipal no dia 20 de novembro, dia da Consciência Negra, confirme decreto 50/2017",TO,1717909
20/11/2016,Dia da,MUNICIPAL,,SP,3513207
20/11/2016,Dia da Consciência Negra,MUNICIPAL,,BA,2910057
20/11/2016,Dia da Consciência Negra,MUNICIPAL,,BA,2916104
20/11/2016,Dia da Consciência Negra,MUNICIPAL,Lei Municipal No 735/2007 de 20/12/2007,BA,2930501
20/11/2016,Dia da Consciência Negra,MUNICIPAL,,BA,2930808
20/11/2016,Dia da Consciência Negra,MUNICIPAL,Dia da Consciência Negra,ES,3201308
20/11/2016,Dia da Consciência Negra,MUNICIPAL,http://www.guarapari.es.gov.br/v3/index.php/servicos-ao-cidadao/feriados-e-datas-comemorativas.html,ES,3202405
20/11/2016,Dia da Consciência Negra,MUNICIPAL,,GO,5201702
20/11/2016,Dia da Consciência Negra,MUNICIPAL,,GO,5207907
20/11/2016,Dia da Consciência Negra,MUNICIPAL,conforme a Lei nº 8786/2009,GO,5208707
20/11/2016,Dia da Consciência Negra,MUNICIPAL,,GO,5210802
20/11/2016,Dia da Consciência Negra,MUNICIPAL,,GO,5219407
20/11/2016,Dia da Consciência Negra,MUNICIPAL,"Lei Municipal No 2.489, de 12 de março de 2007",MG,3101508
20/11/2016,Dia da Consciência Negra,MUNICIPAL,conforme Lei Municipal nº 4.731 de 22/12/2008,MG,3106705
20/11/2016,Dia da Consciência Negra,MUNICIPAL,,MG,3118700
20/11/2016,Dia da Consciência Negra,MUNICIPAL,,MG,3128402
20/11/2016,Dia da Consciência Negra,MUNICIPAL,"Lei Municipal n 1864, de 09.12.2008",MG,3129509
20/11/2016,Dia da Consciência Negra,MUNICIPAL,,MG,3133501
20/11/2016,Dia da Consciência Negra,MUNICIPAL,Lei Municipal no 1687,MG,3134905
20/11/2016,Dia da Consciência Negra,MUNICIPAL,,MG,3143302
20/11/2016,Dia da Consciência Negra,MUNICIPAL,,MG,3151305
20/11/2016,Dia da Consciência Negra,MUNICIPAL,,MG,3155504
20/11/2016,Dia da Consciência Negra,MUNICIPAL,Dia da Consciência Negra,MG,3164704
20/11/2016,Dia da Consciência Negra,MUNICIPAL,,MG,3165404
20/11/2016,Dia da Consciência Negra,MUNICIPAL,,MG,3169208
20/11/2016,Dia da Consciência Negra,MUNICIPAL,"Lei Municipal No 10.678, de 2008 e Lei 11.523/2012",MG,3170107
20/11/2016,Dia da Consciência Negra,MUNICIPAL,Feriado em Comemoração ao dia da Consciência Negra,MG,3170206
20/11/2016,Dia da Consciência Negra,MUNICIPAL,,MG,3171600
20/11/2016,Dia da Consciência Negra,MUNICIPAL,Alusão ao Dia da Consciência Negra,MS,5003207
20/11/2016,Dia da Consciência Negra,MUNICIPAL,,MS,5004502
20/11/2016,Dia da Consciência Negra,MUNICIPAL,Feriado Municipal em Alusão ao Dia da Consciência Negra,MS,5005202
20/11/2016,Dia da Consciência Negra,MUNICIPAL,,PA,1502756
20/11/2016,Dia da Consciência Negra,MUNICIPAL,,PA,1504208
20/11/2016,Dia da Consciência Negra,MUNICIPAL,,PA,1504976
20/11/2016,Dia da Consciência Negra,MUNICIPAL,,PA,1507300
20/11/2016,Dia da Consciência Negra,MUNICIPAL,,PB,2505709
20/11/2016,Dia da Consciência Negra,MUNICIPAL,,RS,4301305
20/11/2016,Dia da Consciência Negra,MUNICIPAL,,RS,4304507
20/11/2016,Dia da Consciência Negra,MUNICIPAL,,SE,2803302
20/11/2016,Dia da Consciência Negra,MUNICIPAL,,SE,2804904
20/11/2016,Dia da Consciência Negra,MUNICIPAL,"Lei Municipal Nº 2130, de 10.12.2008",SP,3500303
20/11/2016,Dia da Consciência Negra,MUNICIPAL,"Lei Municipal No 1818, de 2009",SP,3500402
20/11/2016,Dia da Consciência Negra,MUNICIPAL,Lei Municipal No 1354 de 21/11/2006,SP,3500600
20/11/2016,Dia da Consciência Negra,MUNICIPAL,Lei Municipal nº 2.533/2010,SP,3500808
20/11/2016,Dia da Consciência Negra,MUNICIPAL,,SP,3500907
20/11/2016,Dia da Consciência Negra,MUNICIPAL,"Lei Municipal no 1.586, de 13/11/2007",SP,3501004
20/11/2016,Dia da Consciência Negra,MUNICIPAL,Comemorações do Dia da Consciência Negra em Americana ocorrem no Terceiro Domingo do mês de Novembro,SP,3501608
20/11/2016,Dia da Consciência Negra,MUNICIPAL,Lei Municipal No 00022/2007,SP,3501707
20/11/2016,Dia da Consciência Negra,MUNICIPAL,,SP,3501806
20/11/2016,Dia da Consciência Negra,MUNICIPAL,Lei Municipal No 03043/2004,SP,3501905
20/11/2016,Dia da Consciência Negra,MUNICIPAL,,SP,3502002
20/11/2016,Dia da Consciência Negra,MUNICIPAL,,SP,3502309
20/11/2016,Dia da Consciência Negra,MUNICIPAL,Lei Municipal No 03410/2006,SP,3502507
20/11/2016,Dia da Consciência Negra,MUNICIPAL,Lei Municipal No 06924/07,SP,3502804
20/11/2016,Dia da Consciência Negra,MUNICIPAL,Lei Municipal No. 1.675 DE 14 de setembro de 2009,SP,3502903
20/11/2016,Dia da Consciência Negra,MUNICIPAL,,SP,3503000
20/11/2016,Dia da Consciência Negra,MUNICIPAL,Lei Municipal No 06633/07,SP,3503208
20/11/2016,Dia da Consciência Negra,MUNICIPAL,Lei Municipal No. 4.258/2009,SP,3503307
20/11/2016,Dia da Consciência Negra,MUNICIPAL,,SP,3503901
20/11/2016,Dia da Consciência Negra,MUNICIPAL,,SP,3504206
20/11/2016,Dia da Consciência Negra,MUNICIPAL,Lei Municipal No 0004 de 03/03/2009,SP,3504909
20/11/2016,Dia da Consciência Negra,MUNICIPAL,,SP,3505104
20/11/2016,Dia da Consciência Negra,MUNICIPAL,"Lei Municipal No 4151, de 04.02.2009",SP,3505500
20/11/2016,Dia da Consciência Negra,MUNICIPAL,,SP,3505609
20/11/2016,Dia da Consciência Negra,MUNICIPAL,"Lei Municipal No 1639, de 01/03/2007",SP,3505708
20/11/2016,Dia da Consciência Negra,MUNICIPAL,,SP,3506201
20/11/2016,Dia da Consciência Negra,MUNICIPAL,,SP,3506706
20/11/2016,Dia da Consciência Negra,MUNICIPAL,"Lei Municipal No 2471, de 10.10.2008",SP,3507407
20/11/2016,Dia da Consciência Negra,MUNICIPAL,,SP,3507605
20/11/2016,Dia da Consciência Negra,MUNICIPAL,,SP,3507704
20/11/2016,Dia da Consciência Negra,MUNICIPAL,,SP,3508009
20/11/2016,Dia da Consciência Negra,MUNICIPAL,Lei Municipal No 1765 de 09 11 2006,SP,3508405
20/11/2016,Dia da Consciência Negra,MUNICIPAL,,SP,3508603
20/11/2016,Dia da Consciência Negra,MUNICIPAL,Lei Municipal No 1.993 de 20 de setembro de 2010,SP,3509304
20/11/2016,Dia da Consciência Negra,MUNICIPAL,"Lei Municipal N° 3028, de 27.12.2006",SP,3509700
20/11/2016,Dia da Consciência Negra,MUNICIPAL,,SP,3509908
20/11/2016,Dia da Consciência Negra,MUNICIPAL,Lei Municipal No 338 de 14 de novembro de 2007,SP,3509957
20/11/2016,Dia da Consciência Negra,MUNICIPAL,,SP,3510203
20/11/2016,Dia da Consciência Negra,MUNICIPAL,Lei Municipal No 3994/2012,SP,3510401
20/11/2016,Dia da Consciência Negra,MUNICIPAL,"Lei Municipal No 1402, de 14.06.2007",SP,3510500
20/11/2016,Dia da Consciência Negra,MUNICIPAL,"Art. 220 da Lei Orgânica Municipal , alterada pela emenda 41/08",SP,3510609
20/11/2016,Dia da Consciência Negra,MUNICIPAL,,SP,3510708
20/11/2016,Dia da Consciência Negra,MUNICIPAL,,SP,3511409
20/11/2016,Dia da Consciência Negra,MUNICIPAL,"Lei Municipal No 1278, de 05.12.2008",SP,3511706
20/11/2016,Dia da Consciência Negra,MUNICIPAL,,SP,3511904
20/11/2016,Dia da Consciência Negra,MUNICIPAL,,SP,3512100
20/11/2016,Dia da Consciência Negra,MUNICIPAL,"Lei Municipal N° 2021, de 27.03.2001",SP,3512407
20/11/2016,Dia da Consciência Negra,MUNICIPAL,,SP,3512704
20/11/2016,Dia da Consciência Negra,MUNICIPAL,Lei Municipal No 2573/06,SP,3513801
20/11/2016,Dia da Consciência Negra,MUNICIPAL,,SP,3514601
20/11/2016,Dia da Consciência Negra,MUNICIPAL,"Lei Municipal no 2.285, de 09.11.2007",SP,3515004
20/11/2016,Dia da Consciência Negra,MUNICIPAL,Dia da Consciência Negra,SP,3515152
20/11/2016,Dia da Consciência Negra,MUNICIPAL,,SP,3515202
20/11/2016,Dia da Consciência Negra,MUNICIPAL,Lei Municipal nº 3165 de 16/05/2013,SP,3515707
20/11/2016,Dia da Consciência Negra,MUNICIPAL,Lei Municipal No 007/2007,SP,3516002
20/11/2016,Dia da Consciência Negra,MUNICIPAL,Lei Municipal No 6730/2006,SP,3516200
20/11/2016,Dia da Consciência Negra,MUNICIPAL,Lei Municipal No 2.129 17.06.2005,SP,3516309
20/11/2016,Dia da Consciência Negra,MUNICIPAL,Lei Municipal No 535/2005,SP,3516408
20/11/2016,Dia da Consciência Negra,MUNICIPAL,Lei Municipal No 2.082 de 9 de março de 2009,SP,3517000
20/11/2016,Dia da Consciência Negra,MUNICIPAL,,SP,3517307
20/11/2016,Dia da Consciência Negra,MUNICIPAL,,SP,3517406
20/11/2016,Dia da Consciência Negra,MUNICIPAL,,SP,3517604
20/11/2016,Dia da Consciência Negra,MUNICIPAL,,SP,3517802
20/11/2016,Dia da Consciência Negra,MUNICIPAL,,SP,3517901
20/11/2016,Dia da Consciência Negra,MUNICIPAL,,SP,3518008
20/11/2016,Dia da Consciência Negra,MUNICIPAL,,SP,3518107
20/11/2016,Dia da Consciência Negra,MUNICIPAL,,SP,3518206
20/11/2016,Dia da Consciência Negra,MUNICIPAL,,SP,3518602
20/11/2016,Dia da Consciência Negra,MUNICIPAL,"Lei Municipal No 3784, de 11.11.2009",SP,3518701
20/11/2016,Dia da Consciência Negra,MUNICIPAL,Lei Municipal No 5950/03,SP,3518800
20/11/2016,Dia da Consciência Negra,MUNICIPAL,Lei Municipal No 958 de 31.10.2001,SP,3519071
20/11/2016,Dia da Consciência Negra,MUNICIPAL,,SP,3519253
20/11/2016,Dia da Consciência Negra,MUNICIPAL,,SP,3519501
20/11/2016,Dia da Consciência Negra,MUNICIPAL,,SP,3519808
20/11/2016,Dia da Consciência Negra,MUNICIPAL,"Lei Municipal No 451, de 2007",SP,3520400
20/11/2016,Dia da Consciência Negra,MUNICIPAL,,SP,3520707
20/11/2016,Dia da Consciência Negra,MUNICIPAL,,SP,3521101
20/11/2016,Dia da Consciência Negra,MUNICIPAL,,SP,3521408
20/11/2016,Dia da Consciência Negra,MUNICIPAL,,SP,3521606
20/11/2016,Dia da Consciência Negra,MUNICIPAL,,SP,3522109
20/11/2016,Dia da Consciência Negra,MUNICIPAL,"Lei Municipal No 1713, de 2008",SP,3522208
20/11/2016,Dia da Consciência Negra,MUNICIPAL,"Lei Municipal No 1699, de 8.12.2004",SP,3522505
20/11/2016,Dia da Consciência Negra,MUNICIPAL,,SP,3522901
20/11/2016,Dia da Consciência Negra,MUNICIPAL,,SP,3523206
20/11/2016,Dia da Consciência Negra,MUNICIPAL,"Lei Municipal No 3951, de 1997",SP,3523404
20/11/2016,Dia da Consciência Negra,MUNICIPAL,,SP,3523602
20/11/2016,Dia da Consciência Negra,MUNICIPAL,"Lei Municipal No 624, de 2005",SP,3523909
20/11/2016,Dia da Consciência Negra,MUNICIPAL,Lei Municipal No 1567 de 03 12 2004,SP,3524709
20/11/2016,Dia da Consciência Negra,MUNICIPAL,"Lei Municipal No 1.399, de 20 de março de 2009",SP,3524907
20/11/2016,Dia da Consciência Negra,MUNICIPAL,"Lei Municipal No 1713, de maio de 2008",SP,3525003
20/11/2016,Dia da Consciência Negra,MUNICIPAL,"Lei Municipal No 1760, de 12.03.2008",SP,3525201
20/11/2016,Dia da Consciência Negra,MUNICIPAL,"Lei Municipal No 4316, de 2009",SP,3525300
20/11/2016,Dia da Consciência Negra,MUNICIPAL,,SP,3525409
20/11/2016,Dia da Consciência Negra,MUNICIPAL,,SP,3525607
20/11/2016,Dia da Consciência Negra,MUNICIPAL,,SP,3525904
20/11/2016,Dia da Consciência Negra,MUNICIPAL,Lei Municipal No 1498 DE 08 de novembro de 2007,SP,3526209
20/11/2016,Dia da Consciência Negra,MUNICIPAL,"Lei Municipal No 2780, de 2003",SP,3526704
20/11/2016,Dia da Consciência Negra,MUNICIPAL,"Lei Municipal No 2780, de 2003",SP,3526902
20/11/2016,Dia da Consciência Negra,MUNICIPAL,,SP,3527603
20/11/2016,Dia da Consciência Negra,MUNICIPAL,,SP,3528403
20/11/2016,Dia da Consciência Negra,MUNICIPAL,"Lei Municipal No 3878, de 20.11.2005",SP,3529401
20/11/2016,Dia da Consciência Negra,MUNICIPAL,,SP,3529708
20/11/2016,Dia da Consciência Negra,MUNICIPAL,"Lei Municipal No 566, de 2004",SP,3530508
20/11/2016,Dia da Consciência Negra,MUNICIPAL,,SP,3531209
20/11/2016,Dia da Consciência Negra,MUNICIPAL,,SP,3532207
20/11/2016,Dia da Consciência Negra,MUNICIPAL,,SP,3532702
20/11/2016,Dia da Consciência Negra,MUNICIPAL,,SP,3533007
20/11/2016,Dia da Consciência Negra,MUNICIPAL,,SP,3533106
20/11/2016,Dia da Consciência Negra,MUNICIPAL,,SP,3533403
20/11/2016,Dia da Consciência Negra,MUNICIPAL,,SP,3534005
20/11/2016,Dia da Consciência Negra,MUNICIPAL,,SP,3534203
20/11/2016,Dia da Consciência Negra,MUNICIPAL,,SP,3535101
20/11/2016,Dia da Consciência Negra,MUNICIPAL,Conforme a Lei nº 2177 de 22 de dezembro de 2006,SP,3535309
20/11/2016,Dia da Consciência Negra,MUNICIPAL,Feriado em Homenagem a Zumbi dos Palmares,SP,3535408
20/11/2016,Dia da Consciência Negra,MUNICIPAL,Lei Municipal No 823/08 de 21 de agosto de 2.008,SP,3535705
20/11/2016,Dia da Consciência Negra,MUNICIPAL,,SP,3535903
20/11/2016,Dia da Consciência Negra,MUNICIPAL,,SP,3536604
20/11/2016,Dia da Consciência Negra,MUNICIPAL,,SP,3537008
20/11/2016,Dia da Consciência Negra,MUNICIPAL,Emenda a Lei Orgânica do Município no 30/08,SP,3537107
20/11/2016,Dia da Consciência Negra,MUNICIPAL,"Lei Municipal No 1.017, de 20 de Dezembro de 2006",SP,3537206
20/11/2016,Dia da Consciência Negra,MUNICIPAL,,SP,3537602
20/11/2016,Dia da Consciência Negra,MUNICIPAL,Lei Municipal No 5242/2003,SP,3538709
20/11/2016,Dia da Consciência Negra,MUNICIPAL,"Lei Municipal No 855, de 28 de março de 2007",SP,3539103
20/11/2016,Dia da Consciência Negra,MUNICIPAL,,SP,3539707
20/11/2016,Dia da Consciência Negra,MUNICIPAL,,SP,3540309
20/11/2016,Dia da Consciência Negra,MUNICIPAL,,SP,3540507
20/11/2016,Dia da Consciência Negra,MUNICIPAL,"Lei Municipal 4.530, 05/11/2007",SP,3540606
20/11/2016,Dia da Consciência Negra,MUNICIPAL,,SP,3540903
20/11/2016,Dia da Consciência Negra,MUNICIPAL,,SP,3541802
20/11/2016,Dia da Consciência Negra,MUNICIPAL,,SP,3542305
20/11/2016,Dia da Consciência Negra,MUNICIPAL,,SP,3542701
20/11/2016,Dia da Consciência Negra,MUNICIPAL,,SP,3543006
20/11/2016,Dia da Consciência Negra,MUNICIPAL,,SP,3543105
20/11/2016,Dia da Consciência Negra,MUNICIPAL,Lei Municipal No 4.653/2002,SP,3543303
20/11/2016,Dia da Consciência Negra,MUNICIPAL,,SP,3543501
20/11/2016,Dia da Consciência Negra,MUNICIPAL,,SP,3543600
20/11/2016,Dia da Consciência Negra,MUNICIPAL,Lei Municipal No 1657/2007,SP,3543709
20/11/2016,Dia da Consciência Negra,MUNICIPAL,Lei Municipal No 03718/2006,SP,3543907
20/11/2016,Dia da Consciência Negra,MUNICIPAL,,SP,3544004
20/11/2016,Dia da Consciência Negra,MUNICIPAL,,SP,3544202
20/11/2016,Dia da Consciência Negra,MUNICIPAL,,SP,3544301
20/11/2016,Dia da Consciência Negra,MUNICIPAL,,SP,3544400
20/11/2016,Dia da Consciência Negra,MUNICIPAL,,SP,3545001
20/11/2016,Dia da Consciência Negra,MUNICIPAL,"Lei Municipal No 2933, de 2009",SP,3545209
20/11/2016,Dia da Consciência Negra,MUNICIPAL,Lei Municipal No 535 de 05 de dezembro de 2007,SP,3545704
20/11/2016,Dia da Consciência Negra,MUNICIPAL,Lei Municipal No 2396/2007,SP,3546801
20/11/2016,Dia da Consciência Negra,MUNICIPAL,,SP,3546900
20/11/2016,Dia da Consciência Negra,MUNICIPAL,,SP,3547106
20/11/2016,Dia da Consciência Negra,MUNICIPAL,Lei Municipal no 3113/07 de 27 de junho de 2007,SP,3547601
20/11/2016,Dia da Consciência Negra,MUNICIPAL,"Lei Municipal No 8578, de 12.02.2003",SP,3547809
20/11/2016,Dia da Consciência Negra,MUNICIPAL,,SP,3548104
20/11/2016,Dia da Consciência Negra,MUNICIPAL,,SP,3548401
20/11/2016,Dia da Consciência Negra,MUNICIPAL,Art.245 da Lei Orgânica do Município,SP,3548500
20/11/2016,Dia da Consciência Negra,MUNICIPAL,"Lei Municipal No 4446, de 2009",SP,3548807
20/11/2016,Dia da Consciência Negra,MUNICIPAL,"Lei Municipal No 1982, de 2006",SP,3549102
20/11/2016,Dia da Consciência Negra,MUNICIPAL,,SP,3549508
20/11/2016,Dia da Consciência Negra,MUNICIPAL,,SP,3549805
20/11/2016,Dia da Consciência Negra,MUNICIPAL,,SP,3549953
20/11/2016,Dia da Consciência Negra,MUNICIPAL,Lei Municipal n° 790/2010,SP,3550100
20/11/2016,Dia da Consciência Negra,MUNICIPAL,conforme Lei Municipal nº 14.485 de 19 de julho de 2007,SP,3550308
20/11/2016,Dia da Consciência Negra,MUNICIPAL,,SP,3550407
20/11/2016,Dia da Consciência Negra,MUNICIPAL,"Homenagem a Zumbi dos Palmares, dia da consciência negra.",SP,3550704
20/11/2016,Dia da Consciência Negra,MUNICIPAL,,SP,3550902
20/11/2016,Dia da Consciência Negra,MUNICIPAL,,SP,3551306
20/11/2016,Dia da Consciência Negra,MUNICIPAL,,SP,3551405
20/11/2016,Dia da Consciência Negra,MUNICIPAL,,SP,3551603
20/11/2016,Dia da Consciência Negra,MUNICIPAL,Lei Municipal No. 1.508/2009,SP,3551801
20/11/2016,Dia da Consciência Negra,MUNICIPAL,"Lei Municipal No 8120, de 2007",SP,3552205
20/11/2016,Dia da Consciência Negra,MUNICIPAL,,SP,3552304
20/11/2016,Dia da Consciência Negra,MUNICIPAL,"Lei Municipal No 3922, de 2004",SP,3552403
20/11/2016,Dia da Consciência Negra,MUNICIPAL,"Lei Municipal No 4319, de 2009",SP,3552502
20/11/2016,Dia da Consciência Negra,MUNICIPAL,,SP,3553203
20/11/2016,Dia da Consciência Negra,MUNICIPAL,,SP,3553500
20/11/2016,Dia da Consciência Negra,MUNICIPAL,,SP,3553906
20/11/2016,Dia da Consciência Negra,MUNICIPAL,,SP,3554409
20/11/2016,Dia da Consciência Negra,MUNICIPAL,,SP,3554607
20/11/2016,Dia da Consciência Negra,MUNICIPAL,,SP,3556206
20/11/2016,Dia da Consciência Negra,MUNICIPAL,,SP,3556503
20/11/2016,Dia da Consciência Negra,MUNICIPAL,,SP,3557006
20/11/2016,Dia da Consciência Negra,MUNICIPAL,"Lei Municipal No 2920, de 2009",SP,3557204
20/11/2016,Dia da Consciência Negra,MUNICIPAL,,TO,1702406
20/11/2016,Dia da Consciência Negra,MUNICIPAL,,TO,1713205
20/11/2016,Dia da Consciência Negra,MUNICIPAL,,TO,1718204
20/11/2016,"Dia da Consciência Negra - Lei No. 3.249, de 18 de novembro de 2008",MUNICIPAL,,SP,3508108
20/11/2016,Dia da Consciência Negra - Lei no 1.914 de 04 de dezembro de 2007,MUNICIPAL,,SP,3506904
21/11/2016,Dia de Nossa Senhora da Apresentação,MUNICIPAL,conforme o Decreto n.º 10.599 de 09 de janeiro de 2015,RN,2408102
21/11/2016,Feriado Municipal,MUNICIPAL,,AL,2707305
21/11/2016,Feriado Municipal,MUNICIPAL,,BA,2904308
21/11/2016,Feriado Municipal,MUNICIPAL,,CE,2302404
21/11/2016,Feriado Municipal,MUNICIPAL,,ES,3202504
21/11/2016,Feriado Municipal,MUNICIPAL,,PR,4114401
21/11/2016,Feriado Municipal,MUNICIPAL,,RN,2409308
21/11/2016,Feriado Municipal,MUNICIPAL,,RS,4305454
21/11/2016,Feriado Municipal,MUNICIPAL,,RS,4316204
21/11/2016,Feriado Municipal,MUNICIPAL,,RS,4322103
21/11/2016,Feriado Municipal,MUNICIPAL,,SC,4200051
21/11/2016,Feriado Municipal,MUNICIPAL,,SE,2805000
21/11/2016,Feriado Municipal,MUNICIPAL,,SE,2805802
21/11/2016,Feriado Municipal,MUNICIPAL,,SP,3532405
21/11/2016,N. Sra Mãe da Igreja,MUNICIPAL,"Nossa Senhora Mãe da Igreja, padroeira do Município",PR,4126272
22/11/2016,Aniversário de Niterói,MUNICIPAL,conforme Lei Municipal nº 2.142 de 31/03/2004,RJ,3303302
22/11/2016,Feriado Municipal,MUNICIPAL,,CE,2302008
22/11/2016,Feriado Municipal,MUNICIPAL,,CE,2302909
22/11/2016,Feriado Municipal,MUNICIPAL,,CE,2308609
22/11/2016,Feriado Municipal,MUNICIPAL,,CE,2310209
22/11/2016,Feriado Municipal,MUNICIPAL,,CE,2313500
22/11/2016,Feriado Municipal,MUNICIPAL,,GO,5217104
22/11/2016,Feriado Municipal,MUNICIPAL,,MA,2108454
22/11/2016,Feriado Municipal,MUNICIPAL,,MG,3137106
22/11/2016,Feriado Municipal,MUNICIPAL,,PB,2506905
22/11/2016,Feriado Municipal,MUNICIPAL,,PB,2513109
22/11/2016,Feriado Municipal,MUNICIPAL,,PR,4123204
22/11/2016,Feriado Municipal,MUNICIPAL,,RN,2402105
22/11/2016,Feriado Municipal,MUNICIPAL,,RO,1100122
22/11/2016,Feriado Municipal,MUNICIPAL,,RS,4309803
22/11/2016,Feriado Municipal,MUNICIPAL,,SC,4215505
22/11/2016,Feriado Municipal,MUNICIPAL,,SP,3501400
22/11/2016,Feriado Municipal,MUNICIPAL,,SP,3531605
22/11/2016,Feriado Municipal,MUNICIPAL,,SP,3541109
23/11/2016,Aniversário,MUNICIPAL,Aniversário de VIlhena,RO,1100304
23/11/2016,Feriado Municipal,MUNICIPAL,,BA,2915403
23/11/2016,Feriado Municipal,MUNICIPAL,,BA,2927705
23/11/2016,Feriado Municipal,MUNICIPAL,,BA,2927804
23/11/2016,Feriado Municipal,MUNICIPAL,,CE,2305308
23/11/2016,Feriado Municipal,MUNICIPAL,,MS,5007505
23/11/2016,Feriado Municipal,MUNICIPAL,,PR,4125209
23/11/2016,Feriado Municipal,MUNICIPAL,,RS,4311007
23/11/2016,Feriado Municipal,MUNICIPAL,,SE,2803708
23/11/2016,Feriado Municipal,MUNICIPAL,,SE,2805406
24/11/2016,Feriado Municipal,MUNICIPAL,,BA,2921401
24/11/2016,Feriado Municipal,MUNICIPAL,,PB,2513406
24/11/2016,Feriado Municipal,MUNICIPAL,,PE,2611903
24/11/2016,Feriado Municipal,MUNICIPAL,,RO,1100189
24/11/2016,Feriado Municipal,MUNICIPAL,,RS,4301552
25/11/2016,Feriado Municipal,MUNICIPAL,,CE,2312106
25/11/2016,Feriado Municipal,MUNICIPAL,,CE,2312304
25/11/2016,Feriado Municipal,MUNICIPAL,,MG,3144409
25/11/2016,Feriado Municipal,MUNICIPAL,,PE,2613206
25/11/2016,Feriado Municipal,MUNICIPAL,,PR,4110201
25/11/2016,Feriado Municipal,MUNICIPAL,,PR,4115408
25/11/2016,Feriado Municipal,MUNICIPAL,,RJ,3301850
25/11/2016,Feriado Municipal,MUNICIPAL,,RJ,3304128
25/11/2016,Feriado Municipal,MUNICIPAL,,RJ,3306156
25/11/2016,Feriado Municipal,MUNICIPAL,,RS,4302600
25/11/2016,Feriado Municipal,MUNICIPAL,,RS,4312807
25/11/2016,Feriado Municipal,MUNICIPAL,,SC,4211405
25/11/2016,Feriado Municipal,MUNICIPAL,,SE,2801207
25/11/2016,Feriado Municipal,MUNICIPAL,,SE,2801405
25/11/2016,Feriado Municipal,MUNICIPAL,,SE,2803104
25/11/2016,Feriado Municipal,MUNICIPAL,,SE,2803401
25/11/2016,Feriado Municipal,MUNICIPAL,,SE,2803906
25/11/2016,Feriado Municipal,MUNICIPAL,,SE,2805208
25/11/2016,Feriado Municipal,MUNICIPAL,,SE,2805505
25/11/2016,Feriado Municipal,MUNICIPAL,,SE,2807501
25/11/2016,Feriado Municipal,MUNICIPAL,,SP,3503406
25/11/2016,Feriado Municipal,MUNICIPAL,,SP,3553500
26/11/2016,Aniversário da Cidade,MUNICIPAL,Aniversário da Emancipação política do município,PB,2506301
26/11/2016,Feriado Municipal,MUNICIPAL,,ES,3203403
26/11/2016,Feriado Municipal,MUNICIPAL,,MG,3142700
26/11/2016,Feriado Municipal,MUNICIPAL,,MG,3154705
26/11/2016,Feriado Municipal,MUNICIPAL,,PB,2516003
26/11/2016,Feriado Municipal,MUNICIPAL,,PR,4103503
26/11/2016,Feriado Municipal,MUNICIPAL,,PR,4104402
26/11/2016,Feriado Municipal,MUNICIPAL,,PR,4107504
26/11/2016,Feriado Municipal,MUNICIPAL,,PR,4111407
26/11/2016,Feriado Municipal,MUNICIPAL,,PR,4118105
26/11/2016,Feriado Municipal,MUNICIPAL,,PR,4122701
26/11/2016,Feriado Municipal,MUNICIPAL,,PR,4124905
26/11/2016,Feriado Municipal,MUNICIPAL,,PR,4126702
26/11/2016,Feriado Municipal,MUNICIPAL,,PR,4128500
26/11/2016,Feriado Municipal,MUNICIPAL,,RJ,3301850
26/11/2016,Feriado Municipal,MUNICIPAL,,RO,1100049
26/11/2016,Feriado Municipal,MUNICIPAL,,SE,2804508
26/11/2016,Feriado Municipal,MUNICIPAL,,SP,3554805
27/11/2016,Feriado Municipal,MUNICIPAL,,BA,2906709
27/11/2016,Feriado Municipal,MUNICIPAL,,BA,2915007
27/11/2016,Feriado Municipal,MUNICIPAL,,BA,2920304
27/11/2016,Feriado Municipal,MUNICIPAL,,BA,2920502
27/11/2016,Feriado Municipal,MUNICIPAL,,BA,2926707
27/11/2016,Feriado Municipal,MUNICIPAL,,BA,2933505
27/11/2016,Feriado Municipal,MUNICIPAL,,CE,2308500
27/11/2016,Feriado Municipal,MUNICIPAL,Aniversário da passagem da imagem de Nossa Senhora de Fátima na cidade de Russas,CE,2311801
27/11/2016,Feriado Municipal,MUNICIPAL,,CE,2312403
27/11/2016,Feriado Municipal,MUNICIPAL,,ES,3201001
27/11/2016,Feriado Municipal,MUNICIPAL,,ES,3205176
27/11/2016,Feriado Municipal,MUNICIPAL,,GO,5200605
27/11/2016,Feriado Municipal,MUNICIPAL,,GO,5212204
27/11/2016,Feriado Municipal,MUNICIPAL,,MA,2107803
27/11/2016,Feriado Municipal,MUNICIPAL,,MG,3111101
27/11/2016,Feriado Municipal,MUNICIPAL,,MG,3129806
27/11/2016,Feriado Municipal,MUNICIPAL,,MG,3143401
27/11/2016,Feriado Municipal,MUNICIPAL,,MG,3170503
27/11/2016,Feriado Municipal,MUNICIPAL,,MT,5102686
27/11/2016,Feriado Municipal,MUNICIPAL,,PA,1502772
27/11/2016,Feriado Municipal,MUNICIPAL,,PB,2512705
27/11/2016,Feriado Municipal,MUNICIPAL,,PR,4102505
27/11/2016,Feriado Municipal,MUNICIPAL,,PR,4105102
27/11/2016,Feriado Municipal,MUNICIPAL,,PR,4111100
27/11/2016,Feriado Municipal,MUNICIPAL,,PR,4113502
27/11/2016,Feriado Municipal,MUNICIPAL,,PR,4118006
27/11/2016,Feriado Municipal,MUNICIPAL,,PR,4119004
27/11/2016,Feriado Municipal,MUNICIPAL,,PR,4119103
27/11/2016,Feriado Municipal,MUNICIPAL,,PR,4126256
27/11/2016,Feriado Municipal,MUNICIPAL,,PR,4127908
27/11/2016,Feriado Municipal,MUNICIPAL,,RJ,3302858
27/11/2016,Feriado Municipal,MUNICIPAL,,RN,2400307
27/11/2016,Feriado Municipal,MUNICIPAL,,RN,2401453
27/11/2016,Feriado Municipal,MUNICIPAL,,RN,2403806
27/11/2016,Feriado Municipal,MUNICIPAL,,RN,2414506
27/11/2016,Feriado Municipal,MUNICIPAL,,RS,4307401
27/11/2016,Feriado Municipal,MUNICIPAL,,SC,4208104
27/11/2016,Feriado Municipal,MUNICIPAL,,SP,3531001
27/11/2016,Feriado Municipal,MUNICIPAL,,SP,3534906
27/11/2016,Feriado Municipal,MUNICIPAL,,SP,3548401
27/11/2016,Feriado Municipal,MUNICIPAL,,SP,3552601
27/11/2016,Feriado Municipal,MUNICIPAL,,SP,3556453
27/11/2016,Feriado Municipal,MUNICIPAL,,TO,1715754
27/11/2016,N. Sra das Graças,MUNICIPAL,"Homenagem à Nossa Senhora Das Graças - Medalha Milagrosa, Projeto de Lei 1.799/2017",MG,3112604
27/11/2016,Nossa Sra das Graças,MUNICIPAL,Nossa Senhora das Graças,MT,5106257
28/11/2016,Aniversário da Cidade,MUNICIPAL,,SP,3516200
28/11/2016,Feriado Municipal,MUNICIPAL,,AM,1301308
28/11/2016,Feriado Municipal,MUNICIPAL,,BA,2900306
28/11/2016,Feriado Municipal,MUNICIPAL,,ES,3203106
28/11/2016,Feriado Municipal,MUNICIPAL,,MT,5102686
28/11/2016,Feriado Municipal,MUNICIPAL,,PA,1504604
28/11/2016,Feriado Municipal,MUNICIPAL,,PR,4101002
28/11/2016,Feriado Municipal,MUNICIPAL,,PR,4103453
28/11/2016,Feriado Municipal,MUNICIPAL,,PR,4107207
28/11/2016,Feriado Municipal,MUNICIPAL,,PR,4125704
28/11/2016,Memória de Paulo G. Souza,MUNICIPAL,"O Projeto de Lei Nº 005/2017, feriado em memória de Paulo Germano de Souza, ex-prefeito de Maracaçumé",MA,2106326
29/11/2016,Aniversário do município,MUNICIPAL,,SP,3530201
29/11/2016,Feriado Municipal,MUNICIPAL,,PA,1501600
29/11/2016,Feriado Municipal,MUNICIPAL,,PB,2509909
29/11/2016,Feriado Municipal,MUNICIPAL,,PR,4101705
29/11/2016,Feriado Municipal,MUNICIPAL,,PR,4115101
29/11/2016,Feriado Municipal,MUNICIPAL,,PR,4116802
29/11/2016,Feriado Municipal,MUNICIPAL,,PR,4120408
29/11/2016,Feriado Municipal,MUNICIPAL,,PR,4121604
29/11/2016,Feriado Municipal,MUNICIPAL,,PR,4128708
29/11/2016,Feriado Municipal,MUNICIPAL,,RS,4309654
29/11/2016,Feriado Municipal,MUNICIPAL,,SP,3541604
30/11/2016,Aniversário do Município,MUNICIPAL,,SP,3512803
30/11/2016,Dia do Evangélico,MUNICIPAL,,GO,5212501
30/11/2016,Dia do Evangélico,MUNICIPAL,Dia do Evangélico,GO,5221858
30/11/2016,Feriado Municipal,MUNICIPAL,,BA,2917300
30/11/2016,Feriado Municipal,MUNICIPAL,,BA,2921807
30/11/2016,Feriado Municipal,MUNICIPAL,,GO,5200258
30/11/2016,Feriado Municipal,MUNICIPAL,,GO,5205307
30/11/2016,Feriado Municipal,MUNICIPAL,,GO,5205513
30/11/2016,Feriado Municipal,MUNICIPAL,,GO,5205802
30/11/2016,Feriado Municipal,MUNICIPAL,,GO,5212808
30/11/2016,Feriado Municipal,MUNICIPAL,,GO,5215231
30/11/2016,Feriado Municipal,MUNICIPAL,,GO,5217609
30/11/2016,Feriado Municipal,MUNICIPAL,,GO,5219753
30/11/2016,Feriado Municipal,MUNICIPAL,,MA,2105401
30/11/2016,Feriado Municipal,MUNICIPAL,,MA,2107407
30/11/2016,Feriado Municipal,MUNICIPAL,,MG,3109303
30/11/2016,Feriado Municipal,MUNICIPAL,,MG,3144102
30/11/2016,Feriado Municipal,MUNICIPAL,,PA,1502152
30/11/2016,Feriado Municipal,MUNICIPAL,,PA,1507151
30/11/2016,Feriado Municipal,MUNICIPAL,,PR,4110904
30/11/2016,Feriado Municipal,MUNICIPAL,,PR,4111001
30/11/2016,Feriado Municipal,MUNICIPAL,,PR,4113304
30/11/2016,Feriado Municipal,MUNICIPAL,,RJ,3301157
30/11/2016,Feriado Municipal,MUNICIPAL,,RJ,3304755
30/11/2016,Feriado Municipal,MUNICIPAL,,RN,2411205
30/11/2016,Feriado Municipal,MUNICIPAL,,RS,4313359
30/11/2016,Feriado Municipal,MUNICIPAL,,RS,4314555
30/11/2016,Feriado Municipal,MUNICIPAL,,RS,4318440
30/11/2016,Feriado Municipal,MUNICIPAL,,RS,4321634
30/11/2016,Feriado Municipal,MUNICIPAL,,SP,3500204
30/11/2016,Feriado Municipal,MUNICIPAL,,SP,3501301
30/11/2016,Feriado Municipal,MUNICIPAL,,SP,3503109
30/11/2016,Feriado Municipal,MUNICIPAL,,SP,3514700
30/11/2016,Feriado Municipal,MUNICIPAL,,SP,3514908
30/11/2016,Feriado Municipal,MUNICIPAL,,SP,3516408
30/11/2016,Feriado Municipal,MUNICIPAL,,SP,3517505
30/11/2016,Feriado Municipal,MUNICIPAL,,SP,3517901
30/11/2016,Feriado Municipal,MUNICIPAL,,SP,3518107
30/11/2016,Feriado Municipal,MUNICIPAL,,SP,3519006
30/11/2016,Feriado Municipal,MUNICIPAL,,SP,3519501
30/11/2016,Feriado Municipal,MUNICIPAL,,SP,3519907
30/11/2016,Feriado Municipal,MUNICIPAL,,SP,3521507
30/11/2016,Feriado Municipal,MUNICIPAL,,SP,3528601
30/11/2016,Feriado Municipal,MUNICIPAL,,SP,3529906
30/11/2016,Feriado Municipal,MUNICIPAL,,SP,3532504
30/11/2016,Feriado Municipal,MUNICIPAL,,SP,3532801
30/11/2016,Feriado Municipal,MUNICIPAL,,SP,3534104
30/11/2016,Feriado Municipal,MUNICIPAL,,SP,3536604
30/11/2016,Feriado Municipal,MUNICIPAL,,SP,3542008
30/11/2016,Feriado Municipal,MUNICIPAL,,SP,3542602
30/11/2016,Feriado Municipal,MUNICIPAL,,SP,3544806
30/11/2016,Feriado Municipal,MUNICIPAL,,SP,3553955
30/11/2016,Feriado Municipal,MUNICIPAL,,TO,1709500
30/11/2016,Feriado Municipal,MUNICIPAL,,TO,1722107
01/12/2016,Aniversário da Cidade,MUNICIPAL,Aniversário do Município,PB,2506004
01/12/2016,Feriado Municipal,MUNICIPAL,,AL,2705606
01/12/2016,Feriado Municipal,MUNICIPAL,,AP,1600501
01/12/2016,Feriado Municipal,MUNICIPAL,,BA,2930402
01/12/2016,Feriado Municipal,MUNICIPAL,,MT,5104609
01/12/2016,Feriado Municipal,MUNICIPAL,,PB,2515302
01/12/2016,Feriado Municipal,MUNICIPAL,,PR,4107157
01/12/2016,Feriado Municipal,MUNICIPAL,,PR,4109203
02/12/2016,Feriado Municipal,MUNICIPAL,,AL,2705705
02/12/2016,Feriado Municipal,MUNICIPAL,,AL,2706604
02/12/2016,Feriado Municipal,MUNICIPAL,,BA,2913903
02/12/2016,Feriado Municipal,MUNICIPAL,,MA,2110203
02/12/2016,Feriado Municipal,MUNICIPAL,,PB,2501302
02/12/2016,Feriado Municipal,MUNICIPAL,,PB,2516904
02/12/2016,Feriado Municipal,MUNICIPAL,,PI,2208809
02/12/2016,Feriado Municipal,MUNICIPAL,,RS,4302204
02/12/2016,Feriado Municipal,MUNICIPAL,,SP,3502804
02/12/2016,Feriado Municipal,MUNICIPAL,,SP,3504305
02/12/2016,Feriado Municipal,MUNICIPAL,,SP,3529203
02/12/2016,Feriado Municipal,MUNICIPAL,,SP,3541109
03/12/2016,"Dia de São Francisco Xavier, Padroeiro do Município",MUNICIPAL,http://itaguai.rj.gov.br/pdfjornal/Edicao384.pdf,RJ,3302007
03/12/2016,Feriado Municipal,MUNICIPAL,,MA,2112407
03/12/2016,Feriado Municipal,MUNICIPAL,,MT,5106307
03/12/2016,Feriado Municipal,MUNICIPAL,,PA,1501303
03/12/2016,Feriado Municipal,MUNICIPAL,,PR,4106100
03/12/2016,Feriado Municipal,MUNICIPAL,,PR,4111001
03/12/2016,Feriado Municipal,MUNICIPAL,,PR,4123600
03/12/2016,Feriado Municipal,MUNICIPAL,,RN,2406700
03/12/2016,Feriado Municipal,MUNICIPAL,,RN,2408300
03/12/2016,Feriado Municipal,MUNICIPAL,,RS,4315107
03/12/2016,Feriado Municipal,MUNICIPAL,,RS,4320701
03/12/2016,Feriado Municipal,MUNICIPAL,,SC,4203402
03/12/2016,Feriado Municipal,MUNICIPAL,,SP,3505807
03/12/2016,Feriado Municipal,MUNICIPAL,,SP,3520301
03/12/2016,Feriado Municipal,MUNICIPAL,,SP,3542602
03/12/2016,São Francisco Xavier,MUNICIPAL,Dia do Padroeiro da cidade,SP,3537404
04/12/2016,Dia de Santa Barbara,MUNICIPAL,Dia de Santa Bárbara,SC,4209607
04/12/2016,Dia de Santa Bárbara,MUNICIPAL,"Dia de Santa Bárbara, padroeira da cidade",RS,4301107
04/12/2016,Feriado Municipal,MUNICIPAL,,BA,2904100
04/12/2016,Feriado Municipal,MUNICIPAL,,BA,2907905
04/12/2016,Feriado Municipal,MUNICIPAL,,CE,2305605
04/12/2016,Feriado Municipal,MUNICIPAL,,ES,3202553
04/12/2016,Feriado Municipal,MUNICIPAL,,ES,3204401
04/12/2016,Feriado Municipal,MUNICIPAL,,GO,5206503
04/12/2016,Feriado Municipal,MUNICIPAL,,MG,3123700
04/12/2016,Feriado Municipal,MUNICIPAL,,MG,3128303
04/12/2016,Feriado Municipal,MUNICIPAL,,PB,2511806
04/12/2016,Feriado Municipal,MUNICIPAL,,PR,4100202
04/12/2016,Feriado Municipal,MUNICIPAL,,PR,4102901
04/12/2016,Feriado Municipal,MUNICIPAL,,PR,4107751
04/12/2016,Feriado Municipal,MUNICIPAL,,RS,4302709
04/12/2016,Feriado Municipal,MUNICIPAL,,RS,4305355
04/12/2016,Feriado Municipal,MUNICIPAL,,RS,4306908
04/12/2016,Feriado Municipal,MUNICIPAL,,RS,4312252
04/12/2016,Feriado Municipal,MUNICIPAL,,RS,4316709
04/12/2016,Feriado Municipal,MUNICIPAL,,SC,4201000
04/12/2016,Feriado Municipal,MUNICIPAL,,SC,4205456
04/12/2016,Feriado Municipal,MUNICIPAL,,SC,4217600
04/12/2016,Feriado Municipal,MUNICIPAL,,SP,3500550
04/12/2016,Feriado Municipal,MUNICIPAL,,SP,3512308
04/12/2016,Feriado Municipal,MUNICIPAL,,SP,3557204
04/12/2016,Santa Bárbara,MUNICIPAL,"Dia de Santa Bárbara, padroeira da cidade",BA,2927507
04/12/2016,Santa Bárbara,MUNICIPAL,"Dia de Santa Bárbara, padroeira do município",GO,5219100
04/12/2016,Santa Bárbara,MUNICIPAL,"Dia de Santa Bárbara, aniversário da cidade.",MG,3157203
04/12/2016,Santa Bárbara,MUNICIPAL,"Dia de Santa Bárbara, padroeira dos mineiros",SC,4204608
04/12/2016,Santa Bárbara,MUNICIPAL,"Dia de Santa Bárbara, padroeira da cidade",SP,3545803
05/12/2016,Aniversário da Cidade,MUNICIPAL,"Aniversário da Cidade de Taubaté, conforme Lei nº 4.562/11",SP,3554102
05/12/2016,Feriado Municipal,MUNICIPAL,,PB,2513109
05/12/2016,Feriado Municipal,MUNICIPAL,,PR,4121000
05/12/2016,Feriado Municipal,MUNICIPAL,,PR,4123303
05/12/2016,Feriado Municipal,MUNICIPAL,,RS,4313060
05/12/2016,Feriado Municipal,MUNICIPAL,,SP,3520202
05/12/2016,Feriado Municipal,MUNICIPAL,,SP,3551702
06/12/2016,Feriado Municipal,MUNICIPAL,,MA,2102200
06/12/2016,Feriado Municipal,MUNICIPAL,,PB,2512903
06/12/2016,Feriado Municipal,MUNICIPAL,Conforme lei nº 1797 de 11 de Novembro de 2013,RS,4308805
06/12/2016,Feriado Municipal,MUNICIPAL,,RS,4310603
06/12/2016,São Nicolau,MUNICIPAL,"Dia de São Nicolau, segundo a lei 07 de 22 de agosto de 1984",PR,4122503
06/12/2016,São Nicolau,MUNICIPAL,"Dia de São Nicolau, padroeiro da cidade",RS,4319208
07/12/2016,Feriado Municipal,MUNICIPAL,,AL,2704609
07/12/2016,Feriado Municipal,MUNICIPAL,,PR,4110508
07/12/2016,Feriado Municipal,MUNICIPAL,,RJ,3305406
07/12/2016,Feriado Municipal,MUNICIPAL,,SC,4200903
07/12/2016,Feriado Municipal,MUNICIPAL,,SC,4202107
07/12/2016,Feriado Municipal,MUNICIPAL,,SP,3531100
08/12/2016,Aniversário da Cidade,MUNICIPAL,Aniversário do Município. Lei Municipal nº 841 de 31 de agosto de 1967,SP,3508702
08/12/2016,Aniversário da cidade,MUNICIPAL,,SP,3529401
08/12/2016,"Aniversário da cidade e Dia da Imaculada Conceição, padroeira da cidade",MUNICIPAL,,SP,3513801
08/12/2016,Dia Imaculada Conceição,MUNICIPAL,,MG,3113404
08/12/2016,Dia da Imaculada Conceição,MUNICIPAL,Comemoração do Dia da Imaculada Conceição,PR,4127403
08/12/2016,Dia da Imaculada Conceição,MUNICIPAL,Dia da Imaculada Conceição,RS,4315503
08/12/2016,Dia da Imaculada Conceição,MUNICIPAL,"Consagrado à Padroeira de Santa Maria, Imaculada Conceição",RS,4316907
08/12/2016,Dia da Imaculada Conceição,MUNICIPAL,"Dia da Imaculada Conceição, padroeira do Município, segundo lei 830/2001",SC,4219309
08/12/2016,Dia da Padroeira,MUNICIPAL,Dia da Padroeira N. Sra. da Conceição (Lei nº 12/99),PB,2501906
08/12/2016,Dia da Padroeira,MUNICIPAL,Dia da Padroeira,RS,4300406
08/12/2016,Dia da Padroeira,MUNICIPAL,"Dia da Padroeira da Cidade, Nossa Senhora da Conceição",SP,3516200
08/12/2016,"Dia da Padroeira da cidade, Nossa Senhora da Conceição, segundo a Lei Municipal 168/2003",MUNICIPAL,,MA,2101251
08/12/2016,"Dia de Imaculada Conceição, Lei Municipal nº 501/1968",MUNICIPAL,,MG,3170701
08/12/2016,Dia de Nossa Senhora da Conceição,MUNICIPAL,conforme Lei Municipal nº 1997 de 21 de junho de 1967,BA,2927408
08/12/2016,Dia de Nossa Senhora da Conceição,MUNICIPAL,conforme Lei nº 2.847 de 22 de novembro de 1999,PI,2211001
08/12/2016,Feriado Municipal,MUNICIPAL,,AC,1200500
08/12/2016,Feriado Municipal,MUNICIPAL,,AL,2700102
08/12/2016,Feriado Municipal,MUNICIPAL,,AL,2700300
08/12/2016,Feriado Municipal,MUNICIPAL,,AL,2700409
08/12/2016,Feriado Municipal,MUNICIPAL,,AL,2700706
08/12/2016,Feriado Municipal,MUNICIPAL,,AL,2702306
08/12/2016,Feriado Municipal,MUNICIPAL,,AL,2702355
08/12/2016,Feriado Municipal,MUNICIPAL,,AL,2702355
08/12/2016,Feriado Municipal,MUNICIPAL,,AL,2702603
08/12/2016,Feriado Municipal,MUNICIPAL,,AL,2702900
08/12/2016,Feriado Municipal,MUNICIPAL,,AL,2704104
08/12/2016,Feriado Municipal,MUNICIPAL,,AL,2704203
08/12/2016,Feriado Municipal,MUNICIPAL,,AL,2704609
08/12/2016,Feriado Municipal,MUNICIPAL,,AL,2704807
08/12/2016,Feriado Municipal,MUNICIPAL,,AL,2705507
08/12/2016,Feriado Municipal,MUNICIPAL,,AL,2706000
08/12/2016,Feriado Municipal,MUNICIPAL,,AL,2706307
08/12/2016,Feriado Municipal,MUNICIPAL,,AL,2706406
08/12/2016,Feriado Municipal,MUNICIPAL,,AL,2706703
08/12/2016,Feriado Municipal,MUNICIPAL,,AL,2706802
08/12/2016,Feriado Municipal,MUNICIPAL,,AL,2706901
08/12/2016,Feriado Municipal,MUNICIPAL,,AL,2707206
08/12/2016,Feriado Municipal,MUNICIPAL,,AL,2707305
08/12/2016,Feriado Municipal,MUNICIPAL,,AL,2707701
08/12/2016,Feriado Municipal,MUNICIPAL,,AL,2708006
08/12/2016,Feriado Municipal,MUNICIPAL,,AL,2708303
08/12/2016,Feriado Municipal,MUNICIPAL,,AL,2708600
08/12/2016,Feriado Municipal,MUNICIPAL,,AL,2708808
08/12/2016,Feriado Municipal,MUNICIPAL,,AL,2709301
08/12/2016,Feriado Municipal,MUNICIPAL,,BA,2901601
08/12/2016,Feriado Municipal,MUNICIPAL,,BA,2901908
08/12/2016,Feriado Municipal,MUNICIPAL,,BA,2902104
08/12/2016,Feriado Municipal,MUNICIPAL,,BA,2902203
08/12/2016,Feriado Municipal,MUNICIPAL,,BA,2902658
08/12/2016,Feriado Municipal,MUNICIPAL,,BA,2903003
08/12/2016,Feriado Municipal,MUNICIPAL,,BA,2903607
08/12/2016,Feriado Municipal,MUNICIPAL,,BA,2904308
08/12/2016,Feriado Municipal,MUNICIPAL,,BA,2904902
08/12/2016,Feriado Municipal,MUNICIPAL,,BA,2905305
08/12/2016,Feriado Municipal,MUNICIPAL,,BA,2907301
08/12/2016,Feriado Municipal,MUNICIPAL,,BA,2908200
08/12/2016,Feriado Municipal,MUNICIPAL,,BA,2908309
08/12/2016,Feriado Municipal,MUNICIPAL,,BA,2908408
08/12/2016,Feriado Municipal,MUNICIPAL,,BA,2908507
08/12/2016,Feriado Municipal,MUNICIPAL,,BA,2910701
08/12/2016,Feriado Municipal,MUNICIPAL,,BA,2911253
08/12/2016,Feriado Municipal,MUNICIPAL,,BA,2911600
08/12/2016,Feriado Municipal,MUNICIPAL,,BA,2911808
08/12/2016,Feriado Municipal,MUNICIPAL,,BA,2913705
08/12/2016,Feriado Municipal,MUNICIPAL,,BA,2917003
08/12/2016,Feriado Municipal,MUNICIPAL,,BA,2917300
08/12/2016,Feriado Municipal,MUNICIPAL,,BA,2917508
08/12/2016,Feriado Municipal,MUNICIPAL,,BA,2918308
08/12/2016,Feriado Municipal,MUNICIPAL,,BA,2918803
08/12/2016,Feriado Municipal,MUNICIPAL,,BA,2919306
08/12/2016,Feriado Municipal,MUNICIPAL,,BA,2919405
08/12/2016,Feriado Municipal,MUNICIPAL,,BA,2919801
08/12/2016,Feriado Municipal,MUNICIPAL,,BA,2921104
08/12/2016,Feriado Municipal,MUNICIPAL,,BA,2921203
08/12/2016,Feriado Municipal,MUNICIPAL,,BA,2922102
08/12/2016,Feriado Municipal,MUNICIPAL,,BA,2922706
08/12/2016,Feriado Municipal,MUNICIPAL,,BA,2922904
08/12/2016,Feriado Municipal,MUNICIPAL,,BA,2923001
08/12/2016,Feriado Municipal,MUNICIPAL,,BA,2923100
08/12/2016,Feriado Municipal,MUNICIPAL,,BA,2923308
08/12/2016,Feriado Municipal,MUNICIPAL,,BA,2923704
08/12/2016,Feriado Municipal,MUNICIPAL,,BA,2924207
08/12/2016,Feriado Municipal,MUNICIPAL,,BA,2925600
08/12/2016,Feriado Municipal,MUNICIPAL,,BA,2926301
08/12/2016,Feriado Municipal,MUNICIPAL,,BA,2927309
08/12/2016,Feriado Municipal,MUNICIPAL,,BA,2927705
08/12/2016,Feriado Municipal,MUNICIPAL,,BA,2929602
08/12/2016,Feriado Municipal,MUNICIPAL,,BA,2929909
08/12/2016,Feriado Municipal,MUNICIPAL,,BA,2930709
08/12/2016,Feriado Municipal,MUNICIPAL,,BA,2930907
08/12/2016,Feriado Municipal,MUNICIPAL,,BA,2930907
08/12/2016,Feriado Municipal,MUNICIPAL,,BA,2932309
08/12/2016,Feriado Municipal,MUNICIPAL,,BA,2932309
08/12/2016,Feriado Municipal,MUNICIPAL,,BA,2932408
08/12/2016,Feriado Municipal,MUNICIPAL,,BA,2932408
08/12/2016,Feriado Municipal,MUNICIPAL,,BA,2932705
08/12/2016,Feriado Municipal,MUNICIPAL,,BA,2932705
08/12/2016,Feriado Municipal,MUNICIPAL,,BA,2933604
08/12/2016,Feriado Municipal,MUNICIPAL,,BA,2933604
08/12/2016,Feriado Municipal,MUNICIPAL,,CE,2300200
08/12/2016,Feriado Municipal,MUNICIPAL,,CE,2300200
08/12/2016,Feriado Municipal,MUNICIPAL,,CE,2300754
08/12/2016,Feriado Municipal,MUNICIPAL,,CE,2301208
08/12/2016,Feriado Municipal,MUNICIPAL,,CE,2301208
08/12/2016,Feriado Municipal,MUNICIPAL,,CE,2301901
08/12/2016,Feriado Municipal,MUNICIPAL,,CE,2302107
08/12/2016,Feriado Municipal,MUNICIPAL,,CE,2302107
08/12/2016,Feriado Municipal,MUNICIPAL,,CE,2302305
08/12/2016,Feriado Municipal,MUNICIPAL,,CE,2302503
08/12/2016,Feriado Municipal,MUNICIPAL,,CE,2302503
08/12/2016,Feriado Municipal,MUNICIPAL,,CE,2304301
08/12/2016,Feriado Municipal,MUNICIPAL,,CE,2304301
08/12/2016,Feriado Municipal,MUNICIPAL,,CE,2305209
08/12/2016,Feriado Municipal,MUNICIPAL,,CE,2305704
08/12/2016,Feriado Municipal,MUNICIPAL,,CE,2305704
08/12/2016,Feriado Municipal,MUNICIPAL,,CE,2305902
08/12/2016,Feriado Municipal,MUNICIPAL,,CE,2305902
08/12/2016,Feriado Municipal,MUNICIPAL,,CE,2306009
08/12/2016,Feriado Municipal,MUNICIPAL,,CE,2306009
08/12/2016,Feriado Municipal,MUNICIPAL,,CE,2306504
08/12/2016,Feriado Municipal,MUNICIPAL,,CE,2306702
08/12/2016,Feriado Municipal,MUNICIPAL,,CE,2307601
08/12/2016,Feriado Municipal,MUNICIPAL,,CE,2308104
08/12/2016,Feriado Municipal,MUNICIPAL,,CE,2308104
08/12/2016,Feriado Municipal,MUNICIPAL,,CE,2308203
08/12/2016,Feriado Municipal,MUNICIPAL,,CE,2308500
08/12/2016,Feriado Municipal,MUNICIPAL,,CE,2309607
08/12/2016,Feriado Municipal,MUNICIPAL,,CE,2312908
08/12/2016,Feriado Municipal,MUNICIPAL,,CE,2313559
08/12/2016,Feriado Municipal,MUNICIPAL,,CE,2313757
08/12/2016,Feriado Municipal,MUNICIPAL,,ES,3200300
08/12/2016,Feriado Municipal,MUNICIPAL,,ES,3200508
08/12/2016,Feriado Municipal,MUNICIPAL,,ES,3200706
08/12/2016,Feriado Municipal,MUNICIPAL,,ES,3201407
08/12/2016,Feriado Municipal,MUNICIPAL,,ES,3201605
08/12/2016,Feriado Municipal,MUNICIPAL,,ES,3201704
08/12/2016,Feriado Municipal,MUNICIPAL,,ES,3201704
08/12/2016,Feriado Municipal,MUNICIPAL,,ES,3202405
08/12/2016,Feriado Municipal,MUNICIPAL,,ES,3202603
08/12/2016,Feriado Municipal,MUNICIPAL,,ES,3203106
08/12/2016,Feriado Municipal,MUNICIPAL,,ES,3203205
08/12/2016,Feriado Municipal,MUNICIPAL,,ES,3203700
08/12/2016,Feriado Municipal,MUNICIPAL,,ES,3204203
08/12/2016,Feriado Municipal,MUNICIPAL,,ES,3204807
08/12/2016,Feriado Municipal,MUNICIPAL,,ES,3205036
08/12/2016,Feriado Municipal,MUNICIPAL,,ES,3205101
08/12/2016,Feriado Municipal,MUNICIPAL,,GO,5204904
08/12/2016,Feriado Municipal,MUNICIPAL,,GO,5205406
08/12/2016,Feriado Municipal,MUNICIPAL,,GO,5206404
08/12/2016,Feriado Municipal,MUNICIPAL,,GO,5208004
08/12/2016,Feriado Municipal,MUNICIPAL,,GO,5208509
08/12/2016,Feriado Municipal,MUNICIPAL,,GO,5208905
08/12/2016,Feriado Municipal,MUNICIPAL,,GO,5212709
08/12/2016,Feriado Municipal,MUNICIPAL,,GO,5215231
08/12/2016,Feriado Municipal,MUNICIPAL,,GO,5216304
08/12/2016,Feriado Municipal,MUNICIPAL,,GO,5219209
08/12/2016,Feriado Municipal,MUNICIPAL,,MA,2100303
08/12/2016,Feriado Municipal,MUNICIPAL,,MA,2100907
08/12/2016,Feriado Municipal,MUNICIPAL,,MA,2101509
08/12/2016,Feriado Municipal,MUNICIPAL,,MA,2101608
08/12/2016,Feriado Municipal,MUNICIPAL,,MA,2101707
08/12/2016,Feriado Municipal,MUNICIPAL,,MA,2102101
08/12/2016,Feriado Municipal,MUNICIPAL,,MA,2102705
08/12/2016,Feriado Municipal,MUNICIPAL,,MA,2102705
08/12/2016,Feriado Municipal,MUNICIPAL,,MA,2103000
08/12/2016,Feriado Municipal,MUNICIPAL,,MA,2103406
08/12/2016,Feriado Municipal,MUNICIPAL,,MA,2103505
08/12/2016,Feriado Municipal,MUNICIPAL,,MA,2103901
08/12/2016,Feriado Municipal,MUNICIPAL,,MA,2105005
08/12/2016,Feriado Municipal,MUNICIPAL,,MA,2105104
08/12/2016,Feriado Municipal,MUNICIPAL,,MA,2105203
08/12/2016,Feriado Municipal,MUNICIPAL,,MA,2106326
08/12/2016,Feriado Municipal,MUNICIPAL,,MA,2106607
08/12/2016,Feriado Municipal,MUNICIPAL,,MA,2106755
08/12/2016,Feriado Municipal,MUNICIPAL,,MA,2107803
08/12/2016,Feriado Municipal,MUNICIPAL,,MA,2108108
08/12/2016,Feriado Municipal,MUNICIPAL,,MA,2109007
08/12/2016,Feriado Municipal,MUNICIPAL,,MA,2109601
08/12/2016,Feriado Municipal,MUNICIPAL,,MA,2111706
08/12/2016,Feriado Municipal,MUNICIPAL,,MA,2111805
08/12/2016,Feriado Municipal,MUNICIPAL,,MA,2112001
08/12/2016,Feriado Municipal,MUNICIPAL,,MA,2112209
08/12/2016,Feriado Municipal,MUNICIPAL,,MA,2112209
08/12/2016,Feriado Municipal,MUNICIPAL,,MA,2112506
08/12/2016,Feriado Municipal,MUNICIPAL,,MA,2112803
08/12/2016,Feriado Municipal,MUNICIPAL,,MG,3101201
08/12/2016,Feriado Municipal,MUNICIPAL,,MG,3101607
08/12/2016,Feriado Municipal,MUNICIPAL,,MG,3102100
08/12/2016,Feriado Municipal,MUNICIPAL,,MG,3102704
08/12/2016,Feriado Municipal,MUNICIPAL,,MG,3103207
08/12/2016,Feriado Municipal,MUNICIPAL,,MG,3103900
08/12/2016,Feriado Municipal,MUNICIPAL,,MG,3104205
08/12/2016,Feriado Municipal,MUNICIPAL,,MG,3104502
08/12/2016,Feriado Municipal,MUNICIPAL,,MG,3104601
08/12/2016,Feriado Municipal,MUNICIPAL,,MG,3104908
08/12/2016,Feriado Municipal,MUNICIPAL,,MG,3105103
08/12/2016,Feriado Municipal,MUNICIPAL,,MG,3105509
08/12/2016,Feriado Municipal,MUNICIPAL,,MG,3105608
08/12/2016,Feriado Municipal,MUNICIPAL,,MG,3105905
08/12/2016,Feriado Municipal,MUNICIPAL,,MG,3106002
08/12/2016,Feriado Municipal,MUNICIPAL,,MG,3106408
08/12/2016,Feriado Municipal,MUNICIPAL,,MG,3106507
08/12/2016,Feriado Municipal,MUNICIPAL,,MG,3107802
08/12/2016,Feriado Municipal,MUNICIPAL,,MG,3107901
08/12/2016,Feriado Municipal,MUNICIPAL,,MG,3108008
08/12/2016,Feriado Municipal,MUNICIPAL,,MG,3108305
08/12/2016,Feriado Municipal,MUNICIPAL,,MG,3108404
08/12/2016,Feriado Municipal,MUNICIPAL,,MG,3108602
08/12/2016,Feriado Municipal,MUNICIPAL,,MG,3108909
08/12/2016,Feriado Municipal,MUNICIPAL,,MG,3109204
08/12/2016,Feriado Municipal,MUNICIPAL,,MG,3109501
08/12/2016,Feriado Municipal,MUNICIPAL,,MG,3109907
08/12/2016,Feriado Municipal,MUNICIPAL,,MG,3109907
08/12/2016,Feriado Municipal,MUNICIPAL,,MG,3110004
08/12/2016,Feriado Municipal,MUNICIPAL,,MG,3110509
08/12/2016,Feriado Municipal,MUNICIPAL,,MG,3110509
08/12/2016,Feriado Municipal,MUNICIPAL,,MG,3112208
08/12/2016,Feriado Municipal,MUNICIPAL,,MG,3112307
08/12/2016,Feriado Municipal,MUNICIPAL,,MG,3112406
08/12/2016,Feriado Municipal,MUNICIPAL,,MG,3112703
08/12/2016,Feriado Municipal,MUNICIPAL,,MG,3112703
08/12/2016,Feriado Municipal,MUNICIPAL,,MG,3117603
08/12/2016,Feriado Municipal,MUNICIPAL,,MG,3117702
08/12/2016,Feriado Municipal,MUNICIPAL,,MG,3117801
08/12/2016,Feriado Municipal,MUNICIPAL,,MG,3118007
08/12/2016,Feriado Municipal,MUNICIPAL,,MG,3118304
08/12/2016,Feriado Municipal,MUNICIPAL,,MG,3118700
08/12/2016,Feriado Municipal,MUNICIPAL,,MG,3119104
08/12/2016,Feriado Municipal,MUNICIPAL,,MG,3119807
08/12/2016,Feriado Municipal,MUNICIPAL,,MG,3119807
08/12/2016,Feriado Municipal,MUNICIPAL,,MG,3120102
08/12/2016,Feriado Municipal,MUNICIPAL,,MG,3120102
08/12/2016,Feriado Municipal,MUNICIPAL,,MG,3120409
08/12/2016,Feriado Municipal,MUNICIPAL,,MG,3120607
08/12/2016,Feriado Municipal,MUNICIPAL,,MG,3120904
08/12/2016,Feriado Municipal,MUNICIPAL,,MG,3120904
08/12/2016,Feriado Municipal,MUNICIPAL,,MG,3121001
08/12/2016,Feriado Municipal,MUNICIPAL,,MG,3121506
08/12/2016,Feriado Municipal,MUNICIPAL,,MG,3121605
08/12/2016,Feriado Municipal,MUNICIPAL,,MG,3122009
08/12/2016,Feriado Municipal,MUNICIPAL,,MG,3122207
08/12/2016,Feriado Municipal,MUNICIPAL,,MG,3122306
08/12/2016,Feriado Municipal,MUNICIPAL,,MG,3122405
08/12/2016,Feriado Municipal,MUNICIPAL,,MG,3123007
08/12/2016,Feriado Municipal,MUNICIPAL,,MG,3123601
08/12/2016,Feriado Municipal,MUNICIPAL,,MG,3123858
08/12/2016,Feriado Municipal,MUNICIPAL,,MG,3123908
08/12/2016,Feriado Municipal,MUNICIPAL,,MG,3124302
08/12/2016,Feriado Municipal,MUNICIPAL,,MG,3124500
08/12/2016,Feriado Municipal,MUNICIPAL,,MG,3124500
08/12/2016,Feriado Municipal,MUNICIPAL,,MG,3124609
08/12/2016,Feriado Municipal,MUNICIPAL,,MG,3124807
08/12/2016,Feriado Municipal,MUNICIPAL,,MG,3125200
08/12/2016,Feriado Municipal,MUNICIPAL,,MG,3125507
08/12/2016,Feriado Municipal,MUNICIPAL,,MG,3125705
08/12/2016,Feriado Municipal,MUNICIPAL,,MG,3125705
08/12/2016,Feriado Municipal,MUNICIPAL,,MG,3125903
08/12/2016,Feriado Municipal,MUNICIPAL,,MG,3126000
08/12/2016,Feriado Municipal,MUNICIPAL,,MG,3126307
08/12/2016,Feriado Municipal,MUNICIPAL,,MG,3126406
08/12/2016,Feriado Municipal,MUNICIPAL,,MG,3126505
08/12/2016,Feriado Municipal,MUNICIPAL,,MG,3126604
08/12/2016,Feriado Municipal,MUNICIPAL,,MG,3127206
08/12/2016,Feriado Municipal,MUNICIPAL,,MG,3127206
08/12/2016,Feriado Municipal,MUNICIPAL,,MG,3128105
08/12/2016,Feriado Municipal,MUNICIPAL,,MG,3128105
08/12/2016,Feriado Municipal,MUNICIPAL,,MG,3128204
08/12/2016,Feriado Municipal,MUNICIPAL,,MG,3130309
08/12/2016,Feriado Municipal,MUNICIPAL,,MG,3130507
08/12/2016,Feriado Municipal,MUNICIPAL,,MG,3131000
08/12/2016,Feriado Municipal,MUNICIPAL,,MG,3131109
08/12/2016,Feriado Municipal,MUNICIPAL,,MG,3131208
08/12/2016,Feriado Municipal,MUNICIPAL,,MG,3131802
08/12/2016,Feriado Municipal,MUNICIPAL,,MG,3131901
08/12/2016,Feriado Municipal,MUNICIPAL,,MG,3132107
08/12/2016,Feriado Municipal,MUNICIPAL,,MG,3132305
08/12/2016,Feriado Municipal,MUNICIPAL,,MG,3132305
08/12/2016,Feriado Municipal,MUNICIPAL,,MG,3133105
08/12/2016,Feriado Municipal,MUNICIPAL,,MG,3133105
08/12/2016,Feriado Municipal,MUNICIPAL,,MG,3134103
08/12/2016,Feriado Municipal,MUNICIPAL,,MG,3134608
08/12/2016,Feriado Municipal,MUNICIPAL,,MG,3134806
08/12/2016,Feriado Municipal,MUNICIPAL,,MG,3135407
08/12/2016,Feriado Municipal,MUNICIPAL,,MG,3135506
08/12/2016,Feriado Municipal,MUNICIPAL,,MG,3135605
08/12/2016,Feriado Municipal,MUNICIPAL,,MG,3135902
08/12/2016,Feriado Municipal,MUNICIPAL,,MG,3136207
08/12/2016,Feriado Municipal,MUNICIPAL,,MG,3137403
08/12/2016,Feriado Municipal,MUNICIPAL,,MG,3137601
08/12/2016,Feriado Municipal,MUNICIPAL,,MG,3138104
08/12/2016,Feriado Municipal,MUNICIPAL,,MG,3138807
08/12/2016,Feriado Municipal,MUNICIPAL,,MG,3139607
08/12/2016,Feriado Municipal,MUNICIPAL,,MG,3140506
08/12/2016,Feriado Municipal,MUNICIPAL,,MG,3140704
08/12/2016,Feriado Municipal,MUNICIPAL,,MG,3140803
08/12/2016,Feriado Municipal,MUNICIPAL,,MG,3141603
08/12/2016,Feriado Municipal,MUNICIPAL,,MG,3142007
08/12/2016,Feriado Municipal,MUNICIPAL,,MG,3142007
08/12/2016,Feriado Municipal,MUNICIPAL,,MG,3142304
08/12/2016,Feriado Municipal,MUNICIPAL,,MG,3142403
08/12/2016,Feriado Municipal,MUNICIPAL,,MG,3145802
08/12/2016,Feriado Municipal,MUNICIPAL,,MG,3146107
08/12/2016,Feriado Municipal,MUNICIPAL,,MG,3146503
08/12/2016,Feriado Municipal,MUNICIPAL,,MG,3146701
08/12/2016,Feriado Municipal,MUNICIPAL,,MG,3147006
08/12/2016,Feriado Municipal,MUNICIPAL,,MG,3147105
08/12/2016,Feriado Municipal,MUNICIPAL,,MG,3147709
08/12/2016,Feriado Municipal,MUNICIPAL,,MG,3148707
08/12/2016,Feriado Municipal,MUNICIPAL,,MG,3148905
08/12/2016,Feriado Municipal,MUNICIPAL,,MG,3149101
08/12/2016,Feriado Municipal,MUNICIPAL,,MG,3149309
08/12/2016,Feriado Municipal,MUNICIPAL,,MG,3149606
08/12/2016,Feriado Municipal,MUNICIPAL,,MG,3149705
08/12/2016,Feriado Municipal,MUNICIPAL,,MG,3149705
08/12/2016,Feriado Municipal,MUNICIPAL,,MG,3150307
08/12/2016,Feriado Municipal,MUNICIPAL,,MG,3150505
08/12/2016,Feriado Municipal,MUNICIPAL,,MG,3150802
08/12/2016,Feriado Municipal,MUNICIPAL,,MG,3151404
08/12/2016,Feriado Municipal,MUNICIPAL,,MG,3151503
08/12/2016,Feriado Municipal,MUNICIPAL,,MG,3151909
08/12/2016,Feriado Municipal,MUNICIPAL,,MG,3152006
08/12/2016,Feriado Municipal,MUNICIPAL,,MG,3152600
08/12/2016,Feriado Municipal,MUNICIPAL,,MG,3152907
08/12/2016,Feriado Municipal,MUNICIPAL,,MG,3153509
08/12/2016,Feriado Municipal,MUNICIPAL,,MG,3153905
08/12/2016,Feriado Municipal,MUNICIPAL,,MG,3154002
08/12/2016,Feriado Municipal,MUNICIPAL,,MG,3154101
08/12/2016,Feriado Municipal,MUNICIPAL,,MG,3154309
08/12/2016,Feriado Municipal,MUNICIPAL,,MG,3154309
08/12/2016,Feriado Municipal,MUNICIPAL,,MG,3154705
08/12/2016,Feriado Municipal,MUNICIPAL,,MG,3154903
08/12/2016,Feriado Municipal,MUNICIPAL,,MG,3155405
08/12/2016,Feriado Municipal,MUNICIPAL,,MG,3155603
08/12/2016,Feriado Municipal,MUNICIPAL,,MG,3155702
08/12/2016,Feriado Municipal,MUNICIPAL,,MG,3156007
08/12/2016,Feriado Municipal,MUNICIPAL,,MG,3156700
08/12/2016,Feriado Municipal,MUNICIPAL,,MG,3156908
08/12/2016,Feriado Municipal,MUNICIPAL,,MG,3157708
08/12/2016,Feriado Municipal,MUNICIPAL,,MG,3158300
08/12/2016,Feriado Municipal,MUNICIPAL,,MG,3158300
08/12/2016,Feriado Municipal,MUNICIPAL,,MG,3158508
08/12/2016,Feriado Municipal,MUNICIPAL,,MG,3158508
08/12/2016,Feriado Municipal,MUNICIPAL,,MG,3158805
08/12/2016,Feriado Municipal,MUNICIPAL,,MG,3158805
08/12/2016,Feriado Municipal,MUNICIPAL,,MG,3159803
08/12/2016,Feriado Municipal,MUNICIPAL,,MG,3159803
08/12/2016,Feriado Municipal,MUNICIPAL,,MG,3159902
08/12/2016,Feriado Municipal,MUNICIPAL,,MG,3159902
08/12/2016,Feriado Municipal,MUNICIPAL,,MG,3160405
08/12/2016,Feriado Municipal,MUNICIPAL,,MG,3160405
08/12/2016,Feriado Municipal,MUNICIPAL,,MG,3161106
08/12/2016,Feriado Municipal,MUNICIPAL,,MG,3161700
08/12/2016,Feriado Municipal,MUNICIPAL,,MG,3161908
08/12/2016,Feriado Municipal,MUNICIPAL,,MG,3162203
08/12/2016,Feriado Municipal,MUNICIPAL,,MG,3162500
08/12/2016,Feriado Municipal,MUNICIPAL,,MG,3162922
08/12/2016,Feriado Municipal,MUNICIPAL,,MG,3163102
08/12/2016,Feriado Municipal,MUNICIPAL,,MG,3163805
08/12/2016,Feriado Municipal,MUNICIPAL,,MG,3163805
08/12/2016,Feriado Municipal,MUNICIPAL,,MG,3164209
08/12/2016,Feriado Municipal,MUNICIPAL,,MG,3164308
08/12/2016,Feriado Municipal,MUNICIPAL,,MG,3165008
08/12/2016,Feriado Municipal,MUNICIPAL,,MG,3165107
08/12/2016,Feriado Municipal,MUNICIPAL,,MG,3165305
08/12/2016,Feriado Municipal,MUNICIPAL,,MG,3165701
08/12/2016,Feriado Municipal,MUNICIPAL,,MG,3165909
08/12/2016,Feriado Municipal,MUNICIPAL,,MG,3166006
08/12/2016,Feriado Municipal,MUNICIPAL,,MG,3166501
08/12/2016,Feriado Municipal,MUNICIPAL,,MG,3166907
08/12/2016,Feriado Municipal,MUNICIPAL,,MG,3167103
08/12/2016,Feriado Municipal,MUNICIPAL,,MG,3167202
08/12/2016,Feriado Municipal,MUNICIPAL,,MG,3167707
08/12/2016,Feriado Municipal,MUNICIPAL,,MG,3167905
08/12/2016,Feriado Municipal,MUNICIPAL,,MG,3168606
08/12/2016,Feriado Municipal,MUNICIPAL,,MG,3170800
08/12/2016,Feriado Municipal,MUNICIPAL,,MG,3171709
08/12/2016,Feriado Municipal,MUNICIPAL,,MS,5001102
08/12/2016,Feriado Municipal,MUNICIPAL,,MS,5002100
08/12/2016,Feriado Municipal,MUNICIPAL,,MS,5003157
08/12/2016,Feriado Municipal,MUNICIPAL,,MS,5003702
08/12/2016,Feriado Municipal,MUNICIPAL,,MS,5004304
08/12/2016,Feriado Municipal,MUNICIPAL,,MS,5005608
08/12/2016,Feriado Municipal,MUNICIPAL,,MS,5006358
08/12/2016,Feriado Municipal,MUNICIPAL,,MS,5006903
08/12/2016,Feriado Municipal,MUNICIPAL,,MS,5007109
08/12/2016,Feriado Municipal,MUNICIPAL,,MS,5007703
08/12/2016,Feriado Municipal,MUNICIPAL,,MS,5007950
08/12/2016,Feriado Municipal,MUNICIPAL,,MS,5007950
08/12/2016,Feriado Municipal,MUNICIPAL,,MS,5008404
08/12/2016,Feriado Municipal,MUNICIPAL,,MT,5103502
08/12/2016,Feriado Municipal,MUNICIPAL,,MT,5105580
08/12/2016,Feriado Municipal,MUNICIPAL,,PB,2500403
08/12/2016,Feriado Municipal,MUNICIPAL,,PB,2500809
08/12/2016,Feriado Municipal,MUNICIPAL,,PB,2501005
08/12/2016,Feriado Municipal,MUNICIPAL,,PB,2501104
08/12/2016,Feriado Municipal,MUNICIPAL,,PB,2501104
08/12/2016,Feriado Municipal,MUNICIPAL,,PB,2501302
08/12/2016,Feriado Municipal,MUNICIPAL,,PB,2501302
08/12/2016,Feriado Municipal,MUNICIPAL,,PB,2501609
08/12/2016,Feriado Municipal,MUNICIPAL,,PB,2503605
08/12/2016,Feriado Municipal,MUNICIPAL,,PB,2506905
08/12/2016,Feriado Municipal,MUNICIPAL,,PB,2507002
08/12/2016,Feriado Municipal,MUNICIPAL,,PB,2509800
08/12/2016,Feriado Municipal,MUNICIPAL,,PB,2509800
08/12/2016,Feriado Municipal,MUNICIPAL,,PB,2510808
08/12/2016,Feriado Municipal,MUNICIPAL,,PB,2510808
08/12/2016,Feriado Municipal,MUNICIPAL,,PB,2511202
08/12/2016,Feriado Municipal,MUNICIPAL,,PB,2511202
08/12/2016,Feriado Municipal,MUNICIPAL,,PB,2512002
08/12/2016,Feriado Municipal,MUNICIPAL,,PB,2512002
08/12/2016,Feriado Municipal,MUNICIPAL,,PB,2512309
08/12/2016,Feriado Municipal,MUNICIPAL,,PB,2512309
08/12/2016,Feriado Municipal,MUNICIPAL,,PB,2512705
08/12/2016,Feriado Municipal,MUNICIPAL,,PB,2513109
08/12/2016,Feriado Municipal,MUNICIPAL,,PB,2513109
08/12/2016,Feriado Municipal,MUNICIPAL,,PB,2513703
08/12/2016,Feriado Municipal,MUNICIPAL,,PB,2515500
08/12/2016,Feriado Municipal,MUNICIPAL,,PB,2516300
08/12/2016,Feriado Municipal,MUNICIPAL,,PB,2516508
08/12/2016,Feriado Municipal,MUNICIPAL,,PB,2516904
08/12/2016,Feriado Municipal,MUNICIPAL,,PE,2600104
08/12/2016,Feriado Municipal,MUNICIPAL,,PE,2600500
08/12/2016,Feriado Municipal,MUNICIPAL,,PE,2600609
08/12/2016,Feriado Municipal,MUNICIPAL,,PE,2600807
08/12/2016,Feriado Municipal,MUNICIPAL,,PE,2600807
08/12/2016,Feriado Municipal,MUNICIPAL,,PE,2601003
08/12/2016,Feriado Municipal,MUNICIPAL,,PE,2601003
08/12/2016,Feriado Municipal,MUNICIPAL,,PE,2601102
08/12/2016,Feriado Municipal,MUNICIPAL,,PE,2601102
08/12/2016,Feriado Municipal,MUNICIPAL,,PE,2601607
08/12/2016,Feriado Municipal,MUNICIPAL,,PE,2601607
08/12/2016,Feriado Municipal,MUNICIPAL,,PE,2601706
08/12/2016,Feriado Municipal,MUNICIPAL,,PE,2601904
08/12/2016,Feriado Municipal,MUNICIPAL,,PE,2602308
08/12/2016,Feriado Municipal,MUNICIPAL,,PE,2602407
08/12/2016,Feriado Municipal,MUNICIPAL,,PE,2603009
08/12/2016,Feriado Municipal,MUNICIPAL,,PE,2603454
08/12/2016,Feriado Municipal,MUNICIPAL,,PE,2603702
08/12/2016,Feriado Municipal,MUNICIPAL,,PE,2604700
08/12/2016,Feriado Municipal,MUNICIPAL,,PE,2605202
08/12/2016,Feriado Municipal,MUNICIPAL,,PE,2606101
08/12/2016,Feriado Municipal,MUNICIPAL,,PE,2606200
08/12/2016,Feriado Municipal,MUNICIPAL,,PE,2607505
08/12/2016,Feriado Municipal,MUNICIPAL,,PE,2607653
08/12/2016,Feriado Municipal,MUNICIPAL,,PE,2607752
08/12/2016,Feriado Municipal,MUNICIPAL,,PE,2608107
08/12/2016,Feriado Municipal,MUNICIPAL,,PE,2608404
08/12/2016,Feriado Municipal,MUNICIPAL,,PE,2608701
08/12/2016,Feriado Municipal,MUNICIPAL,,PE,2609105
08/12/2016,Feriado Municipal,MUNICIPAL,,PE,2609402
08/12/2016,Feriado Municipal,MUNICIPAL,,PE,2609501
08/12/2016,Feriado Municipal,MUNICIPAL,,PE,2609709
08/12/2016,Feriado Municipal,MUNICIPAL,,PE,2610004
08/12/2016,Feriado Municipal,MUNICIPAL,,PE,2610103
08/12/2016,Feriado Municipal,MUNICIPAL,,PE,2610509
08/12/2016,Feriado Municipal,MUNICIPAL,,PE,2610806
08/12/2016,Feriado Municipal,MUNICIPAL,,PE,2610905
08/12/2016,Feriado Municipal,MUNICIPAL,,PE,2611507
08/12/2016,Feriado Municipal,MUNICIPAL,,PE,2611705
08/12/2016,Feriado Municipal,MUNICIPAL,,PE,2612604
08/12/2016,Feriado Municipal,MUNICIPAL,,PE,2613701
08/12/2016,Feriado Municipal,MUNICIPAL,,PE,2613800
08/12/2016,Feriado Municipal,MUNICIPAL,,PE,2614006
08/12/2016,Feriado Municipal,MUNICIPAL,,PE,2614105
08/12/2016,Feriado Municipal,MUNICIPAL,,PE,2614204
08/12/2016,Feriado Municipal,MUNICIPAL,,PE,2614204
08/12/2016,Feriado Municipal,MUNICIPAL,,PE,2615300
08/12/2016,Feriado Municipal,MUNICIPAL,,PE,2615409
08/12/2016,Feriado Municipal,MUNICIPAL,,PE,2615409
08/12/2016,Feriado Municipal,MUNICIPAL,,PE,2616209
08/12/2016,Feriado Municipal,MUNICIPAL,,PI,2200400
08/12/2016,Feriado Municipal,MUNICIPAL,,PI,2200608
08/12/2016,Feriado Municipal,MUNICIPAL,,PI,2201200
08/12/2016,Feriado Municipal,MUNICIPAL,,PI,2202000
08/12/2016,Feriado Municipal,MUNICIPAL,,PI,2202901
08/12/2016,Feriado Municipal,MUNICIPAL,,PI,2202901
08/12/2016,Feriado Municipal,MUNICIPAL,,PI,2203420
08/12/2016,Feriado Municipal,MUNICIPAL,,PI,2203420
08/12/2016,Feriado Municipal,MUNICIPAL,,PI,2203701
08/12/2016,Feriado Municipal,MUNICIPAL,,PI,2203701
08/12/2016,Feriado Municipal,MUNICIPAL,,PI,2205508
08/12/2016,Feriado Municipal,MUNICIPAL,,PI,2205706
08/12/2016,Feriado Municipal,MUNICIPAL,,PI,2207009
08/12/2016,Feriado Municipal,MUNICIPAL,,PI,2207900
08/12/2016,Feriado Municipal,MUNICIPAL,,PI,2208809
08/12/2016,Feriado Municipal,MUNICIPAL,,PI,2210508
08/12/2016,Feriado Municipal,MUNICIPAL,,PR,4100103
08/12/2016,Feriado Municipal,MUNICIPAL,,PR,4100301
08/12/2016,Feriado Municipal,MUNICIPAL,,PR,4102208
08/12/2016,Feriado Municipal,MUNICIPAL,,PR,4102406
08/12/2016,Feriado Municipal,MUNICIPAL,,PR,4103305
08/12/2016,Feriado Municipal,MUNICIPAL,,PR,4104451
08/12/2016,Feriado Municipal,MUNICIPAL,,PR,4104659
08/12/2016,Feriado Municipal,MUNICIPAL,,PR,4105300
08/12/2016,Feriado Municipal,MUNICIPAL,,PR,4106308
08/12/2016,Feriado Municipal,MUNICIPAL,,PR,4106605
08/12/2016,Feriado Municipal,MUNICIPAL,,PR,4107801
08/12/2016,Feriado Municipal,MUNICIPAL,,PR,4108205
08/12/2016,Feriado Municipal,MUNICIPAL,,PR,4110078
08/12/2016,Feriado Municipal,MUNICIPAL,,PR,4110508
08/12/2016,Feriado Municipal,MUNICIPAL,,PR,4112702
08/12/2016,Feriado Municipal,MUNICIPAL,,PR,4113007
08/12/2016,Feriado Municipal,MUNICIPAL,,PR,4113106
08/12/2016,Feriado Municipal,MUNICIPAL,,PR,4114005
08/12/2016,Feriado Municipal,MUNICIPAL,,PR,4114401
08/12/2016,Feriado Municipal,MUNICIPAL,,PR,4115002
08/12/2016,Feriado Municipal,MUNICIPAL,,PR,4115754
08/12/2016,Feriado Municipal,MUNICIPAL,,PR,4116604
08/12/2016,Feriado Municipal,MUNICIPAL,,PR,4117206
08/12/2016,Feriado Municipal,MUNICIPAL,,PR,4117271
08/12/2016,Feriado Municipal,MUNICIPAL,,PR,4117271
08/12/2016,Feriado Municipal,MUNICIPAL,,PR,4117701
08/12/2016,Feriado Municipal,MUNICIPAL,,PR,4117800
08/12/2016,Feriado Municipal,MUNICIPAL,,PR,4118600
08/12/2016,Feriado Municipal,MUNICIPAL,,PR,4119202
08/12/2016,Feriado Municipal,MUNICIPAL,,PR,4120309
08/12/2016,Feriado Municipal,MUNICIPAL,,PR,4120705
08/12/2016,Feriado Municipal,MUNICIPAL,,PR,4121208
08/12/2016,Feriado Municipal,MUNICIPAL,,PR,4121208
08/12/2016,Feriado Municipal,MUNICIPAL,,PR,4121505
08/12/2016,Feriado Municipal,MUNICIPAL,,PR,4122008
08/12/2016,Feriado Municipal,MUNICIPAL,,PR,4122008
08/12/2016,Feriado Municipal,MUNICIPAL,,PR,4122107
08/12/2016,Feriado Municipal,MUNICIPAL,,PR,4122107
08/12/2016,Feriado Municipal,MUNICIPAL,,PR,4122172
08/12/2016,Feriado Municipal,MUNICIPAL,,PR,4122172
08/12/2016,Feriado Municipal,MUNICIPAL,,PR,4123105
08/12/2016,Feriado Municipal,MUNICIPAL,,PR,4123857
08/12/2016,Feriado Municipal,MUNICIPAL,,PR,4123907
08/12/2016,Feriado Municipal,MUNICIPAL,,PR,4123907
08/12/2016,Feriado Municipal,MUNICIPAL,,PR,4124806
08/12/2016,Feriado Municipal,MUNICIPAL,,PR,4125100
08/12/2016,Feriado Municipal,MUNICIPAL,,PR,4125357
08/12/2016,Feriado Municipal,MUNICIPAL,,PR,4126306
08/12/2016,Feriado Municipal,MUNICIPAL,,PR,4126702
08/12/2016,Feriado Municipal,MUNICIPAL,,PR,4127007
08/12/2016,Feriado Municipal,MUNICIPAL,,PR,4127809
08/12/2016,Feriado Municipal,MUNICIPAL,,PR,4128302
08/12/2016,Feriado Municipal,MUNICIPAL,,RJ,3300100
08/12/2016,Feriado Municipal,MUNICIPAL,,RJ,3300456
08/12/2016,Feriado Municipal,MUNICIPAL,,RJ,3300605
08/12/2016,Feriado Municipal,MUNICIPAL,,RJ,3300803
08/12/2016,Feriado Municipal,MUNICIPAL,,RJ,3300902
08/12/2016,Feriado Municipal,MUNICIPAL,,RJ,3301157
08/12/2016,Feriado Municipal,MUNICIPAL,,RJ,3301405
08/12/2016,Feriado Municipal,MUNICIPAL,,RJ,3301603
08/12/2016,Feriado Municipal,MUNICIPAL,,RJ,3301876
08/12/2016,Feriado Municipal,MUNICIPAL,,RJ,3304144
08/12/2016,Feriado Municipal,MUNICIPAL,,RJ,3304300
08/12/2016,Feriado Municipal,MUNICIPAL,,RJ,3304524
08/12/2016,Feriado Municipal,MUNICIPAL,,RJ,3304706
08/12/2016,Feriado Municipal,MUNICIPAL,,RJ,3304755
08/12/2016,Feriado Municipal,MUNICIPAL,,RJ,3304805
08/12/2016,Feriado Municipal,MUNICIPAL,,RJ,3305000
08/12/2016,Feriado Municipal,MUNICIPAL,,RJ,3305703
08/12/2016,Feriado Municipal,MUNICIPAL,,RJ,3306156
08/12/2016,Feriado Municipal,MUNICIPAL,,RJ,3306206
08/12/2016,Feriado Municipal,MUNICIPAL,,RN,2400505
08/12/2016,Feriado Municipal,MUNICIPAL,,RN,2401008
08/12/2016,Feriado Municipal,MUNICIPAL,,RN,2401107
08/12/2016,Feriado Municipal,MUNICIPAL,,RN,2402600
08/12/2016,Feriado Municipal,MUNICIPAL,,RN,2403103
08/12/2016,Feriado Municipal,MUNICIPAL,,RN,2404507
08/12/2016,Feriado Municipal,MUNICIPAL,,RN,2405702
08/12/2016,Feriado Municipal,MUNICIPAL,,RN,2405801
08/12/2016,Feriado Municipal,MUNICIPAL,,RN,2406700
08/12/2016,Feriado Municipal,MUNICIPAL,,RN,2406700
08/12/2016,Feriado Municipal,MUNICIPAL,,RN,2407104
08/12/2016,Feriado Municipal,MUNICIPAL,,RN,2407203
08/12/2016,Feriado Municipal,MUNICIPAL,,RN,2408300
08/12/2016,Feriado Municipal,MUNICIPAL,,RN,2409407
08/12/2016,Feriado Municipal,MUNICIPAL,,RN,2409407
08/12/2016,Feriado Municipal,MUNICIPAL,,RN,2411502
08/12/2016,Feriado Municipal,MUNICIPAL,,RN,2412906
08/12/2016,Feriado Municipal,MUNICIPAL,,RN,2412906
08/12/2016,Feriado Municipal,MUNICIPAL,,RO,1100106
08/12/2016,Feriado Municipal,MUNICIPAL,,RS,4300059
08/12/2016,Feriado Municipal,MUNICIPAL,,RS,4300208
08/12/2016,Feriado Municipal,MUNICIPAL,,RS,4300307
08/12/2016,Feriado Municipal,MUNICIPAL,,RS,4301305
08/12/2016,Feriado Municipal,MUNICIPAL,,RS,4302006
08/12/2016,Feriado Municipal,MUNICIPAL,,RS,4302451
08/12/2016,Feriado Municipal,MUNICIPAL,,RS,4302600
08/12/2016,Feriado Municipal,MUNICIPAL,,RS,4302907
08/12/2016,Feriado Municipal,MUNICIPAL,,RS,4303004
08/12/2016,Feriado Municipal,MUNICIPAL,,RS,4303608
08/12/2016,Feriado Municipal,MUNICIPAL,,RS,4303707
08/12/2016,Feriado Municipal,MUNICIPAL,,RS,4304002
08/12/2016,Feriado Municipal,MUNICIPAL,,RS,4304309
08/12/2016,Feriado Municipal,MUNICIPAL,,RS,4304309
08/12/2016,Feriado Municipal,MUNICIPAL,,RS,4304358
08/12/2016,Feriado Municipal,MUNICIPAL,,RS,4304358
08/12/2016,Feriado Municipal,MUNICIPAL,,RS,4304507
08/12/2016,Feriado Municipal,MUNICIPAL,,RS,4304689
08/12/2016,Feriado Municipal,MUNICIPAL,,RS,4305504
08/12/2016,Feriado Municipal,MUNICIPAL,,RS,4306072
08/12/2016,Feriado Municipal,MUNICIPAL,,RS,4306304
08/12/2016,Feriado Municipal,MUNICIPAL,,RS,4306452
08/12/2016,Feriado Municipal,MUNICIPAL,,RS,4306734
08/12/2016,Feriado Municipal,MUNICIPAL,,RS,4306957
08/12/2016,Feriado Municipal,MUNICIPAL,,RS,4307500
08/12/2016,Feriado Municipal,MUNICIPAL,,RS,4307864
08/12/2016,Feriado Municipal,MUNICIPAL,,RS,4307864
08/12/2016,Feriado Municipal,MUNICIPAL,,RS,4308904
08/12/2016,Feriado Municipal,MUNICIPAL,,RS,4309902
08/12/2016,Feriado Municipal,MUNICIPAL,,RS,4310439
08/12/2016,Feriado Municipal,MUNICIPAL,,RS,4310751
08/12/2016,Feriado Municipal,MUNICIPAL,,RS,4311106
08/12/2016,Feriado Municipal,MUNICIPAL,,RS,4311700
08/12/2016,Feriado Municipal,MUNICIPAL,,RS,4311700
08/12/2016,Feriado Municipal,MUNICIPAL,,RS,4312203
08/12/2016,Feriado Municipal,MUNICIPAL,,RS,4312906
08/12/2016,Feriado Municipal,MUNICIPAL,,RS,4313607
08/12/2016,Feriado Municipal,MUNICIPAL,,RS,4313607
08/12/2016,Feriado Municipal,MUNICIPAL,,RS,4314100
08/12/2016,Feriado Municipal,MUNICIPAL,,RS,4314472
08/12/2016,Feriado Municipal,MUNICIPAL,,RS,4314605
08/12/2016,Feriado Municipal,MUNICIPAL,,RS,4315354
08/12/2016,Feriado Municipal,MUNICIPAL,,RS,4316501
08/12/2016,Feriado Municipal,MUNICIPAL,,RS,4317400
08/12/2016,Feriado Municipal,MUNICIPAL,,RS,4317707
08/12/2016,Feriado Municipal,MUNICIPAL,,RS,4317905
08/12/2016,Feriado Municipal,MUNICIPAL,,RS,4318051
08/12/2016,Feriado Municipal,MUNICIPAL,,RS,4318424
08/12/2016,Feriado Municipal,MUNICIPAL,,RS,4318424
08/12/2016,Feriado Municipal,MUNICIPAL,,RS,4318705
08/12/2016,Feriado Municipal,MUNICIPAL,,RS,4320008
08/12/2016,Feriado Municipal,MUNICIPAL,,RS,4320206
08/12/2016,Feriado Municipal,MUNICIPAL,,RS,4321402
08/12/2016,Feriado Municipal,MUNICIPAL,,RS,4322202
08/12/2016,Feriado Municipal,MUNICIPAL,,RS,4322558
08/12/2016,Feriado Municipal,MUNICIPAL,,RS,4323002
08/12/2016,Feriado Municipal,MUNICIPAL,,RS,4323705
08/12/2016,Feriado Municipal,MUNICIPAL,,SC,4200051
08/12/2016,Feriado Municipal,MUNICIPAL,,SC,4200606
08/12/2016,Feriado Municipal,MUNICIPAL,,SC,4200903
08/12/2016,Feriado Municipal,MUNICIPAL,,SC,4201109
08/12/2016,Feriado Municipal,MUNICIPAL,,SC,4203105
08/12/2016,Feriado Municipal,MUNICIPAL,,SC,4203501
08/12/2016,Feriado Municipal,MUNICIPAL,,SC,4204152
08/12/2016,Feriado Municipal,MUNICIPAL,,SC,4204152
08/12/2016,Feriado Municipal,MUNICIPAL,,SC,4204806
08/12/2016,Feriado Municipal,MUNICIPAL,,SC,4205506
08/12/2016,Feriado Municipal,MUNICIPAL,,SC,4206801
08/12/2016,Feriado Municipal,MUNICIPAL,,SC,4208450
08/12/2016,Feriado Municipal,MUNICIPAL,,SC,4210209
08/12/2016,Feriado Municipal,MUNICIPAL,,SC,4210308
08/12/2016,Feriado Municipal,MUNICIPAL,,SC,4210407
08/12/2016,Feriado Municipal,MUNICIPAL,,SC,4212007
08/12/2016,Feriado Municipal,MUNICIPAL,"Feriado conforme lei 914, de 23 de maio 1994.",SC,4212601
08/12/2016,Feriado Municipal,MUNICIPAL,,SC,4214706
08/12/2016,Feriado Municipal,MUNICIPAL,,SC,4214904
08/12/2016,Feriado Municipal,MUNICIPAL,,SC,4215208
08/12/2016,Feriado Municipal,MUNICIPAL,,SC,4215901
08/12/2016,Feriado Municipal,MUNICIPAL,,SC,4217105
08/12/2016,Feriado Municipal,MUNICIPAL,,SC,4219002
08/12/2016,Feriado Municipal,MUNICIPAL,,SC,4219002
08/12/2016,Feriado Municipal,MUNICIPAL,,SE,2800407
08/12/2016,Feriado Municipal,MUNICIPAL,,SE,2800407
08/12/2016,Feriado Municipal,MUNICIPAL,,SE,2801108
08/12/2016,Feriado Municipal,MUNICIPAL,,SE,2801207
08/12/2016,Feriado Municipal,MUNICIPAL,,SE,2803005
08/12/2016,Feriado Municipal,MUNICIPAL,,SE,2803302
08/12/2016,Feriado Municipal,MUNICIPAL,,SE,2803302
08/12/2016,Feriado Municipal,MUNICIPAL,,SE,2805604
08/12/2016,Feriado Municipal,MUNICIPAL,,SP,3500105
08/12/2016,Feriado Municipal,MUNICIPAL,,SP,3500600
08/12/2016,Feriado Municipal,MUNICIPAL,,SP,3500907
08/12/2016,Feriado Municipal,MUNICIPAL,,SP,3500907
08/12/2016,Feriado Municipal,MUNICIPAL,,SP,3502002
08/12/2016,Feriado Municipal,MUNICIPAL,,SP,3504602
08/12/2016,Feriado Municipal,MUNICIPAL,,SP,3504701
08/12/2016,Feriado Municipal,MUNICIPAL,,SP,3504800
08/12/2016,Feriado Municipal,MUNICIPAL,,SP,3507605
08/12/2016,Feriado Municipal,MUNICIPAL,,SP,3507803
08/12/2016,Feriado Municipal,MUNICIPAL,,SP,3507803
08/12/2016,Feriado Municipal,MUNICIPAL,,SP,3508108
08/12/2016,Feriado Municipal,MUNICIPAL,,SP,3508900
08/12/2016,Feriado Municipal,MUNICIPAL,,SP,3510203
08/12/2016,Feriado Municipal,MUNICIPAL,,SP,3511300
08/12/2016,Feriado Municipal,MUNICIPAL,,SP,3511706
08/12/2016,Feriado Municipal,MUNICIPAL,,SP,3512605
08/12/2016,Feriado Municipal,MUNICIPAL,,SP,3513306
08/12/2016,Feriado Municipal,MUNICIPAL,,SP,3513603
08/12/2016,Feriado Municipal,MUNICIPAL,,SP,3514403
08/12/2016,Feriado Municipal,MUNICIPAL,,SP,3514601
08/12/2016,Feriado Municipal,MUNICIPAL,,SP,3515350
08/12/2016,Feriado Municipal,MUNICIPAL,,SP,3515350
08/12/2016,Feriado Municipal,MUNICIPAL,,SP,3516408
08/12/2016,Feriado Municipal,MUNICIPAL,,SP,3516804
08/12/2016,Feriado Municipal,MUNICIPAL,,SP,3516903
08/12/2016,Feriado Municipal,MUNICIPAL,,SP,3518206
08/12/2016,Feriado Municipal,MUNICIPAL,,SP,3521101
08/12/2016,Feriado Municipal,MUNICIPAL,,SP,3521705
08/12/2016,Feriado Municipal,MUNICIPAL,,SP,3522109
08/12/2016,Feriado Municipal,MUNICIPAL,,SP,3523008
08/12/2016,Feriado Municipal,MUNICIPAL,,SP,3523206
08/12/2016,Feriado Municipal,MUNICIPAL,,SP,3524402
08/12/2016,Feriado Municipal,MUNICIPAL,,SP,3524600
08/12/2016,Feriado Municipal,MUNICIPAL,,SP,3525003
08/12/2016,Feriado Municipal,MUNICIPAL,,SP,3525003
08/12/2016,Feriado Municipal,MUNICIPAL,,SP,3526308
08/12/2016,Feriado Municipal,MUNICIPAL,,SP,3526308
08/12/2016,Feriado Municipal,MUNICIPAL,,SP,3526506
08/12/2016,Feriado Municipal,MUNICIPAL,,SP,3527405
08/12/2016,Feriado Municipal,MUNICIPAL,,SP,3527900
08/12/2016,Feriado Municipal,MUNICIPAL,,SP,3528106
08/12/2016,Feriado Municipal,MUNICIPAL,,SP,3528304
08/12/2016,Feriado Municipal,MUNICIPAL,,SP,3528908
08/12/2016,Feriado Municipal,MUNICIPAL,,SP,3529500
08/12/2016,Feriado Municipal,MUNICIPAL,,SP,3530409
08/12/2016,Feriado Municipal,MUNICIPAL,,SP,3531001
08/12/2016,Feriado Municipal,MUNICIPAL,,SP,3532009
08/12/2016,Feriado Municipal,MUNICIPAL,,SP,3532207
08/12/2016,Feriado Municipal,MUNICIPAL,,SP,3532702
08/12/2016,Feriado Municipal,MUNICIPAL,,SP,3532801
08/12/2016,Feriado Municipal,MUNICIPAL,,SP,3533304
08/12/2016,Feriado Municipal,MUNICIPAL,,SP,3533700
08/12/2016,Feriado Municipal,MUNICIPAL,,SP,3536000
08/12/2016,Feriado Municipal,MUNICIPAL,,SP,3537156
08/12/2016,Feriado Municipal,MUNICIPAL,,SP,3537156
08/12/2016,Feriado Municipal,MUNICIPAL,,SP,3537503
08/12/2016,Feriado Municipal,MUNICIPAL,,SP,3539301
08/12/2016,Feriado Municipal,MUNICIPAL,,SP,3539608
08/12/2016,Feriado Municipal,MUNICIPAL,,SP,3539905
08/12/2016,Feriado Municipal,MUNICIPAL,,SP,3540101
08/12/2016,Feriado Municipal,MUNICIPAL,,SP,3541208
08/12/2016,Feriado Municipal,MUNICIPAL,,SP,3541208
08/12/2016,Feriado Municipal,MUNICIPAL,,SP,3542206
08/12/2016,Feriado Municipal,MUNICIPAL,,SP,3542305
08/12/2016,Feriado Municipal,MUNICIPAL,,SP,3542404
08/12/2016,Feriado Municipal,MUNICIPAL,,SP,3542701
08/12/2016,Feriado Municipal,MUNICIPAL,,SP,3544400
08/12/2016,Feriado Municipal,MUNICIPAL,,SP,3544608
08/12/2016,Feriado Municipal,MUNICIPAL,,SP,3546207
08/12/2016,Feriado Municipal,MUNICIPAL,,SP,3547700
08/12/2016,Feriado Municipal,MUNICIPAL,,SP,3548005
08/12/2016,Feriado Municipal,MUNICIPAL,,SP,3548005
08/12/2016,Feriado Municipal,MUNICIPAL,,SP,3551207
08/12/2016,Feriado Municipal,MUNICIPAL,,SP,3551405
08/12/2016,Feriado Municipal,MUNICIPAL,,SP,3552007
08/12/2016,Feriado Municipal,MUNICIPAL,,SP,3553906
08/12/2016,Feriado Municipal,MUNICIPAL,,SP,3554003
08/12/2016,Feriado Municipal,MUNICIPAL,,SP,3555208
08/12/2016,Feriado Municipal,MUNICIPAL,,SP,3555802
08/12/2016,Feriado Municipal,MUNICIPAL,,SP,3557006
08/12/2016,Feriado Municipal,MUNICIPAL,,TO,1702000
08/12/2016,Feriado Municipal,MUNICIPAL,,TO,1702000
08/12/2016,Imaculada Conceição,MUNICIPAL,Dia da Imaculada Conceição,AL,2704708
08/12/2016,Imaculada Conceição,MUNICIPAL,De acordo com a Lei nº 035/2009,ES,3201100
08/12/2016,Imaculada Conceição,MUNICIPAL,"conforme Lei nº 1327, de 08 de fevereiro de 1967",MG,3106200
08/12/2016,Imaculada Conceição,MUNICIPAL,,MG,3131703
08/12/2016,Imaculada Conceição,MUNICIPAL,Dia da Imaculada Conceição,PB,2506004
08/12/2016,Imaculada Conceição,MUNICIPAL,conforme Lei Municipal nº 8805 de 23/05/1999,PB,2507507
08/12/2016,Imaculada Conceição,MUNICIPAL,Padroeira Ucraniana Imaculada Conceição,PR,4101309
08/12/2016,Imaculada Conceição,MUNICIPAL,Dia consagrado a Imaculada Conceição,RS,4301925
08/12/2016,Imaculada Conceição,MUNICIPAL,"Dia da Imaculada Conceição, conforme lei Nº 10, de 13 de fevereiro de 1989",RS,4323507
08/12/2016,Imaculada Conceição,MUNICIPAL,Dia da imaculada Conceição de Maria - Padroeira do Município,SC,4209854
08/12/2016,Imaculada Conceição,MUNICIPAL,Padroeira do Município,SP,3520426
08/12/2016,Imaculada Conceição,MUNICIPAL,"Dia de Nossa Senhora da Conceição, conforme Lei Municipal nº 1.459 de 17/11/1966",SP,3538709
08/12/2016,Imaculada Conceição,MUNICIPAL,"Dia da Imaculada Conceição, conforme Lei Municipal nº 1.227 de 31/01/1967",SP,3549805
08/12/2016,Imaculada Conceição Nsa Sra,MUNICIPAL,Dia da Imaculada Conceição de Nossa Senhora,RS,4311601
08/12/2016,N. Senhora da Conceição,MUNICIPAL,Dia de Nossa Senhora da Conceição,MG,3115359
08/12/2016,N. Sra Conceição,MUNICIPAL,"Padroeira da Cidade, Imaculada Nossa Senhora Conceição",MG,3170404
08/12/2016,N. Sra Imaculada Conceição,MUNICIPAL,"Dia de Nossa Senhora Imaculada Conceição, padroeira da Cidade",MT,5107065
08/12/2016,N. Sra. Conceição,MUNICIPAL,Nossa Senhora da Conceição,PB,2504405
08/12/2016,N. Sra. Conceição,MUNICIPAL,Nossa Senhora Conceição,PE,2606804
08/12/2016,N. Sra. Imaculada Conceição,MUNICIPAL,"Dia de Nossa Senhora da Imaculada Conceição, conforme lei Nº 628/2005",SC,4219176
08/12/2016,N. Sra. da Conceição,MUNICIPAL,Nossa Senhora da Conceição – Padroeira do Município,BA,2931301
08/12/2016,N. Sra. da Conceição,MUNICIPAL,Dia de Nossa Senhora da Conceição,MG,3140001
08/12/2016,N. Sra. da Conceição,MUNICIPAL,"Dia de Nossa Senhora da Conceição, conforme Lei Municipal nº 9.777 de 06/04/1967",PE,2611606
08/12/2016,N. Sra. da Conceição,MUNICIPAL,Dia da Padroeira Nossa Senhora da Conceição,RN,2402204
08/12/2016,Nossa Senhora da Conceição,MUNICIPAL,"Feriado municipal religioso em honra a Nossa Senhora da Conceição, conforme a Lei Municipal nº 1.391 de 26/08/1964.",AL,2704302
08/12/2016,Nossa Senhora da Conceição,MUNICIPAL,conforme Lei Municipal nº 228 de 14/08/1967,ES,3205002
08/12/2016,Nossa Senhora da Conceição,MUNICIPAL,"conforme Lei nº 3432, de 06 de fevereiro de 1996",MA,2111300
08/12/2016,Nossa Senhora da Conceição,MUNICIPAL,conforme Lei Municipal nº 1.077 de 02 de abril de 1968,MT,5103403
08/12/2016,Nossa Senhora da Conceição,MUNICIPAL,conforme Lei Municipal nº 348 de 10/03/1967,PB,2504009
08/12/2016,Nossa Senhora da Conceição,MUNICIPAL,http://www.boavista.rr.gov.br/comum/code/MostrarArquivo.php?C=MTAzMA%2C%2C,RR,1400100
08/12/2016,Nossa Senhora da Conceição,MUNICIPAL,"Padroeira de Campinas, Lei Municipal no 173, de 28 de junho de 1949",SP,3509502
08/12/2016,Nossa Senhora da Conceição e Aniversário de Guarulhos,MUNICIPAL,conforme Lei Municipal nº 1.631 de 14/12/1970,SP,3518800
08/12/2016,"Nossa Senhora da Conceição, Padroeira de Aracaju",MUNICIPAL,"conforme Lei nº 3805, de 03 de dezembro de 2009",SE,2800308
08/12/2016,Nossa Senhora da Imaculada Conceição (Padroeira),MUNICIPAL,conforme Lei Municipal nº 351 de 10/05/1993,MG,3159704
08/12/2016,Nossa Sra Aparecida,MUNICIPAL,"Dia de Nossa Senhora Aparecida, conforme lei 94 de 1967",RS,4312500
08/12/2016,Nossa Sra Conceição,MUNICIPAL,"Dia da Padroeira do Município, Nossa Senhora da Conceição",PR,4116059
08/12/2016,Nossa Sra Conceição,MUNICIPAL,"Dia consagrado à Nossa Senhora da Conceição, Padroeira da Igreja Matriz, conforme lei 265/1989",RS,4318408
08/12/2016,Nossa Sra da Conceição,MUNICIPAL,"Nossa Senhora da Conceição, padroeira do Municipio",BA,2902609
08/12/2016,Nossa Sra da Conceição,MUNICIPAL,Dia da Padroeira da Cidade,SP,3506508
08/12/2016,Nossa Sra da Conceição,MUNICIPAL,Consagração a Nossa Senhora,SP,3550001
08/12/2016,Nossa Sra. Conceição,MUNICIPAL,Feriado de Nossa Senhora da Conceição,SP,3506805
08/12/2016,Padroeira,MUNICIPAL,"Dia de Nossa Senhora Imaculada Conceição, conforme Lei Municipal 0803/1967",SP,3513405
08/12/2016,Padroeira da Cidade,MUNICIPAL,,SP,3529005
09/12/2016,Feriado Municipal,MUNICIPAL,,GO,5205497
09/12/2016,Feriado Municipal,MUNICIPAL,,MA,2103802
09/12/2016,Feriado Municipal,MUNICIPAL,,PA,1507201
09/12/2016,Feriado Municipal,MUNICIPAL,,PE,2609709
09/12/2016,Feriado Municipal,MUNICIPAL,,PR,4123402
09/12/2016,Feriado Municipal,MUNICIPAL,,PR,4125308
09/12/2016,Feriado Municipal,MUNICIPAL,,RS,4306502
09/12/2016,"Promulgação da Lei Orgânica do Município. Lei Municipal nº 334/2000, http://leismunicipa.is/aorei.",MUNICIPAL,,ES,3203320
10/12/2016,Aniversário de Londrina,MUNICIPAL,conforme Lei Municipal nº 3.016 de 18/06/1980,PR,4113700
10/12/2016,Feriado Municipal,MUNICIPAL,,AM,1301852
10/12/2016,Feriado Municipal,MUNICIPAL,,AM,1303536
10/12/2016,Feriado Municipal,MUNICIPAL,,BA,2915106
10/12/2016,Feriado Municipal,MUNICIPAL,,GO,5206602
10/12/2016,Feriado Municipal,MUNICIPAL,,MG,3143500
10/12/2016,Feriado Municipal,MUNICIPAL,,MS,5004502
10/12/2016,Feriado Municipal,MUNICIPAL,,MT,5100409
10/12/2016,Feriado Municipal,MUNICIPAL,,MT,5105200
10/12/2016,Feriado Municipal,MUNICIPAL,,MT,5107602
10/12/2016,Feriado Municipal,MUNICIPAL,,MT,5108204
10/12/2016,Feriado Municipal,MUNICIPAL,,PB,2512002
10/12/2016,Feriado Municipal,MUNICIPAL,,PR,4107736
10/12/2016,Feriado Municipal,MUNICIPAL,,PR,4111258
10/12/2016,Feriado Municipal,MUNICIPAL,,SP,3548302
10/12/2016,Feriado Municipal,MUNICIPAL,,TO,1700400
11/12/2016,Feriado Municipal,MUNICIPAL,,MS,5001904
11/12/2016,Feriado Municipal,MUNICIPAL,,MS,5007901
11/12/2016,Feriado Municipal,MUNICIPAL,,PE,2611309
11/12/2016,Feriado Municipal,MUNICIPAL,,PR,4112603
11/12/2016,Feriado Municipal,MUNICIPAL,,RN,2402402
11/12/2016,Feriado Municipal,MUNICIPAL,,RN,2412005
11/12/2016,Feriado Municipal,MUNICIPAL,,RN,2412500
11/12/2016,Feriado Municipal,MUNICIPAL,,RS,4320651
11/12/2016,Feriado Municipal,MUNICIPAL,,SP,3514502
12/12/2016,Aniversário da Cidade,MUNICIPAL,conforme Lei Municipal nº 1.259 de 11/05/1987,MG,3154606
12/12/2016,Aniversário da Cidade,MUNICIPAL,Emancipação política do município,PB,2509404
12/12/2016,Aniversário da Cidade,MUNICIPAL,Dia da Emancipação Política do Município,SC,4215059
12/12/2016,Feriado Municipal,MUNICIPAL,,AL,2709152
12/12/2016,Feriado Municipal,MUNICIPAL,,AM,1301605
12/12/2016,Feriado Municipal,MUNICIPAL,,BA,2908002
12/12/2016,Feriado Municipal,MUNICIPAL,,BA,2910404
12/12/2016,Feriado Municipal,MUNICIPAL,,BA,2912301
12/12/2016,Feriado Municipal,MUNICIPAL,,BA,2913507
12/12/2016,Feriado Municipal,MUNICIPAL,,BA,2915502
12/12/2016,Feriado Municipal,MUNICIPAL,,BA,2916401
12/12/2016,Feriado Municipal,MUNICIPAL,,BA,2932705
12/12/2016,Feriado Municipal,MUNICIPAL,,CE,2305704
12/12/2016,Feriado Municipal,MUNICIPAL,,CE,2309003
12/12/2016,Feriado Municipal,MUNICIPAL,,GO,5200605
12/12/2016,Feriado Municipal,MUNICIPAL,,MA,2102200
12/12/2016,Feriado Municipal,MUNICIPAL,,MG,3100609
12/12/2016,Feriado Municipal,MUNICIPAL,,MG,3107703
12/12/2016,Feriado Municipal,MUNICIPAL,,MG,3107901
12/12/2016,Feriado Municipal,MUNICIPAL,,MG,3116407
12/12/2016,Feriado Municipal,MUNICIPAL,,MG,3117900
12/12/2016,Feriado Municipal,MUNICIPAL,,MG,3119500
12/12/2016,Feriado Municipal,MUNICIPAL,,MG,3119906
12/12/2016,Feriado Municipal,MUNICIPAL,,MG,3121308
12/12/2016,Feriado Municipal,MUNICIPAL,,MG,3121407
12/12/2016,Feriado Municipal,MUNICIPAL,,MG,3130507
12/12/2016,Feriado Municipal,MUNICIPAL,,MG,3131505
12/12/2016,Feriado Municipal,MUNICIPAL,,MG,3135407
12/12/2016,Feriado Municipal,MUNICIPAL,,MG,3136108
12/12/2016,Feriado Municipal,MUNICIPAL,,MG,3138104
12/12/2016,Feriado Municipal,MUNICIPAL,,MG,3139102
12/12/2016,Feriado Municipal,MUNICIPAL,,MG,3139706
12/12/2016,Feriado Municipal,MUNICIPAL,,MG,3141009
12/12/2016,Feriado Municipal,MUNICIPAL,,MG,3141900
12/12/2016,Feriado Municipal,MUNICIPAL,,MG,3142304
12/12/2016,Feriado Municipal,MUNICIPAL,,MG,3142403
12/12/2016,Feriado Municipal,MUNICIPAL,,MG,3143807
12/12/2016,Feriado Municipal,MUNICIPAL,,MG,3144508
12/12/2016,Feriado Municipal,MUNICIPAL,,MG,3145208
12/12/2016,Feriado Municipal,MUNICIPAL,,MG,3145901
12/12/2016,Feriado Municipal,MUNICIPAL,,MG,3149705
12/12/2016,Feriado Municipal,MUNICIPAL,,MG,3150604
12/12/2016,Feriado Municipal,MUNICIPAL,,MG,3150703
12/12/2016,Feriado Municipal,MUNICIPAL,,MG,3151305
12/12/2016,Feriado Municipal,MUNICIPAL,,MG,3155108
12/12/2016,Feriado Municipal,MUNICIPAL,,MG,3160900
12/12/2016,Feriado Municipal,MUNICIPAL,,MG,3161304
12/12/2016,Feriado Municipal,MUNICIPAL,,MG,3163409
12/12/2016,Feriado Municipal,MUNICIPAL,,MG,3163508
12/12/2016,Feriado Municipal,MUNICIPAL,,MG,3163805
12/12/2016,Feriado Municipal,MUNICIPAL,,MG,3164100
12/12/2016,Feriado Municipal,MUNICIPAL,,MG,3166204
12/12/2016,Feriado Municipal,MUNICIPAL,,MG,3171006
12/12/2016,Feriado Municipal,MUNICIPAL,,PB,2503209
12/12/2016,Feriado Municipal,MUNICIPAL,,PI,2204501
12/12/2016,Feriado Municipal,MUNICIPAL,,PI,2208007
12/12/2016,Feriado Municipal,MUNICIPAL,,PI,2210201
12/12/2016,Feriado Municipal,MUNICIPAL,,PR,4100509
12/12/2016,Feriado Municipal,MUNICIPAL,,PR,4107603
12/12/2016,Feriado Municipal,MUNICIPAL,,RN,2403806
12/12/2016,Feriado Municipal,MUNICIPAL,,SC,4209805
12/12/2016,Feriado Municipal,MUNICIPAL,,SC,4214102
12/12/2016,Feriado Municipal,MUNICIPAL,,SC,4215075
12/12/2016,Feriado Municipal,MUNICIPAL,,SC,4216255
12/12/2016,Feriado Municipal,MUNICIPAL,,SE,2802106
12/12/2016,Feriado Municipal,MUNICIPAL,,SE,2807600
12/12/2016,Feriado Municipal,MUNICIPAL,,SP,3519402
13/12/2016,Aniversário da Cidade,MUNICIPAL,"Feriado municipal, alusivo a comemoração do Aniversário do Município de Carambeí. (Redação dada pela Lei nº 172/2001)",PR,4104659
13/12/2016,Aniversário da Cidade,MUNICIPAL,"Feriado municipal, em homenagem ao dia da Emancipação Política do Município de Tamarana, conforme lei nº 57/1997",PR,4126678
13/12/2016,Aniversário de Luziânia,MUNICIPAL,,GO,5212501
13/12/2016,Feriado Municipal,MUNICIPAL,,AL,2701506
13/12/2016,Feriado Municipal,MUNICIPAL,,AL,2705101
13/12/2016,Feriado Municipal,MUNICIPAL,,BA,2909208
13/12/2016,Feriado Municipal,MUNICIPAL,,BA,2911907
13/12/2016,Feriado Municipal,MUNICIPAL,,BA,2912509
13/12/2016,Feriado Municipal,MUNICIPAL,,BA,2917334
13/12/2016,Feriado Municipal,MUNICIPAL,,BA,2919603
13/12/2016,Feriado Municipal,MUNICIPAL,,BA,2921401
13/12/2016,Feriado Municipal,MUNICIPAL,,BA,2923902
13/12/2016,Feriado Municipal,MUNICIPAL,,BA,2928000
13/12/2016,Feriado Municipal,MUNICIPAL,,BA,2931202
13/12/2016,Feriado Municipal,MUNICIPAL,,CE,2302107
13/12/2016,Feriado Municipal,MUNICIPAL,,CE,2307254
13/12/2016,Feriado Municipal,MUNICIPAL,,CE,2308609
13/12/2016,Feriado Municipal,MUNICIPAL,,ES,3204005
13/12/2016,Feriado Municipal,MUNICIPAL,,GO,5202601
13/12/2016,Feriado Municipal,MUNICIPAL,,GO,5212956
13/12/2016,Feriado Municipal,MUNICIPAL,,GO,5218003
13/12/2016,Feriado Municipal,MUNICIPAL,,GO,5219803
13/12/2016,Feriado Municipal,MUNICIPAL,,MA,2110005
13/12/2016,Feriado Municipal,MUNICIPAL,,MA,2110039
13/12/2016,Feriado Municipal,MUNICIPAL,,MG,3110806
13/12/2016,Feriado Municipal,MUNICIPAL,,MG,3113305
13/12/2016,Feriado Municipal,MUNICIPAL,,MG,3132909
13/12/2016,Feriado Municipal,MUNICIPAL,,MG,3139706
13/12/2016,Feriado Municipal,MUNICIPAL,,MG,3141702
13/12/2016,Feriado Municipal,MUNICIPAL,,MG,3146701
13/12/2016,Feriado Municipal,MUNICIPAL,,MG,3146909
13/12/2016,Feriado Municipal,MUNICIPAL,,MG,3147600
13/12/2016,Feriado Municipal,MUNICIPAL,,MG,3149507
13/12/2016,Feriado Municipal,MUNICIPAL,,MG,3157807
13/12/2016,Feriado Municipal,MUNICIPAL,,MG,3161502
13/12/2016,Feriado Municipal,MUNICIPAL,,MG,3164209
13/12/2016,Feriado Municipal,MUNICIPAL,,MG,3165602
13/12/2016,Feriado Municipal,MUNICIPAL,,MG,3167707
13/12/2016,Feriado Municipal,MUNICIPAL,,MG,3171501
13/12/2016,Feriado Municipal,MUNICIPAL,,MS,5005103
13/12/2016,Feriado Municipal,MUNICIPAL,,MS,5005152
13/12/2016,Feriado Municipal,MUNICIPAL,,PA,1501782
13/12/2016,Feriado Municipal,MUNICIPAL,,PA,1503457
13/12/2016,Feriado Municipal,MUNICIPAL,,PA,1505031
13/12/2016,Feriado Municipal,MUNICIPAL,,PB,2513406
13/12/2016,Feriado Municipal,MUNICIPAL,,PI,2202000
13/12/2016,Feriado Municipal,MUNICIPAL,,PI,2205805
13/12/2016,Feriado Municipal,MUNICIPAL,,PI,2210607
13/12/2016,Feriado Municipal,MUNICIPAL,,PR,4103404
13/12/2016,Feriado Municipal,MUNICIPAL,,PR,4112405
13/12/2016,Feriado Municipal,MUNICIPAL,,RJ,3305307
13/12/2016,Feriado Municipal,MUNICIPAL,,RN,2408003
13/12/2016,Feriado Municipal,MUNICIPAL,,RN,2408300
13/12/2016,Feriado Municipal,MUNICIPAL,,RN,2411403
13/12/2016,Feriado Municipal,MUNICIPAL,,RO,1100296
13/12/2016,Feriado Municipal,MUNICIPAL,,RR,1400209
13/12/2016,Feriado Municipal,MUNICIPAL,,RS,4303301
13/12/2016,Feriado Municipal,MUNICIPAL,,SC,4200804
13/12/2016,Feriado Municipal,MUNICIPAL,,SC,4208005
13/12/2016,Feriado Municipal,MUNICIPAL,,SE,2800605
13/12/2016,Feriado Municipal,MUNICIPAL,,SP,3502408
13/12/2016,Feriado Municipal,MUNICIPAL,,SP,3504404
13/12/2016,Feriado Municipal,MUNICIPAL,,SP,3514502
13/12/2016,Feriado Municipal,MUNICIPAL,,SP,3515186
13/12/2016,Feriado Municipal,MUNICIPAL,,SP,3515301
13/12/2016,Feriado Municipal,MUNICIPAL,,SP,3515608
13/12/2016,Feriado Municipal,MUNICIPAL,,SP,3517208
13/12/2016,Feriado Municipal,MUNICIPAL,,SP,3519253
13/12/2016,Feriado Municipal,MUNICIPAL,,SP,3527603
13/12/2016,Feriado Municipal,MUNICIPAL,,SP,3534104
13/12/2016,Feriado Municipal,MUNICIPAL,,SP,3534708
13/12/2016,Feriado Municipal,MUNICIPAL,,SP,3535200
13/12/2016,Feriado Municipal,MUNICIPAL,,SP,3545100
13/12/2016,Nascimento de Luiz Gonzaga,MUNICIPAL,Aniversário de nascimento de Luiz Gonzaga,PE,2605301
14/12/2016,Aniversário,MUNICIPAL,Aniversário do município,PR,4117008
14/12/2016,Aniversário da Cidade,MUNICIPAL,Comemorações do Aniversário do Município,PR,4111209
14/12/2016,Aniversário da Cidade,MUNICIPAL,Comemorações do Aniversário do Município,PR,4127403
14/12/2016,Aniversário da cidade,MUNICIPAL,,PR,4114104
14/12/2016,Aniversário do Municipio,MUNICIPAL,"Aniversário da Cidade de Cruz Machado, conforme lei 790 de 1951",PR,4106803
14/12/2016,Dia do Evangélico,MUNICIPAL,"Dia do Evangélico, segundo decreto de 2013",BA,2902609
14/12/2016,Emancipação Política,MUNICIPAL,Emancipação Política Administrativa do Município de Balneário Piçarras,SC,4212809
14/12/2016,Emancipação do Município,MUNICIPAL,"Aniversário de Emancipação, conforme lei municipal 2.094/2010",MT,5105101
14/12/2016,Feriado Municipal,MUNICIPAL,,BA,2927507
14/12/2016,Feriado Municipal,MUNICIPAL,,MS,5005152
14/12/2016,Feriado Municipal,MUNICIPAL,,MT,5107107
14/12/2016,Feriado Municipal,MUNICIPAL,,PB,2512507
14/12/2016,Feriado Municipal,MUNICIPAL,,PR,4100806
14/12/2016,Feriado Municipal,MUNICIPAL,,PR,4102109
14/12/2016,Feriado Municipal,MUNICIPAL,,PR,4102604
14/12/2016,Feriado Municipal,MUNICIPAL,,PR,4102901
14/12/2016,Feriado Municipal,MUNICIPAL,,PR,4103008
14/12/2016,Feriado Municipal,MUNICIPAL,,PR,4105409
14/12/2016,Feriado Municipal,MUNICIPAL,,PR,4106506
14/12/2016,Feriado Municipal,MUNICIPAL,,PR,4106704
14/12/2016,Feriado Municipal,MUNICIPAL,,PR,4107306
14/12/2016,Feriado Municipal,MUNICIPAL,,PR,4107405
14/12/2016,Feriado Municipal,MUNICIPAL,,PR,4110409
14/12/2016,Feriado Municipal,MUNICIPAL,,PR,4112306
14/12/2016,Feriado Municipal,MUNICIPAL,,PR,4113403
14/12/2016,Feriado Municipal,MUNICIPAL,,PR,4114906
14/12/2016,Feriado Municipal,MUNICIPAL,,PR,4117305
14/12/2016,Feriado Municipal,MUNICIPAL,,PR,4118501
14/12/2016,Feriado Municipal,MUNICIPAL,,PR,4118709
14/12/2016,Feriado Municipal,MUNICIPAL,,PR,4118808
14/12/2016,Feriado Municipal,MUNICIPAL,,PR,4119202
14/12/2016,Feriado Municipal,MUNICIPAL,,PR,4121109
14/12/2016,Feriado Municipal,MUNICIPAL,,PR,4122800
14/12/2016,Feriado Municipal,MUNICIPAL,,PR,4124509
14/12/2016,Feriado Municipal,MUNICIPAL,,PR,4126405
14/12/2016,Feriado Municipal,MUNICIPAL,,PR,4127700
14/12/2016,Feriado Municipal,MUNICIPAL,,SC,4200507
14/12/2016,Feriado Municipal,MUNICIPAL,,SC,4204103
14/12/2016,Feriado Municipal,MUNICIPAL,,SP,3509007
15/12/2016,Feriado Municipal,MUNICIPAL,,ES,3201159
15/12/2016,Feriado Municipal,MUNICIPAL,,GO,5200258
15/12/2016,Feriado Municipal,MUNICIPAL,,MA,2111805
15/12/2016,Feriado Municipal,MUNICIPAL,,MG,3171709
15/12/2016,Feriado Municipal,MUNICIPAL,,MS,5003157
15/12/2016,Feriado Municipal,MUNICIPAL,,PA,1503606
15/12/2016,Feriado Municipal,MUNICIPAL,,PB,2501807
15/12/2016,Feriado Municipal,MUNICIPAL,,PI,2201507
15/12/2016,Feriado Municipal,MUNICIPAL,,PI,2201903
15/12/2016,Feriado Municipal,MUNICIPAL,,PI,2202307
15/12/2016,Feriado Municipal,MUNICIPAL,,PI,2207801
15/12/2016,Feriado Municipal,MUNICIPAL,,PR,4119301
15/12/2016,Feriado Municipal,MUNICIPAL,,RJ,3305158
15/12/2016,Feriado Municipal,MUNICIPAL,,RN,2401453
15/12/2016,Feriado Municipal,MUNICIPAL,,RS,4305405
15/12/2016,Feriado Municipal,MUNICIPAL,,RS,4308706
15/12/2016,Feriado Municipal,MUNICIPAL,,RS,4312302
15/12/2016,Feriado Municipal,MUNICIPAL,,RS,4321956
15/12/2016,Feriado Municipal,MUNICIPAL,,SC,4201604
15/12/2016,Feriado Municipal,MUNICIPAL,,SC,4215406
15/12/2016,Feriado Municipal,MUNICIPAL,,SE,2807204
16/12/2016,Feriado Municipal,MUNICIPAL,,BA,2928208
16/12/2016,Feriado Municipal,MUNICIPAL,,MS,5007406
16/12/2016,Feriado Municipal,MUNICIPAL,,MT,5100508
16/12/2016,Feriado Municipal,MUNICIPAL,,PA,1503507
16/12/2016,Feriado Municipal,MUNICIPAL,,PR,4112959
16/12/2016,Feriado Municipal,MUNICIPAL,,RN,2402006
16/12/2016,Feriado Municipal,MUNICIPAL,,SC,4204905
16/12/2016,Feriado Municipal,MUNICIPAL,,SP,3545605
17/12/2016,Aniversário da Cidade,MUNICIPAL,Aniversário da Cidade de Lagoa Santa,MG,3137601
17/12/2016,Emancipação,MUNICIPAL,Aniversário de Emancipação Política do Município,MG,3113701
17/12/2016,Emancipação municipal,MUNICIPAL,"Emancipação municipal, conforme Lei nº 324 de 20/06/1973",RN,2403251
17/12/2016,Feriado Municipal,MUNICIPAL,,AP,1600600
17/12/2016,Feriado Municipal,MUNICIPAL,,GO,5207105
17/12/2016,Feriado Municipal,MUNICIPAL,,MG,3100906
17/12/2016,Feriado Municipal,MUNICIPAL,,MG,3101904
17/12/2016,Feriado Municipal,MUNICIPAL,,MG,3102001
17/12/2016,Feriado Municipal,MUNICIPAL,,MG,3106408
17/12/2016,Feriado Municipal,MUNICIPAL,,MG,3107505
17/12/2016,Feriado Municipal,MUNICIPAL,,MG,3109105
17/12/2016,Feriado Municipal,MUNICIPAL,,MG,3109204
17/12/2016,Feriado Municipal,MUNICIPAL,,MG,3111101
17/12/2016,Feriado Municipal,MUNICIPAL,,MG,3111408
17/12/2016,Feriado Municipal,MUNICIPAL,,MG,3112000
17/12/2016,Feriado Municipal,MUNICIPAL,,MG,3113909
17/12/2016,Feriado Municipal,MUNICIPAL,,MG,3114006
17/12/2016,Feriado Municipal,MUNICIPAL,,MG,3117306
17/12/2016,Feriado Municipal,MUNICIPAL,,MG,3118908
17/12/2016,Feriado Municipal,MUNICIPAL,,MG,3121100
17/12/2016,Feriado Municipal,MUNICIPAL,,MG,3121209
17/12/2016,Feriado Municipal,MUNICIPAL,,MG,3122009
17/12/2016,Feriado Municipal,MUNICIPAL,,MG,3123007
17/12/2016,Feriado Municipal,MUNICIPAL,,MG,3130705
17/12/2016,Feriado Municipal,MUNICIPAL,,MG,3130903
17/12/2016,Feriado Municipal,MUNICIPAL,,MG,3133006
17/12/2016,Feriado Municipal,MUNICIPAL,,MG,3134608
17/12/2016,Feriado Municipal,MUNICIPAL,,MG,3138005
17/12/2016,Feriado Municipal,MUNICIPAL,,MG,3138500
17/12/2016,Feriado Municipal,MUNICIPAL,,MG,3140506
17/12/2016,Feriado Municipal,MUNICIPAL,,MG,3140902
17/12/2016,Feriado Municipal,MUNICIPAL,,MG,3142106
17/12/2016,Feriado Municipal,MUNICIPAL,,MG,3143005
17/12/2016,Feriado Municipal,MUNICIPAL,,MG,3145000
17/12/2016,Feriado Municipal,MUNICIPAL,,MG,3149804
17/12/2016,Feriado Municipal,MUNICIPAL,,MG,3151107
17/12/2016,Feriado Municipal,MUNICIPAL,,MG,3152204
17/12/2016,Feriado Municipal,MUNICIPAL,,MG,3157708
17/12/2016,Feriado Municipal,MUNICIPAL,,MG,3164308
17/12/2016,Feriado Municipal,MUNICIPAL,,MG,3165404
17/12/2016,Feriado Municipal,MUNICIPAL,,MG,3165701
17/12/2016,Feriado Municipal,MUNICIPAL,,MG,3167806
17/12/2016,Feriado Municipal,MUNICIPAL,,MG,3168507
17/12/2016,Feriado Municipal,MUNICIPAL,,MG,3171105
17/12/2016,Feriado Municipal,MUNICIPAL,,MG,3172103
17/12/2016,Feriado Municipal,MUNICIPAL,,MT,5106307
17/12/2016,Feriado Municipal,MUNICIPAL,,PE,2603108
17/12/2016,Feriado Municipal,MUNICIPAL,,SP,3502507
18/12/2016,Feriado Municipal,MUNICIPAL,,AL,2708600
18/12/2016,Feriado Municipal,MUNICIPAL,,AL,2709202
18/12/2016,Feriado Municipal,MUNICIPAL,,CE,2305407
18/12/2016,Feriado Municipal,MUNICIPAL,,GO,5202502
18/12/2016,Feriado Municipal,MUNICIPAL,,GO,5218706
18/12/2016,Feriado Municipal,MUNICIPAL,,MS,5007554
18/12/2016,Feriado Municipal,MUNICIPAL,,MT,5103205
18/12/2016,Feriado Municipal,MUNICIPAL,,PE,2600807
18/12/2016,Feriado Municipal,MUNICIPAL,,PR,4101606
18/12/2016,Feriado Municipal,MUNICIPAL,,RN,2408201
18/12/2016,Feriado Municipal,MUNICIPAL,,SE,2806008
18/12/2016,Feriado Municipal,MUNICIPAL,,SP,3551801
19/12/2016,Dia do Município,MUNICIPAL,"Dia do Município, feriado municipal instituído pela Lei Orgânica Municipal",MG,3104007
19/12/2016,Emancipação do Município,MUNICIPAL,Comemorações da Emancipação do Município de Querência,MT,5107065
19/12/2016,Feriado Municipal,MUNICIPAL,,AM,1301100
19/12/2016,Feriado Municipal,MUNICIPAL,,AM,1303106
19/12/2016,Feriado Municipal,MUNICIPAL,,AM,1303205
19/12/2016,Feriado Municipal,MUNICIPAL,,AM,1303304
19/12/2016,Feriado Municipal,MUNICIPAL,,MA,2112001
19/12/2016,Feriado Municipal,MUNICIPAL,,MT,5106240
19/12/2016,Feriado Municipal,MUNICIPAL,,MT,5107248
19/12/2016,Feriado Municipal,MUNICIPAL,,PB,2500908
19/12/2016,Feriado Municipal,MUNICIPAL,,PB,2506400
19/12/2016,Feriado Municipal,MUNICIPAL,,PR,4102703
19/12/2016,Feriado Municipal,MUNICIPAL,,PR,4109005
19/12/2016,Feriado Municipal,MUNICIPAL,,SC,4201505
19/12/2016,Feriado Municipal,MUNICIPAL,,SC,4209706
19/12/2016,Feriado Municipal,MUNICIPAL,,SP,3546900
20/12/2016,Aniversário da Cidade,MUNICIPAL,"Comemorações do Aniversário da Cidade, conforme lei Nº 10, de 13 de fevereiro de 1989",RS,4323507
20/12/2016,Aniversário da Cidade,MUNICIPAL,Emancipação político-administrativa do município,SC,4205803
20/12/2016,Aniversário da cidade,MUNICIPAL,,PR,4119954
20/12/2016,Feriado Municipal,MUNICIPAL,,CE,2304301
20/12/2016,Feriado Municipal,MUNICIPAL,,MS,5003702
20/12/2016,Feriado Municipal,MUNICIPAL,,PA,1505064
20/12/2016,Feriado Municipal,MUNICIPAL,,PB,2508208
20/12/2016,Feriado Municipal,MUNICIPAL,,PE,2602704
20/12/2016,Feriado Municipal,MUNICIPAL,,PE,2604304
20/12/2016,Feriado Municipal,MUNICIPAL,,PE,2604502
20/12/2016,Feriado Municipal,MUNICIPAL,,PE,2604908
20/12/2016,Feriado Municipal,MUNICIPAL,,PE,2605400
20/12/2016,Feriado Municipal,MUNICIPAL,,PE,2605806
20/12/2016,Feriado Municipal,MUNICIPAL,,PE,2606606
20/12/2016,Feriado Municipal,MUNICIPAL,,PE,2606903
20/12/2016,Feriado Municipal,MUNICIPAL,,PE,2608503
20/12/2016,Feriado Municipal,MUNICIPAL,,PE,2609105
20/12/2016,Feriado Municipal,MUNICIPAL,,PE,2609808
20/12/2016,Feriado Municipal,MUNICIPAL,,PE,2610509
20/12/2016,Feriado Municipal,MUNICIPAL,,PE,2612307
20/12/2016,Feriado Municipal,MUNICIPAL,,PE,2613206
20/12/2016,Feriado Municipal,MUNICIPAL,,PE,2615607
20/12/2016,Feriado Municipal,MUNICIPAL,,PE,2615805
20/12/2016,Feriado Municipal,MUNICIPAL,,PI,2209104
20/12/2016,Feriado Municipal,MUNICIPAL,,RS,4318481
20/12/2016,Feriado Municipal,MUNICIPAL,,SC,4208807
20/12/2016,Feriado Municipal,MUNICIPAL,,SC,4210803
21/12/2016,Aniversário da cidade,MUNICIPAL,,CE,2301257
21/12/2016,Aniversário do Município,MUNICIPAL,"Data de emancipação política de Confins, conforme Lei Estadual nº 12.030, de 21 de dezembro de 1995.",MG,3117876
21/12/2016,Feriado Municipal,MUNICIPAL,,AC,1200302
21/12/2016,Feriado Municipal,MUNICIPAL,,BA,2916609
21/12/2016,Feriado Municipal,MUNICIPAL,,MG,3138674
21/12/2016,Feriado Municipal,MUNICIPAL,,MG,3144359
21/12/2016,Feriado Municipal,MUNICIPAL,,MG,3145356
21/12/2016,Feriado Municipal,MUNICIPAL,,MG,3152170
21/12/2016,Feriado Municipal,MUNICIPAL,,MG,3162922
21/12/2016,Feriado Municipal,MUNICIPAL,,MG,3162948
21/12/2016,Feriado Municipal,MUNICIPAL,,MG,3165537
21/12/2016,Feriado Municipal,MUNICIPAL,,PB,2509008
21/12/2016,Feriado Municipal,MUNICIPAL,,PE,2603801
21/12/2016,Feriado Municipal,MUNICIPAL,,PR,4107157
21/12/2016,Feriado Municipal,MUNICIPAL,,PR,4114351
21/12/2016,Feriado Municipal,MUNICIPAL,,TO,1707553
22/12/2016,Aniversário da cidade,MUNICIPAL,,MA,2112209
22/12/2016,Emancipação Política,MUNICIPAL,Aniversário da Emancipação Política do Município,PB,2505808
22/12/2016,Feriado Municipal,MUNICIPAL,,AC,1200708
22/12/2016,Feriado Municipal,MUNICIPAL,,AL,2700706
22/12/2016,Feriado Municipal,MUNICIPAL,,BA,2911105
22/12/2016,Feriado Municipal,MUNICIPAL,,BA,2921302
22/12/2016,Feriado Municipal,MUNICIPAL,,MA,2100204
22/12/2016,Feriado Municipal,MUNICIPAL,,MA,2105500
22/12/2016,Feriado Municipal,MUNICIPAL,,MA,2107001
22/12/2016,Feriado Municipal,MUNICIPAL,,MG,3108552
22/12/2016,Feriado Municipal,MUNICIPAL,,MG,3138302
22/12/2016,Feriado Municipal,MUNICIPAL,,PB,2506103
22/12/2016,Feriado Municipal,MUNICIPAL,,PE,2605707
22/12/2016,Feriado Municipal,MUNICIPAL,,PR,4107850
23/12/2016,Feriado Municipal,MUNICIPAL,,PE,2612000
23/12/2016,Feriado Municipal,MUNICIPAL,,RN,2404705
23/12/2016,Feriado Municipal,MUNICIPAL,,RN,2409704
23/12/2016,Feriado Municipal,MUNICIPAL,,RN,2412302
23/12/2016,Feriado Municipal,MUNICIPAL,,SP,3526308
24/12/2016,Elevação a Município,MUNICIPAL,Elevação de Guapiara a Município - Lei Municipal 1.342/2002,SP,3517604
24/12/2016,Feriado Municipal,MUNICIPAL,,AL,2708402
24/12/2016,Feriado Municipal,MUNICIPAL,,AP,1600501
24/12/2016,Feriado Municipal,MUNICIPAL,,BA,2916500
24/12/2016,Feriado Municipal,MUNICIPAL,,GO,5208400
24/12/2016,Feriado Municipal,MUNICIPAL,,GO,5220009
24/12/2016,Feriado Municipal,MUNICIPAL,,MA,2104099
24/12/2016,Feriado Municipal,MUNICIPAL,,MG,3146750
24/12/2016,Feriado Municipal,MUNICIPAL,,MG,3163508
24/12/2016,Feriado Municipal,MUNICIPAL,,PA,1502103
24/12/2016,Feriado Municipal,MUNICIPAL,,PA,1505304
24/12/2016,Feriado Municipal,MUNICIPAL,,PI,2204204
24/12/2016,Feriado Municipal,MUNICIPAL,,SE,2804458
24/12/2016,Feriado Municipal,MUNICIPAL,,SP,3500808
24/12/2016,Feriado Municipal,MUNICIPAL,,SP,3531209
24/12/2016,Feriado Municipal,MUNICIPAL,,SP,3543600
25/12/2016,Aniversário da cidade do Natal,MUNICIPAL,,RN,2408102
26/12/2016,Dia de São Benedito - Leis Municipais nº 1.558/2001 e 2.530/2010,MUNICIPAL,,PR,4113205
26/12/2016,Dia do Serrano,MUNICIPAL,conforme Lei Municipal nº 228 de 14/08/1967,ES,3205002
26/12/2016,Emancipação de Içara,MUNICIPAL,Emancipação de Içara,SC,4207007
26/12/2016,Feriado Municipal,MUNICIPAL,,BA,2928802
26/12/2016,Feriado Municipal,MUNICIPAL,,ES,3200300
26/12/2016,Feriado Municipal,MUNICIPAL,,ES,3204054
26/12/2016,Feriado Municipal,MUNICIPAL,,MA,2111508
26/12/2016,Feriado Municipal,MUNICIPAL,,MG,3129202
26/12/2016,Feriado Municipal,MUNICIPAL,,MG,3129301
26/12/2016,Feriado Municipal,MUNICIPAL,,MS,5002407
26/12/2016,Feriado Municipal,MUNICIPAL,,PA,1501709
26/12/2016,Feriado Municipal,MUNICIPAL,,PI,2202604
26/12/2016,Feriado Municipal,MUNICIPAL,,PI,2207009
26/12/2016,Feriado Municipal,MUNICIPAL,,PR,4113759
26/12/2016,Feriado Municipal,MUNICIPAL,,PR,4122172
26/12/2016,Feriado Municipal,MUNICIPAL,,RS,4316105
26/12/2016,Feriado Municipal,MUNICIPAL,,SC,4200200
26/12/2016,Feriado Municipal,MUNICIPAL,,SC,4200309
26/12/2016,Feriado Municipal,MUNICIPAL,,SC,4201802
26/12/2016,Feriado Municipal,MUNICIPAL,,SC,4202859
26/12/2016,Feriado Municipal,MUNICIPAL,,SC,4206900
26/12/2016,Feriado Municipal,MUNICIPAL,,SC,4208500
26/12/2016,Feriado Municipal,MUNICIPAL,,SC,4209151
26/12/2016,Feriado Municipal,MUNICIPAL,,SC,4211108
26/12/2016,Feriado Municipal,MUNICIPAL,,SC,4213708
26/12/2016,Feriado Municipal,MUNICIPAL,,SC,4217600
26/12/2016,Feriado Municipal,MUNICIPAL,,SC,4219358
26/12/2016,Feriado Municipal,MUNICIPAL,,SC,4219408
26/12/2016,Feriado Municipal,MUNICIPAL,,SP,3508306
26/12/2016,Feriado Municipal,MUNICIPAL,,TO,1716703
26/12/2016,Segundo Dia de Natal,MUNICIPAL,Segundo Dia de Natal,SC,4214003
26/12/2016,Segundo Natal,MUNICIPAL,"Segundo dia de Natal, conforme lei 1738 de 30 de agosto de 2012",SC,4218608
26/12/2016,Segundo dia de Natal,MUNICIPAL,"Segundo dia de Natal, conforme lei 636, de 24 de novembro de 1997",PR,4106803
26/12/2016,Segundo dia de Natal,MUNICIPAL,"Feriado, de acordo com a lei 3382/05",SC,4207502
27/12/2016,Aniversário,MUNICIPAL,Aniversário da cidade,MG,3157401
27/12/2016,Aniversário da Cidade,MUNICIPAL,Dia do aniversário do Município,MG,3114501
27/12/2016,Aniversário da Cidade,MUNICIPAL,conforme Lei Municipal nº 373 de 16/08/1971,SP,3545407
27/12/2016,Feriado Municipal,MUNICIPAL,,AL,2703106
27/12/2016,Feriado Municipal,MUNICIPAL,,BA,2919926
27/12/2016,Feriado Municipal,MUNICIPAL,,CE,2305209
27/12/2016,Feriado Municipal,MUNICIPAL,,ES,3204104
27/12/2016,Feriado Municipal,MUNICIPAL,,MG,3102902
27/12/2016,Feriado Municipal,MUNICIPAL,,MG,3111309
27/12/2016,Feriado Municipal,MUNICIPAL,,MG,3112802
27/12/2016,Feriado Municipal,MUNICIPAL,,MG,3114204
27/12/2016,Feriado Municipal,MUNICIPAL,,MG,3115003
27/12/2016,Feriado Municipal,MUNICIPAL,,MG,3120201
27/12/2016,Feriado Municipal,MUNICIPAL,,MG,3120607
27/12/2016,Feriado Municipal,MUNICIPAL,,MG,3120805
27/12/2016,Feriado Municipal,MUNICIPAL,,MG,3121803
27/12/2016,Feriado Municipal,MUNICIPAL,,MG,3124500
27/12/2016,Feriado Municipal,MUNICIPAL,,MG,3124708
27/12/2016,Feriado Municipal,MUNICIPAL,,MG,3127305
27/12/2016,Feriado Municipal,MUNICIPAL,,MG,3131000
27/12/2016,Feriado Municipal,MUNICIPAL,,MG,3133402
27/12/2016,Feriado Municipal,MUNICIPAL,,MG,3134103
27/12/2016,Feriado Municipal,MUNICIPAL,,MG,3135605
27/12/2016,Feriado Municipal,MUNICIPAL,,MG,3135902
27/12/2016,Feriado Municipal,MUNICIPAL,,MG,3136009
27/12/2016,Feriado Municipal,MUNICIPAL,,MG,3136900
27/12/2016,Feriado Municipal,MUNICIPAL,,MG,3137205
27/12/2016,Feriado Municipal,MUNICIPAL,,MG,3144300
27/12/2016,Feriado Municipal,MUNICIPAL,,MG,3151909
27/12/2016,Feriado Municipal,MUNICIPAL,,MG,3153004
27/12/2016,Feriado Municipal,MUNICIPAL,,MG,3154705
27/12/2016,Feriado Municipal,MUNICIPAL,,MG,3157104
27/12/2016,Feriado Municipal,MUNICIPAL,,MG,3162807
27/12/2016,Feriado Municipal,MUNICIPAL,,MG,3169000
27/12/2016,Feriado Municipal,MUNICIPAL,,MG,3171204
27/12/2016,Feriado Municipal,MUNICIPAL,,MG,3171600
27/12/2016,Feriado Municipal,MUNICIPAL,,PA,1504950
27/12/2016,Feriado Municipal,MUNICIPAL,,PA,1507151
27/12/2016,Feriado Municipal,MUNICIPAL,,PB,2503001
27/12/2016,Feriado Municipal,MUNICIPAL,,PR,4119400
27/12/2016,Feriado Municipal,MUNICIPAL,,RO,1100452
27/12/2016,Feriado Municipal,MUNICIPAL,,SP,3515186
27/12/2016,Feriado Municipal,MUNICIPAL,,SP,3534757
27/12/2016,Feriado Municipal,MUNICIPAL,,SP,3553609
27/12/2016,São Benedito,MUNICIPAL,Dia de São Benedito,ES,3204906
28/12/2016,Aniversário do Município,MUNICIPAL,Aniversário do Município de Rio Branco - Lei Municipal nº 1.609/2006,AC,1200401
28/12/2016,Feriado Municipal,MUNICIPAL,,BA,2916203
28/12/2016,Feriado Municipal,MUNICIPAL,,BA,2925709
28/12/2016,Feriado Municipal,MUNICIPAL,,CE,2309458
28/12/2016,Feriado Municipal,MUNICIPAL,,CE,2311603
28/12/2016,Feriado Municipal,MUNICIPAL,,MG,3101300
28/12/2016,Feriado Municipal,MUNICIPAL,,MG,3101904
28/12/2016,Feriado Municipal,MUNICIPAL,,MG,3171907
28/12/2016,Feriado Municipal,MUNICIPAL,,PB,2502805
28/12/2016,Feriado Municipal,MUNICIPAL,,PI,2208304
28/12/2016,Feriado Municipal,MUNICIPAL,,RJ,3302452
28/12/2016,Feriado Municipal,MUNICIPAL,,RJ,3305133
28/12/2016,Feriado Municipal,MUNICIPAL,,RJ,3305752
28/12/2016,Feriado Municipal,MUNICIPAL,,RS,4306072
28/12/2016,Feriado Municipal,MUNICIPAL,,RS,4307815
28/12/2016,Feriado Municipal,MUNICIPAL,,RS,4321907
28/12/2016,Feriado Municipal,MUNICIPAL,,RS,4322855
28/12/2016,Feriado Municipal,MUNICIPAL,,SC,4210209
28/12/2016,Feriado Municipal,MUNICIPAL,,SC,4211405
29/12/2016,Aniversário da Cidade,MUNICIPAL,,SC,4214508
29/12/2016,Feriado Municipal,MUNICIPAL,,MG,3169059
29/12/2016,Feriado Municipal,MUNICIPAL,,PA,1501501
29/12/2016,Feriado Municipal,MUNICIPAL,,PA,1502301
29/12/2016,Feriado Municipal,MUNICIPAL,,PA,1503804
29/12/2016,Feriado Municipal,MUNICIPAL,,PA,1506609
29/12/2016,Feriado Municipal,MUNICIPAL,,PB,2507101
29/12/2016,Feriado Municipal,MUNICIPAL,,PE,2603504
29/12/2016,Feriado Municipal,MUNICIPAL,,PE,2605004
29/12/2016,Feriado Municipal,MUNICIPAL,,PE,2607703
29/12/2016,Feriado Municipal,MUNICIPAL,,PE,2611200
29/12/2016,Feriado Municipal,MUNICIPAL,,PE,2611705
29/12/2016,Feriado Municipal,MUNICIPAL,,PE,2612505
29/12/2016,Feriado Municipal,MUNICIPAL,,PE,2615409
29/12/2016,Feriado Municipal,MUNICIPAL,,SC,4200606
29/12/2016,Feriado Municipal,MUNICIPAL,,SC,4201109
29/12/2016,Feriado Municipal,MUNICIPAL,,SC,4206207
29/12/2016,Feriado Municipal,MUNICIPAL,,SC,4212403
29/12/2016,Feriado Municipal,MUNICIPAL,,SC,4215307
29/12/2016,Feriado Municipal,MUNICIPAL,,SC,4215901
29/12/2016,Feriado Municipal,MUNICIPAL,,SP,3504404
30/12/2016,Feriado Municipal,MUNICIPAL,,AM,1300144
30/12/2016,Feriado Municipal,MUNICIPAL,,GO,5213756
30/12/2016,Feriado Municipal,MUNICIPAL,,MA,2110302
30/12/2016,Feriado Municipal,MUNICIPAL,,MG,3127206
30/12/2016,Feriado Municipal,MUNICIPAL,,MG,3132305
30/12/2016,Feriado Municipal,MUNICIPAL,,MG,3133303
30/12/2016,Feriado Municipal,MUNICIPAL,,MG,3146404
30/12/2016,Feriado Municipal,MUNICIPAL,,MG,3151602
30/12/2016,Feriado Municipal,MUNICIPAL,,MG,3161304
30/12/2016,Feriado Municipal,MUNICIPAL,,MG,3166402
30/12/2016,Feriado Municipal,MUNICIPAL,,PA,1505007
30/12/2016,Feriado Municipal,MUNICIPAL,,PA,1507409
30/12/2016,Feriado Municipal,MUNICIPAL,,PE,2603900
30/12/2016,Feriado Municipal,MUNICIPAL,,PE,2613800
30/12/2016,Feriado Municipal,MUNICIPAL,,PR,4125902
30/12/2016,Feriado Municipal,MUNICIPAL,,RN,2412609
30/12/2016,Feriado Municipal,MUNICIPAL,,SC,4210902
30/12/2016,Feriado Municipal,MUNICIPAL,,SC,4212007
30/12/2016,Feriado Municipal,MUNICIPAL,,SC,4212304
30/12/2016,Feriado Municipal,MUNICIPAL,,SC,4212908
30/12/2016,Feriado Municipal,MUNICIPAL,,SC,4217303
30/12/2016,Feriado Municipal,MUNICIPAL,,SP,3505609
30/12/2016,Feriado Municipal,MUNICIPAL,,SP,3508900
30/12/2016,Feriado Municipal,MUNICIPAL,,SP,3513900
30/12/2016,Feriado Municipal,MUNICIPAL,,SP,3516101
30/12/2016,Feriado Municipal,MUNICIPAL,,SP,3517109
30/12/2016,Feriado Municipal,MUNICIPAL,,SP,3519808
30/12/2016,Feriado Municipal,MUNICIPAL,,SP,3527801
30/12/2016,Feriado Municipal,MUNICIPAL,,SP,3532900
30/12/2016,Feriado Municipal,MUNICIPAL,,SP,3539707
30/12/2016,Feriado Municipal,MUNICIPAL,,SP,3543501
30/12/2016,Feriado Municipal,MUNICIPAL,,SP,3545308
30/12/2016,Feriado Municipal,MUNICIPAL,,SP,3553104
30/12/2016,Feriado Municipal,MUNICIPAL,,SP,3556354
31/12/2016,Aniversário do Município,MUNICIPAL,Aniversário do Município de Fraiburgo,SC,4205506
31/12/2016,Emancipação Política de Serra de São Bento,MUNICIPAL,,RN,2413300
31/12/2016,Feriado Municipal,MUNICIPAL,,AP,1600501
31/12/2016,Feriado Municipal,MUNICIPAL,,BA,2905800
31/12/2016,Feriado Municipal,MUNICIPAL,,BA,2909901
31/12/2016,Feriado Municipal,MUNICIPAL,,BA,2928307
31/12/2016,Feriado Municipal,MUNICIPAL,,CE,2313609
31/12/2016,Feriado Municipal,MUNICIPAL,,MA,2104107
31/12/2016,Feriado Municipal,MUNICIPAL,,MA,2104404
31/12/2016,Feriado Municipal,MUNICIPAL,,MG,3104700
31/12/2016,Feriado Municipal,MUNICIPAL,,MG,3107802
31/12/2016,Feriado Municipal,MUNICIPAL,,MG,3116704
31/12/2016,Feriado Municipal,MUNICIPAL,,MG,3118403
31/12/2016,Feriado Municipal,MUNICIPAL,,MG,3132206
31/12/2016,Feriado Municipal,MUNICIPAL,,MG,3134004
31/12/2016,Feriado Municipal,MUNICIPAL,,MG,3134707
31/12/2016,Feriado Municipal,MUNICIPAL,,MG,3146305
31/12/2016,Feriado Municipal,MUNICIPAL,,MG,3156601
31/12/2016,Feriado Municipal,MUNICIPAL,,MG,3161700
31/12/2016,Feriado Municipal,MUNICIPAL,,MG,3162401
31/12/2016,Feriado Municipal,MUNICIPAL,,MG,3164001
31/12/2016,Feriado Municipal,MUNICIPAL,,PA,1508100
31/12/2016,Feriado Municipal,MUNICIPAL,,PA,1508126
31/12/2016,Feriado Municipal,MUNICIPAL,,PB,2510907
31/12/2016,Feriado Municipal,MUNICIPAL,,PE,2600609
31/12/2016,Feriado Municipal,MUNICIPAL,,PE,2610103
31/12/2016,Feriado Municipal,MUNICIPAL,,RJ,3301504
31/12/2016,Feriado Municipal,MUNICIPAL,,RR,1400209
31/12/2016,Feriado Municipal,MUNICIPAL,,RS,4300455
31/12/2016,Feriado Municipal,MUNICIPAL,,RS,4320909
31/12/2016,Feriado Municipal,MUNICIPAL,,RS,4322202
31/12/2016,Feriado Municipal,MUNICIPAL,,SC,4209904
31/12/2016,Feriado Municipal,MUNICIPAL,,SP,3500907
31/12/2016,Feriado Municipal,MUNICIPAL,,SP,3521200
